project_id,company_id,bim360_account_id,company_oxygen_id
967e785d-d83c-490b-8d6a-2ed926c956ac,d260b234-eae6-4c48-a8a0-4c869a1ad2a8,bf996092-8d66-408a-8d8e-5065ca3330c2,523424676
ada6015d-9fce-4f2c-b20f-fc9122d2face,d260b234-eae6-4c48-a8a0-4c869a1ad2a8,bf996092-8d66-408a-8d8e-5065ca3330c2,524042804
23142979-9fb6-4fd3-bd82-62d7e0add75f,cde277da-fa5a-42f5-9930-bae5985bce46,bf996092-8d66-408a-8d8e-5065ca3330c2,539453252
2f551e7d-05e6-4bfc-8ee1-0ef3a8487c11,cde277da-fa5a-42f5-9930-bae5985bce46,bf996092-8d66-408a-8d8e-5065ca3330c2,539453169
77d5fb8c-5d83-4fa8-8c81-169306f7a8f7,cde277da-fa5a-42f5-9930-bae5985bce46,bf996092-8d66-408a-8d8e-5065ca3330c2,539449615
23142979-9fb6-4fd3-bd82-62d7e0add75f,8058f123-140f-4339-92af-14031c66cd40,bf996092-8d66-408a-8d8e-5065ca3330c2,539453315
2f551e7d-05e6-4bfc-8ee1-0ef3a8487c11,8058f123-140f-4339-92af-14031c66cd40,bf996092-8d66-408a-8d8e-5065ca3330c2,539453211
77d5fb8c-5d83-4fa8-8c81-169306f7a8f7,8058f123-140f-4339-92af-14031c66cd40,bf996092-8d66-408a-8d8e-5065ca3330c2,539449587
2f551e7d-05e6-4bfc-8ee1-0ef3a8487c11,749b07f0-9087-4138-9cb1-989ced99a84e,bf996092-8d66-408a-8d8e-5065ca3330c2,566537195
77d5fb8c-5d83-4fa8-8c81-169306f7a8f7,749b07f0-9087-4138-9cb1-989ced99a84e,bf996092-8d66-408a-8d8e-5065ca3330c2,566539932
f6ab14eb-1a66-4ea5-8a0f-0afbda444403,f265158e-5831-47a3-a03f-aa6a2a0ea0c2,bf996092-8d66-408a-8d8e-5065ca3330c2,561332857
ada6015d-9fce-4f2c-b20f-fc9122d2face,71bd8ec2-fa63-4d67-a834-6cbf3ddc88d9,bf996092-8d66-408a-8d8e-5065ca3330c2,530467570
f679f4cf-c089-4a2b-9b84-b14129630601,71bd8ec2-fa63-4d67-a834-6cbf3ddc88d9,bf996092-8d66-408a-8d8e-5065ca3330c2,530426924
2407fb98-b0ae-4470-944d-73b14ccc6347,f15e5ceb-2278-47d3-b62b-1de1ae8f2c86,bf996092-8d66-408a-8d8e-5065ca3330c2,536072883
ada6015d-9fce-4f2c-b20f-fc9122d2face,f15e5ceb-2278-47d3-b62b-1de1ae8f2c86,bf996092-8d66-408a-8d8e-5065ca3330c2,536080009
cbee6c17-cdf8-4f2c-89c3-d6d9d738603e,f15e5ceb-2278-47d3-b62b-1de1ae8f2c86,bf996092-8d66-408a-8d8e-5065ca3330c2,537472470
e9b596f2-48ee-419b-a199-da304b38c398,f15e5ceb-2278-47d3-b62b-1de1ae8f2c86,bf996092-8d66-408a-8d8e-5065ca3330c2,537430798
ada6015d-9fce-4f2c-b20f-fc9122d2face,d25e21c1-f3a2-4e7a-b07e-1c701c831355,bf996092-8d66-408a-8d8e-5065ca3330c2,556235843
1087faa2-780e-45f2-a023-368facf7cc30,aef62720-62c7-4051-adb8-ba653d4e957c,bf996092-8d66-408a-8d8e-5065ca3330c2,501947564
1b9ab417-1b67-460b-a854-2e443d5b6f4f,aef62720-62c7-4051-adb8-ba653d4e957c,bf996092-8d66-408a-8d8e-5065ca3330c2,483093227
23142979-9fb6-4fd3-bd82-62d7e0add75f,aef62720-62c7-4051-adb8-ba653d4e957c,bf996092-8d66-408a-8d8e-5065ca3330c2,495513480
2407fb98-b0ae-4470-944d-73b14ccc6347,aef62720-62c7-4051-adb8-ba653d4e957c,bf996092-8d66-408a-8d8e-5065ca3330c2,531868028
2f551e7d-05e6-4bfc-8ee1-0ef3a8487c11,aef62720-62c7-4051-adb8-ba653d4e957c,bf996092-8d66-408a-8d8e-5065ca3330c2,496206465
3473261e-0400-4f3f-881d-b12012018bee,aef62720-62c7-4051-adb8-ba653d4e957c,bf996092-8d66-408a-8d8e-5065ca3330c2,477069009
61c6206e-6e04-428a-836e-f68959d2a057,aef62720-62c7-4051-adb8-ba653d4e957c,bf996092-8d66-408a-8d8e-5065ca3330c2,558870781
77d5fb8c-5d83-4fa8-8c81-169306f7a8f7,aef62720-62c7-4051-adb8-ba653d4e957c,bf996092-8d66-408a-8d8e-5065ca3330c2,496207685
85aceded-1588-4f99-bfba-6fe212b8cb9a,aef62720-62c7-4051-adb8-ba653d4e957c,bf996092-8d66-408a-8d8e-5065ca3330c2,487052836
967e785d-d83c-490b-8d6a-2ed926c956ac,aef62720-62c7-4051-adb8-ba653d4e957c,bf996092-8d66-408a-8d8e-5065ca3330c2,501949153
ada6015d-9fce-4f2c-b20f-fc9122d2face,aef62720-62c7-4051-adb8-ba653d4e957c,bf996092-8d66-408a-8d8e-5065ca3330c2,490203539
b8edcd70-28bb-4319-af76-e8f8c0a1cd67,aef62720-62c7-4051-adb8-ba653d4e957c,bf996092-8d66-408a-8d8e-5065ca3330c2,531850437
cbee6c17-cdf8-4f2c-89c3-d6d9d738603e,aef62720-62c7-4051-adb8-ba653d4e957c,bf996092-8d66-408a-8d8e-5065ca3330c2,536988834
d3e63b56-0fd8-48c4-a595-b59dec992cd7,aef62720-62c7-4051-adb8-ba653d4e957c,bf996092-8d66-408a-8d8e-5065ca3330c2,488966459
e9b596f2-48ee-419b-a199-da304b38c398,aef62720-62c7-4051-adb8-ba653d4e957c,bf996092-8d66-408a-8d8e-5065ca3330c2,536988620
f679f4cf-c089-4a2b-9b84-b14129630601,aef62720-62c7-4051-adb8-ba653d4e957c,bf996092-8d66-408a-8d8e-5065ca3330c2,501989982
f6ab14eb-1a66-4ea5-8a0f-0afbda444403,aef62720-62c7-4051-adb8-ba653d4e957c,bf996092-8d66-408a-8d8e-5065ca3330c2,531853835
967e785d-d83c-490b-8d6a-2ed926c956ac,dac67700-324b-4afc-a11c-28fb7e2c5f2e,bf996092-8d66-408a-8d8e-5065ca3330c2,502019067
ada6015d-9fce-4f2c-b20f-fc9122d2face,7d525205-382b-4e35-a762-3f0f69a57d43,bf996092-8d66-408a-8d8e-5065ca3330c2,535449296
f679f4cf-c089-4a2b-9b84-b14129630601,7d525205-382b-4e35-a762-3f0f69a57d43,bf996092-8d66-408a-8d8e-5065ca3330c2,502005793
f6ab14eb-1a66-4ea5-8a0f-0afbda444403,7d525205-382b-4e35-a762-3f0f69a57d43,bf996092-8d66-408a-8d8e-5065ca3330c2,535357218
2407fb98-b0ae-4470-944d-73b14ccc6347,d7a5fcd0-001c-4178-a570-66af7fbe26b6,bf996092-8d66-408a-8d8e-5065ca3330c2,535330185
ada6015d-9fce-4f2c-b20f-fc9122d2face,d7a5fcd0-001c-4178-a570-66af7fbe26b6,bf996092-8d66-408a-8d8e-5065ca3330c2,536080017
cbee6c17-cdf8-4f2c-89c3-d6d9d738603e,d7a5fcd0-001c-4178-a570-66af7fbe26b6,bf996092-8d66-408a-8d8e-5065ca3330c2,537473834
e9b596f2-48ee-419b-a199-da304b38c398,d7a5fcd0-001c-4178-a570-66af7fbe26b6,bf996092-8d66-408a-8d8e-5065ca3330c2,537429092
f679f4cf-c089-4a2b-9b84-b14129630601,d7a5fcd0-001c-4178-a570-66af7fbe26b6,bf996092-8d66-408a-8d8e-5065ca3330c2,502006450
f6ab14eb-1a66-4ea5-8a0f-0afbda444403,d7a5fcd0-001c-4178-a570-66af7fbe26b6,bf996092-8d66-408a-8d8e-5065ca3330c2,535347153
967e785d-d83c-490b-8d6a-2ed926c956ac,4bb8a2e2-c330-4d70-86a2-72fe908f61cf,bf996092-8d66-408a-8d8e-5065ca3330c2,502020225
ada6015d-9fce-4f2c-b20f-fc9122d2face,1b51fa53-8472-4238-a32a-9de83cf8611a,bf996092-8d66-408a-8d8e-5065ca3330c2,546251335
f6ab14eb-1a66-4ea5-8a0f-0afbda444403,1b51fa53-8472-4238-a32a-9de83cf8611a,bf996092-8d66-408a-8d8e-5065ca3330c2,546159977
f679f4cf-c089-4a2b-9b84-b14129630601,e009ea24-9ebd-425e-b7b1-524002f34181,bf996092-8d66-408a-8d8e-5065ca3330c2,551110754
23142979-9fb6-4fd3-bd82-62d7e0add75f,a0db0e7f-e573-4560-816b-a3c17527aaaf,bf996092-8d66-408a-8d8e-5065ca3330c2,579769101
1b9ab417-1b67-460b-a854-2e443d5b6f4f,2d6babee-b45b-432a-972c-32177949ddf3,bf996092-8d66-408a-8d8e-5065ca3330c2,535661447
23142979-9fb6-4fd3-bd82-62d7e0add75f,2d6babee-b45b-432a-972c-32177949ddf3,bf996092-8d66-408a-8d8e-5065ca3330c2,529004752
2407fb98-b0ae-4470-944d-73b14ccc6347,2d6babee-b45b-432a-972c-32177949ddf3,bf996092-8d66-408a-8d8e-5065ca3330c2,536525646
2f551e7d-05e6-4bfc-8ee1-0ef3a8487c11,2d6babee-b45b-432a-972c-32177949ddf3,bf996092-8d66-408a-8d8e-5065ca3330c2,529005693
77d5fb8c-5d83-4fa8-8c81-169306f7a8f7,2d6babee-b45b-432a-972c-32177949ddf3,bf996092-8d66-408a-8d8e-5065ca3330c2,529005474
94e46603-a987-42b3-b038-c708d5b5044f,2d6babee-b45b-432a-972c-32177949ddf3,bf996092-8d66-408a-8d8e-5065ca3330c2,536628870
967e785d-d83c-490b-8d6a-2ed926c956ac,2d6babee-b45b-432a-972c-32177949ddf3,bf996092-8d66-408a-8d8e-5065ca3330c2,529004460
ada6015d-9fce-4f2c-b20f-fc9122d2face,2d6babee-b45b-432a-972c-32177949ddf3,bf996092-8d66-408a-8d8e-5065ca3330c2,523400583
b8edcd70-28bb-4319-af76-e8f8c0a1cd67,2d6babee-b45b-432a-972c-32177949ddf3,bf996092-8d66-408a-8d8e-5065ca3330c2,538841477
e9b596f2-48ee-419b-a199-da304b38c398,2d6babee-b45b-432a-972c-32177949ddf3,bf996092-8d66-408a-8d8e-5065ca3330c2,537428684
f679f4cf-c089-4a2b-9b84-b14129630601,2d6babee-b45b-432a-972c-32177949ddf3,bf996092-8d66-408a-8d8e-5065ca3330c2,529004195
f6ab14eb-1a66-4ea5-8a0f-0afbda444403,2d6babee-b45b-432a-972c-32177949ddf3,bf996092-8d66-408a-8d8e-5065ca3330c2,536525472
967e785d-d83c-490b-8d6a-2ed926c956ac,ebffa796-63a5-4dc8-ad3a-f511b5b5894c,bf996092-8d66-408a-8d8e-5065ca3330c2,540120263
f679f4cf-c089-4a2b-9b84-b14129630601,ebffa796-63a5-4dc8-ad3a-f511b5b5894c,bf996092-8d66-408a-8d8e-5065ca3330c2,540124683
f6ab14eb-1a66-4ea5-8a0f-0afbda444403,ebffa796-63a5-4dc8-ad3a-f511b5b5894c,bf996092-8d66-408a-8d8e-5065ca3330c2,540126974
23142979-9fb6-4fd3-bd82-62d7e0add75f,c32a8385-d525-4470-8a04-63221b92d567,bf996092-8d66-408a-8d8e-5065ca3330c2,495513489
2f551e7d-05e6-4bfc-8ee1-0ef3a8487c11,c32a8385-d525-4470-8a04-63221b92d567,bf996092-8d66-408a-8d8e-5065ca3330c2,496206475
77d5fb8c-5d83-4fa8-8c81-169306f7a8f7,c32a8385-d525-4470-8a04-63221b92d567,bf996092-8d66-408a-8d8e-5065ca3330c2,496207667
ada6015d-9fce-4f2c-b20f-fc9122d2face,c32a8385-d525-4470-8a04-63221b92d567,bf996092-8d66-408a-8d8e-5065ca3330c2,491424790
23142979-9fb6-4fd3-bd82-62d7e0add75f,63401c11-99d1-4a33-93a6-a8c26e525969,bf996092-8d66-408a-8d8e-5065ca3330c2,495513492
2f551e7d-05e6-4bfc-8ee1-0ef3a8487c11,63401c11-99d1-4a33-93a6-a8c26e525969,bf996092-8d66-408a-8d8e-5065ca3330c2,496206478
77d5fb8c-5d83-4fa8-8c81-169306f7a8f7,63401c11-99d1-4a33-93a6-a8c26e525969,bf996092-8d66-408a-8d8e-5065ca3330c2,496207670
ada6015d-9fce-4f2c-b20f-fc9122d2face,63401c11-99d1-4a33-93a6-a8c26e525969,bf996092-8d66-408a-8d8e-5065ca3330c2,491424792
23142979-9fb6-4fd3-bd82-62d7e0add75f,4cdf3fd6-d364-45e4-906c-da70ce55ffa6,bf996092-8d66-408a-8d8e-5065ca3330c2,495513495
2f551e7d-05e6-4bfc-8ee1-0ef3a8487c11,4cdf3fd6-d364-45e4-906c-da70ce55ffa6,bf996092-8d66-408a-8d8e-5065ca3330c2,496206481
77d5fb8c-5d83-4fa8-8c81-169306f7a8f7,4cdf3fd6-d364-45e4-906c-da70ce55ffa6,bf996092-8d66-408a-8d8e-5065ca3330c2,496207673
ada6015d-9fce-4f2c-b20f-fc9122d2face,4cdf3fd6-d364-45e4-906c-da70ce55ffa6,bf996092-8d66-408a-8d8e-5065ca3330c2,491424796
23142979-9fb6-4fd3-bd82-62d7e0add75f,d9b41f5c-2ef9-407d-94e3-47c58e405f63,bf996092-8d66-408a-8d8e-5065ca3330c2,495513487
2f551e7d-05e6-4bfc-8ee1-0ef3a8487c11,d9b41f5c-2ef9-407d-94e3-47c58e405f63,bf996092-8d66-408a-8d8e-5065ca3330c2,496206473
77d5fb8c-5d83-4fa8-8c81-169306f7a8f7,d9b41f5c-2ef9-407d-94e3-47c58e405f63,bf996092-8d66-408a-8d8e-5065ca3330c2,496207665
ada6015d-9fce-4f2c-b20f-fc9122d2face,d9b41f5c-2ef9-407d-94e3-47c58e405f63,bf996092-8d66-408a-8d8e-5065ca3330c2,491424788
23142979-9fb6-4fd3-bd82-62d7e0add75f,b90c8498-0ead-4df0-ac6e-cf5bd7eb2b46,bf996092-8d66-408a-8d8e-5065ca3330c2,495513501
2f551e7d-05e6-4bfc-8ee1-0ef3a8487c11,b90c8498-0ead-4df0-ac6e-cf5bd7eb2b46,bf996092-8d66-408a-8d8e-5065ca3330c2,496206487
77d5fb8c-5d83-4fa8-8c81-169306f7a8f7,b90c8498-0ead-4df0-ac6e-cf5bd7eb2b46,bf996092-8d66-408a-8d8e-5065ca3330c2,496207679
ada6015d-9fce-4f2c-b20f-fc9122d2face,b90c8498-0ead-4df0-ac6e-cf5bd7eb2b46,bf996092-8d66-408a-8d8e-5065ca3330c2,491424802
23142979-9fb6-4fd3-bd82-62d7e0add75f,1c522eea-eb4f-4030-a78e-4f19f3d1e56e,bf996092-8d66-408a-8d8e-5065ca3330c2,495513503
2f551e7d-05e6-4bfc-8ee1-0ef3a8487c11,1c522eea-eb4f-4030-a78e-4f19f3d1e56e,bf996092-8d66-408a-8d8e-5065ca3330c2,496206515
77d5fb8c-5d83-4fa8-8c81-169306f7a8f7,1c522eea-eb4f-4030-a78e-4f19f3d1e56e,bf996092-8d66-408a-8d8e-5065ca3330c2,496207681
ada6015d-9fce-4f2c-b20f-fc9122d2face,1c522eea-eb4f-4030-a78e-4f19f3d1e56e,bf996092-8d66-408a-8d8e-5065ca3330c2,491424804
23142979-9fb6-4fd3-bd82-62d7e0add75f,58505617-d6d1-4057-968c-69c91d7e7cb9,bf996092-8d66-408a-8d8e-5065ca3330c2,495513498
2f551e7d-05e6-4bfc-8ee1-0ef3a8487c11,58505617-d6d1-4057-968c-69c91d7e7cb9,bf996092-8d66-408a-8d8e-5065ca3330c2,496206484
77d5fb8c-5d83-4fa8-8c81-169306f7a8f7,58505617-d6d1-4057-968c-69c91d7e7cb9,bf996092-8d66-408a-8d8e-5065ca3330c2,496207676
ada6015d-9fce-4f2c-b20f-fc9122d2face,58505617-d6d1-4057-968c-69c91d7e7cb9,bf996092-8d66-408a-8d8e-5065ca3330c2,491424798
23142979-9fb6-4fd3-bd82-62d7e0add75f,4bd42c58-7da6-446e-bab6-9c4bb2789d0d,bf996092-8d66-408a-8d8e-5065ca3330c2,495513490
2f551e7d-05e6-4bfc-8ee1-0ef3a8487c11,4bd42c58-7da6-446e-bab6-9c4bb2789d0d,bf996092-8d66-408a-8d8e-5065ca3330c2,496206476
77d5fb8c-5d83-4fa8-8c81-169306f7a8f7,4bd42c58-7da6-446e-bab6-9c4bb2789d0d,bf996092-8d66-408a-8d8e-5065ca3330c2,496207668
ada6015d-9fce-4f2c-b20f-fc9122d2face,4bd42c58-7da6-446e-bab6-9c4bb2789d0d,bf996092-8d66-408a-8d8e-5065ca3330c2,491424791
23142979-9fb6-4fd3-bd82-62d7e0add75f,c83760d4-5a04-400a-b8ac-ca4b039d44db,bf996092-8d66-408a-8d8e-5065ca3330c2,495513491
2f551e7d-05e6-4bfc-8ee1-0ef3a8487c11,c83760d4-5a04-400a-b8ac-ca4b039d44db,bf996092-8d66-408a-8d8e-5065ca3330c2,496206477
77d5fb8c-5d83-4fa8-8c81-169306f7a8f7,c83760d4-5a04-400a-b8ac-ca4b039d44db,bf996092-8d66-408a-8d8e-5065ca3330c2,496207669
ada6015d-9fce-4f2c-b20f-fc9122d2face,c83760d4-5a04-400a-b8ac-ca4b039d44db,bf996092-8d66-408a-8d8e-5065ca3330c2,491424794
23142979-9fb6-4fd3-bd82-62d7e0add75f,f7ec7d83-280d-4113-98b9-779a9fcd2e25,bf996092-8d66-408a-8d8e-5065ca3330c2,495513493
2f551e7d-05e6-4bfc-8ee1-0ef3a8487c11,f7ec7d83-280d-4113-98b9-779a9fcd2e25,bf996092-8d66-408a-8d8e-5065ca3330c2,496206479
77d5fb8c-5d83-4fa8-8c81-169306f7a8f7,f7ec7d83-280d-4113-98b9-779a9fcd2e25,bf996092-8d66-408a-8d8e-5065ca3330c2,496207671
ada6015d-9fce-4f2c-b20f-fc9122d2face,f7ec7d83-280d-4113-98b9-779a9fcd2e25,bf996092-8d66-408a-8d8e-5065ca3330c2,491424793
23142979-9fb6-4fd3-bd82-62d7e0add75f,69a62377-ccc5-438b-b1dc-ab40c47d9155,bf996092-8d66-408a-8d8e-5065ca3330c2,495513502
2f551e7d-05e6-4bfc-8ee1-0ef3a8487c11,69a62377-ccc5-438b-b1dc-ab40c47d9155,bf996092-8d66-408a-8d8e-5065ca3330c2,496206490
77d5fb8c-5d83-4fa8-8c81-169306f7a8f7,69a62377-ccc5-438b-b1dc-ab40c47d9155,bf996092-8d66-408a-8d8e-5065ca3330c2,496207680
ada6015d-9fce-4f2c-b20f-fc9122d2face,69a62377-ccc5-438b-b1dc-ab40c47d9155,bf996092-8d66-408a-8d8e-5065ca3330c2,491424803
23142979-9fb6-4fd3-bd82-62d7e0add75f,ac903901-db99-400f-a48e-52bad0003c3f,bf996092-8d66-408a-8d8e-5065ca3330c2,495513500
2407fb98-b0ae-4470-944d-73b14ccc6347,ac903901-db99-400f-a48e-52bad0003c3f,bf996092-8d66-408a-8d8e-5065ca3330c2,535337253
2f551e7d-05e6-4bfc-8ee1-0ef3a8487c11,ac903901-db99-400f-a48e-52bad0003c3f,bf996092-8d66-408a-8d8e-5065ca3330c2,496206486
77d5fb8c-5d83-4fa8-8c81-169306f7a8f7,ac903901-db99-400f-a48e-52bad0003c3f,bf996092-8d66-408a-8d8e-5065ca3330c2,496207678
967e785d-d83c-490b-8d6a-2ed926c956ac,ac903901-db99-400f-a48e-52bad0003c3f,bf996092-8d66-408a-8d8e-5065ca3330c2,502022281
ada6015d-9fce-4f2c-b20f-fc9122d2face,ac903901-db99-400f-a48e-52bad0003c3f,bf996092-8d66-408a-8d8e-5065ca3330c2,491424801
cbee6c17-cdf8-4f2c-89c3-d6d9d738603e,ac903901-db99-400f-a48e-52bad0003c3f,bf996092-8d66-408a-8d8e-5065ca3330c2,537470236
e9b596f2-48ee-419b-a199-da304b38c398,ac903901-db99-400f-a48e-52bad0003c3f,bf996092-8d66-408a-8d8e-5065ca3330c2,537430231
f679f4cf-c089-4a2b-9b84-b14129630601,ac903901-db99-400f-a48e-52bad0003c3f,bf996092-8d66-408a-8d8e-5065ca3330c2,502006488
f6ab14eb-1a66-4ea5-8a0f-0afbda444403,ac903901-db99-400f-a48e-52bad0003c3f,bf996092-8d66-408a-8d8e-5065ca3330c2,535359549
23142979-9fb6-4fd3-bd82-62d7e0add75f,f424a4c5-9655-46f8-8a14-7c6dbc0d40f3,bf996092-8d66-408a-8d8e-5065ca3330c2,495513494
2f551e7d-05e6-4bfc-8ee1-0ef3a8487c11,f424a4c5-9655-46f8-8a14-7c6dbc0d40f3,bf996092-8d66-408a-8d8e-5065ca3330c2,496206480
77d5fb8c-5d83-4fa8-8c81-169306f7a8f7,f424a4c5-9655-46f8-8a14-7c6dbc0d40f3,bf996092-8d66-408a-8d8e-5065ca3330c2,496207672
ada6015d-9fce-4f2c-b20f-fc9122d2face,f424a4c5-9655-46f8-8a14-7c6dbc0d40f3,bf996092-8d66-408a-8d8e-5065ca3330c2,491424795
23142979-9fb6-4fd3-bd82-62d7e0add75f,a5c4c48f-61b8-4133-a860-7ce253e379b6,bf996092-8d66-408a-8d8e-5065ca3330c2,495513486
2f551e7d-05e6-4bfc-8ee1-0ef3a8487c11,a5c4c48f-61b8-4133-a860-7ce253e379b6,bf996092-8d66-408a-8d8e-5065ca3330c2,496206472
77d5fb8c-5d83-4fa8-8c81-169306f7a8f7,a5c4c48f-61b8-4133-a860-7ce253e379b6,bf996092-8d66-408a-8d8e-5065ca3330c2,496207664
ada6015d-9fce-4f2c-b20f-fc9122d2face,a5c4c48f-61b8-4133-a860-7ce253e379b6,bf996092-8d66-408a-8d8e-5065ca3330c2,491424787
23142979-9fb6-4fd3-bd82-62d7e0add75f,aa1dfcc9-d467-4737-a965-4205b744b4dd,bf996092-8d66-408a-8d8e-5065ca3330c2,495513488
2f551e7d-05e6-4bfc-8ee1-0ef3a8487c11,aa1dfcc9-d467-4737-a965-4205b744b4dd,bf996092-8d66-408a-8d8e-5065ca3330c2,496206474
77d5fb8c-5d83-4fa8-8c81-169306f7a8f7,aa1dfcc9-d467-4737-a965-4205b744b4dd,bf996092-8d66-408a-8d8e-5065ca3330c2,496207666
ada6015d-9fce-4f2c-b20f-fc9122d2face,aa1dfcc9-d467-4737-a965-4205b744b4dd,bf996092-8d66-408a-8d8e-5065ca3330c2,491424789
23142979-9fb6-4fd3-bd82-62d7e0add75f,287efcec-d653-4e6f-a8d0-57e32afab105,bf996092-8d66-408a-8d8e-5065ca3330c2,495513496
2f551e7d-05e6-4bfc-8ee1-0ef3a8487c11,287efcec-d653-4e6f-a8d0-57e32afab105,bf996092-8d66-408a-8d8e-5065ca3330c2,496206482
77d5fb8c-5d83-4fa8-8c81-169306f7a8f7,287efcec-d653-4e6f-a8d0-57e32afab105,bf996092-8d66-408a-8d8e-5065ca3330c2,496207674
ada6015d-9fce-4f2c-b20f-fc9122d2face,287efcec-d653-4e6f-a8d0-57e32afab105,bf996092-8d66-408a-8d8e-5065ca3330c2,491424786
23142979-9fb6-4fd3-bd82-62d7e0add75f,61a3b616-1efe-4bf5-83ab-bf769e0a9317,bf996092-8d66-408a-8d8e-5065ca3330c2,495513497
2f551e7d-05e6-4bfc-8ee1-0ef3a8487c11,61a3b616-1efe-4bf5-83ab-bf769e0a9317,bf996092-8d66-408a-8d8e-5065ca3330c2,496206483
77d5fb8c-5d83-4fa8-8c81-169306f7a8f7,61a3b616-1efe-4bf5-83ab-bf769e0a9317,bf996092-8d66-408a-8d8e-5065ca3330c2,496207675
ada6015d-9fce-4f2c-b20f-fc9122d2face,61a3b616-1efe-4bf5-83ab-bf769e0a9317,bf996092-8d66-408a-8d8e-5065ca3330c2,491424797
23142979-9fb6-4fd3-bd82-62d7e0add75f,b517d3f1-c037-4826-ac4a-da17100bad43,bf996092-8d66-408a-8d8e-5065ca3330c2,495513499
2f551e7d-05e6-4bfc-8ee1-0ef3a8487c11,b517d3f1-c037-4826-ac4a-da17100bad43,bf996092-8d66-408a-8d8e-5065ca3330c2,496206485
77d5fb8c-5d83-4fa8-8c81-169306f7a8f7,b517d3f1-c037-4826-ac4a-da17100bad43,bf996092-8d66-408a-8d8e-5065ca3330c2,496207677
ada6015d-9fce-4f2c-b20f-fc9122d2face,b517d3f1-c037-4826-ac4a-da17100bad43,bf996092-8d66-408a-8d8e-5065ca3330c2,491424800
23142979-9fb6-4fd3-bd82-62d7e0add75f,ac8d580f-cca3-40de-a5b1-3b6f190f7fe9,bf996092-8d66-408a-8d8e-5065ca3330c2,495513504
2f551e7d-05e6-4bfc-8ee1-0ef3a8487c11,ac8d580f-cca3-40de-a5b1-3b6f190f7fe9,bf996092-8d66-408a-8d8e-5065ca3330c2,496206516
77d5fb8c-5d83-4fa8-8c81-169306f7a8f7,ac8d580f-cca3-40de-a5b1-3b6f190f7fe9,bf996092-8d66-408a-8d8e-5065ca3330c2,496207682
ada6015d-9fce-4f2c-b20f-fc9122d2face,ac8d580f-cca3-40de-a5b1-3b6f190f7fe9,bf996092-8d66-408a-8d8e-5065ca3330c2,491424799
