bim360_project_id,bim360_account_id,product_key,status,created_at
5f478d4c-bbba-42cf-9532-4c830f687b31,bf996092-8d66-408a-8d8e-5065ca3330c2,insight,active,2025-06-09 07:21:41.788
5f478d4c-bbba-42cf-9532-4c830f687b31,bf996092-8d66-408a-8d8e-5065ca3330c2,financials,active,2025-06-09 07:21:41.788
5f478d4c-bbba-42cf-9532-4c830f687b31,bf996092-8d66-408a-8d8e-5065ca3330c2,autoSpecs,active,2025-06-09 07:21:41.788
5f478d4c-bbba-42cf-9532-4c830f687b31,bf996092-8d66-408a-8d8e-5065ca3330c2,cost,active,2025-06-09 07:21:41.788
5f478d4c-bbba-42cf-9532-4c830f687b31,bf996092-8d66-408a-8d8e-5065ca3330c2,designCollaboration,active,2025-06-09 07:21:41.788
5f478d4c-bbba-42cf-9532-4c830f687b31,bf996092-8d66-408a-8d8e-5065ca3330c2,modelCoordination,active,2025-06-09 07:21:41.788
5f478d4c-bbba-42cf-9532-4c830f687b31,bf996092-8d66-408a-8d8e-5065ca3330c2,build,active,2025-06-09 07:21:41.788
5f478d4c-bbba-42cf-9532-4c830f687b31,bf996092-8d66-408a-8d8e-5065ca3330c2,takeoff,active,2025-06-09 07:21:41.788
5f478d4c-bbba-42cf-9532-4c830f687b31,bf996092-8d66-408a-8d8e-5065ca3330c2,buildingConnected,active,2025-06-09 07:21:41.788
5f478d4c-bbba-42cf-9532-4c830f687b31,bf996092-8d66-408a-8d8e-5065ca3330c2,forma,active,2025-06-09 07:21:41.788
5f478d4c-bbba-42cf-9532-4c830f687b31,bf996092-8d66-408a-8d8e-5065ca3330c2,workshopxr,active,2025-06-09 07:21:41.788
5f478d4c-bbba-42cf-9532-4c830f687b31,bf996092-8d66-408a-8d8e-5065ca3330c2,capitalPlanning,active,2025-06-09 07:21:41.788
5f478d4c-bbba-42cf-9532-4c830f687b31,bf996092-8d66-408a-8d8e-5065ca3330c2,docs,active,2025-06-09 07:21:41.788
1087faa2-780e-45f2-a023-368facf7cc30,bf996092-8d66-408a-8d8e-5065ca3330c2,financials,active,2025-03-21 06:32:57.69
1087faa2-780e-45f2-a023-368facf7cc30,bf996092-8d66-408a-8d8e-5065ca3330c2,designCollaboration,active,2025-03-21 06:32:57.69
1087faa2-780e-45f2-a023-368facf7cc30,bf996092-8d66-408a-8d8e-5065ca3330c2,insight,active,2025-03-21 06:32:57.69
1087faa2-780e-45f2-a023-368facf7cc30,bf996092-8d66-408a-8d8e-5065ca3330c2,cost,active,2025-03-21 06:32:57.69
1087faa2-780e-45f2-a023-368facf7cc30,bf996092-8d66-408a-8d8e-5065ca3330c2,buildingConnected,active,2025-03-21 06:32:57.69
1087faa2-780e-45f2-a023-368facf7cc30,bf996092-8d66-408a-8d8e-5065ca3330c2,workshopxr,active,2025-03-21 06:32:57.69
1087faa2-780e-45f2-a023-368facf7cc30,bf996092-8d66-408a-8d8e-5065ca3330c2,takeoff,active,2025-03-21 06:32:57.69
1087faa2-780e-45f2-a023-368facf7cc30,bf996092-8d66-408a-8d8e-5065ca3330c2,modelCoordination,active,2025-03-21 06:32:57.69
1087faa2-780e-45f2-a023-368facf7cc30,bf996092-8d66-408a-8d8e-5065ca3330c2,autoSpecs,active,2025-03-21 06:32:57.69
1087faa2-780e-45f2-a023-368facf7cc30,bf996092-8d66-408a-8d8e-5065ca3330c2,capitalPlanning,active,2025-03-21 06:32:57.69
1087faa2-780e-45f2-a023-368facf7cc30,bf996092-8d66-408a-8d8e-5065ca3330c2,build,active,2025-03-21 06:32:57.69
1087faa2-780e-45f2-a023-368facf7cc30,bf996092-8d66-408a-8d8e-5065ca3330c2,docs,active,2025-03-21 06:32:57.69
967e785d-d83c-490b-8d6a-2ed926c956ac,bf996092-8d66-408a-8d8e-5065ca3330c2,takeoff,active,2025-03-21 06:44:38.968
967e785d-d83c-490b-8d6a-2ed926c956ac,bf996092-8d66-408a-8d8e-5065ca3330c2,modelCoordination,active,2025-03-21 06:44:38.968
967e785d-d83c-490b-8d6a-2ed926c956ac,bf996092-8d66-408a-8d8e-5065ca3330c2,autoSpecs,active,2025-03-21 06:44:38.968
967e785d-d83c-490b-8d6a-2ed926c956ac,bf996092-8d66-408a-8d8e-5065ca3330c2,financials,active,2025-03-21 06:44:38.968
967e785d-d83c-490b-8d6a-2ed926c956ac,bf996092-8d66-408a-8d8e-5065ca3330c2,cost,active,2025-03-21 06:44:38.968
967e785d-d83c-490b-8d6a-2ed926c956ac,bf996092-8d66-408a-8d8e-5065ca3330c2,capitalPlanning,active,2025-03-21 06:44:38.968
967e785d-d83c-490b-8d6a-2ed926c956ac,bf996092-8d66-408a-8d8e-5065ca3330c2,build,active,2025-03-21 06:44:38.969
967e785d-d83c-490b-8d6a-2ed926c956ac,bf996092-8d66-408a-8d8e-5065ca3330c2,designCollaboration,active,2025-03-21 06:44:38.968
967e785d-d83c-490b-8d6a-2ed926c956ac,bf996092-8d66-408a-8d8e-5065ca3330c2,buildingConnected,active,2025-03-21 06:44:38.968
967e785d-d83c-490b-8d6a-2ed926c956ac,bf996092-8d66-408a-8d8e-5065ca3330c2,workshopxr,active,2025-03-21 06:44:38.968
967e785d-d83c-490b-8d6a-2ed926c956ac,bf996092-8d66-408a-8d8e-5065ca3330c2,insight,active,2025-03-21 06:44:38.968
967e785d-d83c-490b-8d6a-2ed926c956ac,bf996092-8d66-408a-8d8e-5065ca3330c2,docs,active,2025-03-21 06:44:38.968
f679f4cf-c089-4a2b-9b84-b14129630601,bf996092-8d66-408a-8d8e-5065ca3330c2,cost,active,2025-03-21 09:12:55.852
f679f4cf-c089-4a2b-9b84-b14129630601,bf996092-8d66-408a-8d8e-5065ca3330c2,buildingConnected,active,2025-03-21 09:12:55.852
f679f4cf-c089-4a2b-9b84-b14129630601,bf996092-8d66-408a-8d8e-5065ca3330c2,capitalPlanning,active,2025-03-21 09:12:55.852
f679f4cf-c089-4a2b-9b84-b14129630601,bf996092-8d66-408a-8d8e-5065ca3330c2,modelCoordination,active,2025-03-21 09:12:55.852
f679f4cf-c089-4a2b-9b84-b14129630601,bf996092-8d66-408a-8d8e-5065ca3330c2,financials,active,2025-03-21 09:12:55.852
f679f4cf-c089-4a2b-9b84-b14129630601,bf996092-8d66-408a-8d8e-5065ca3330c2,takeoff,active,2025-03-21 09:12:55.852
f679f4cf-c089-4a2b-9b84-b14129630601,bf996092-8d66-408a-8d8e-5065ca3330c2,build,active,2025-03-21 09:12:55.852
f679f4cf-c089-4a2b-9b84-b14129630601,bf996092-8d66-408a-8d8e-5065ca3330c2,insight,active,2025-03-21 09:12:55.852
f679f4cf-c089-4a2b-9b84-b14129630601,bf996092-8d66-408a-8d8e-5065ca3330c2,designCollaboration,active,2025-03-21 09:12:55.852
f679f4cf-c089-4a2b-9b84-b14129630601,bf996092-8d66-408a-8d8e-5065ca3330c2,workshopxr,active,2025-03-21 09:12:55.852
f679f4cf-c089-4a2b-9b84-b14129630601,bf996092-8d66-408a-8d8e-5065ca3330c2,autoSpecs,active,2025-03-21 09:12:55.852
f679f4cf-c089-4a2b-9b84-b14129630601,bf996092-8d66-408a-8d8e-5065ca3330c2,docs,active,2025-03-21 09:12:55.852
f6ab14eb-1a66-4ea5-8a0f-0afbda444403,bf996092-8d66-408a-8d8e-5065ca3330c2,docs,active,2025-05-21 10:51:00.726
2407fb98-b0ae-4470-944d-73b14ccc6347,bf996092-8d66-408a-8d8e-5065ca3330c2,buildingConnected,active,2025-05-21 11:29:23.872
2407fb98-b0ae-4470-944d-73b14ccc6347,bf996092-8d66-408a-8d8e-5065ca3330c2,financials,active,2025-05-21 11:29:23.872
2407fb98-b0ae-4470-944d-73b14ccc6347,bf996092-8d66-408a-8d8e-5065ca3330c2,takeoff,active,2025-05-21 11:29:23.872
2407fb98-b0ae-4470-944d-73b14ccc6347,bf996092-8d66-408a-8d8e-5065ca3330c2,autoSpecs,active,2025-05-21 11:29:23.872
2407fb98-b0ae-4470-944d-73b14ccc6347,bf996092-8d66-408a-8d8e-5065ca3330c2,forma,active,2025-05-21 11:29:23.872
2407fb98-b0ae-4470-944d-73b14ccc6347,bf996092-8d66-408a-8d8e-5065ca3330c2,designCollaboration,active,2025-05-21 11:29:23.872
2407fb98-b0ae-4470-944d-73b14ccc6347,bf996092-8d66-408a-8d8e-5065ca3330c2,cost,active,2025-05-21 11:29:23.872
2407fb98-b0ae-4470-944d-73b14ccc6347,bf996092-8d66-408a-8d8e-5065ca3330c2,modelCoordination,active,2025-05-21 11:29:23.872
2407fb98-b0ae-4470-944d-73b14ccc6347,bf996092-8d66-408a-8d8e-5065ca3330c2,insight,active,2025-05-21 11:29:23.872
2407fb98-b0ae-4470-944d-73b14ccc6347,bf996092-8d66-408a-8d8e-5065ca3330c2,build,active,2025-05-21 11:29:23.872
2407fb98-b0ae-4470-944d-73b14ccc6347,bf996092-8d66-408a-8d8e-5065ca3330c2,workshopxr,active,2025-05-21 11:29:23.872
2407fb98-b0ae-4470-944d-73b14ccc6347,bf996092-8d66-408a-8d8e-5065ca3330c2,capitalPlanning,active,2025-05-21 11:29:23.872
2407fb98-b0ae-4470-944d-73b14ccc6347,bf996092-8d66-408a-8d8e-5065ca3330c2,docs,active,2025-05-21 11:29:23.872
61c6206e-6e04-428a-836e-f68959d2a057,bf996092-8d66-408a-8d8e-5065ca3330c2,workshopxr,active,2025-07-16 11:22:39.347
61c6206e-6e04-428a-836e-f68959d2a057,bf996092-8d66-408a-8d8e-5065ca3330c2,autoSpecs,active,2025-07-16 11:22:39.347
61c6206e-6e04-428a-836e-f68959d2a057,bf996092-8d66-408a-8d8e-5065ca3330c2,takeoff,active,2025-07-16 11:22:39.347
61c6206e-6e04-428a-836e-f68959d2a057,bf996092-8d66-408a-8d8e-5065ca3330c2,designCollaboration,active,2025-07-16 11:22:39.347
61c6206e-6e04-428a-836e-f68959d2a057,bf996092-8d66-408a-8d8e-5065ca3330c2,cost,active,2025-07-16 11:22:39.347
61c6206e-6e04-428a-836e-f68959d2a057,bf996092-8d66-408a-8d8e-5065ca3330c2,forma,active,2025-07-16 11:22:39.347
61c6206e-6e04-428a-836e-f68959d2a057,bf996092-8d66-408a-8d8e-5065ca3330c2,modelCoordination,active,2025-07-16 11:22:39.347
61c6206e-6e04-428a-836e-f68959d2a057,bf996092-8d66-408a-8d8e-5065ca3330c2,financials,active,2025-07-16 11:22:39.347
61c6206e-6e04-428a-836e-f68959d2a057,bf996092-8d66-408a-8d8e-5065ca3330c2,build,active,2025-07-16 11:22:39.347
61c6206e-6e04-428a-836e-f68959d2a057,bf996092-8d66-408a-8d8e-5065ca3330c2,insight,active,2025-07-16 11:22:39.347
61c6206e-6e04-428a-836e-f68959d2a057,bf996092-8d66-408a-8d8e-5065ca3330c2,buildingConnected,active,2025-07-16 11:22:39.347
61c6206e-6e04-428a-836e-f68959d2a057,bf996092-8d66-408a-8d8e-5065ca3330c2,capitalPlanning,active,2025-07-16 11:22:39.347
61c6206e-6e04-428a-836e-f68959d2a057,bf996092-8d66-408a-8d8e-5065ca3330c2,docs,active,2025-07-16 11:22:39.347
967e785d-d83c-490b-8d6a-2ed926c956ac,bf996092-8d66-408a-8d8e-5065ca3330c2,forma,active,2025-08-06 21:01:08.62
1087faa2-780e-45f2-a023-368facf7cc30,bf996092-8d66-408a-8d8e-5065ca3330c2,forma,active,2025-08-06 23:00:21.571
77d5fb8c-5d83-4fa8-8c81-169306f7a8f7,bf996092-8d66-408a-8d8e-5065ca3330c2,forma,active,2025-08-14 09:00:01.873
85aceded-1588-4f99-bfba-6fe212b8cb9a,bf996092-8d66-408a-8d8e-5065ca3330c2,workshopxr,active,2025-02-18 04:41:52.819
85aceded-1588-4f99-bfba-6fe212b8cb9a,bf996092-8d66-408a-8d8e-5065ca3330c2,capitalPlanning,active,2025-02-18 04:41:52.819
85aceded-1588-4f99-bfba-6fe212b8cb9a,bf996092-8d66-408a-8d8e-5065ca3330c2,cost,active,2025-02-18 04:41:52.819
85aceded-1588-4f99-bfba-6fe212b8cb9a,bf996092-8d66-408a-8d8e-5065ca3330c2,insight,active,2025-02-18 04:41:52.819
85aceded-1588-4f99-bfba-6fe212b8cb9a,bf996092-8d66-408a-8d8e-5065ca3330c2,designCollaboration,active,2025-02-18 04:41:52.819
85aceded-1588-4f99-bfba-6fe212b8cb9a,bf996092-8d66-408a-8d8e-5065ca3330c2,modelCoordination,active,2025-02-18 04:41:52.819
85aceded-1588-4f99-bfba-6fe212b8cb9a,bf996092-8d66-408a-8d8e-5065ca3330c2,takeoff,active,2025-02-18 04:41:52.819
85aceded-1588-4f99-bfba-6fe212b8cb9a,bf996092-8d66-408a-8d8e-5065ca3330c2,build,active,2025-02-18 04:41:52.819
85aceded-1588-4f99-bfba-6fe212b8cb9a,bf996092-8d66-408a-8d8e-5065ca3330c2,autoSpecs,active,2025-02-18 04:41:52.819
85aceded-1588-4f99-bfba-6fe212b8cb9a,bf996092-8d66-408a-8d8e-5065ca3330c2,buildingConnected,active,2025-02-18 04:41:52.819
85aceded-1588-4f99-bfba-6fe212b8cb9a,bf996092-8d66-408a-8d8e-5065ca3330c2,financials,active,2025-02-18 04:41:52.819
85aceded-1588-4f99-bfba-6fe212b8cb9a,bf996092-8d66-408a-8d8e-5065ca3330c2,docs,active,2025-02-18 04:41:52.819
a53412bd-7461-4097-8404-e9dca9bf8ebe,bf996092-8d66-408a-8d8e-5065ca3330c2,insight,active,2025-06-10 11:53:14.244
a53412bd-7461-4097-8404-e9dca9bf8ebe,bf996092-8d66-408a-8d8e-5065ca3330c2,buildingConnected,active,2025-06-10 11:53:14.244
a53412bd-7461-4097-8404-e9dca9bf8ebe,bf996092-8d66-408a-8d8e-5065ca3330c2,workshopxr,active,2025-06-10 11:53:14.244
a53412bd-7461-4097-8404-e9dca9bf8ebe,bf996092-8d66-408a-8d8e-5065ca3330c2,build,active,2025-06-10 11:53:14.244
a53412bd-7461-4097-8404-e9dca9bf8ebe,bf996092-8d66-408a-8d8e-5065ca3330c2,autoSpecs,active,2025-06-10 11:53:14.244
a53412bd-7461-4097-8404-e9dca9bf8ebe,bf996092-8d66-408a-8d8e-5065ca3330c2,designCollaboration,active,2025-06-10 11:53:14.244
a53412bd-7461-4097-8404-e9dca9bf8ebe,bf996092-8d66-408a-8d8e-5065ca3330c2,modelCoordination,active,2025-06-10 11:53:14.244
a53412bd-7461-4097-8404-e9dca9bf8ebe,bf996092-8d66-408a-8d8e-5065ca3330c2,financials,active,2025-06-10 11:53:14.244
a53412bd-7461-4097-8404-e9dca9bf8ebe,bf996092-8d66-408a-8d8e-5065ca3330c2,capitalPlanning,active,2025-06-10 11:53:14.244
a53412bd-7461-4097-8404-e9dca9bf8ebe,bf996092-8d66-408a-8d8e-5065ca3330c2,takeoff,active,2025-06-10 11:53:14.244
a53412bd-7461-4097-8404-e9dca9bf8ebe,bf996092-8d66-408a-8d8e-5065ca3330c2,forma,active,2025-06-10 11:53:14.244
a53412bd-7461-4097-8404-e9dca9bf8ebe,bf996092-8d66-408a-8d8e-5065ca3330c2,cost,active,2025-06-10 11:53:14.244
a53412bd-7461-4097-8404-e9dca9bf8ebe,bf996092-8d66-408a-8d8e-5065ca3330c2,docs,active,2025-06-10 11:53:14.244
b8edcd70-28bb-4319-af76-e8f8c0a1cd67,bf996092-8d66-408a-8d8e-5065ca3330c2,buildingConnected,active,2025-05-21 10:38:23.872
b8edcd70-28bb-4319-af76-e8f8c0a1cd67,bf996092-8d66-408a-8d8e-5065ca3330c2,workshopxr,active,2025-05-21 10:38:23.872
b8edcd70-28bb-4319-af76-e8f8c0a1cd67,bf996092-8d66-408a-8d8e-5065ca3330c2,capitalPlanning,active,2025-05-21 10:38:23.872
b8edcd70-28bb-4319-af76-e8f8c0a1cd67,bf996092-8d66-408a-8d8e-5065ca3330c2,insight,active,2025-05-21 10:38:23.872
b8edcd70-28bb-4319-af76-e8f8c0a1cd67,bf996092-8d66-408a-8d8e-5065ca3330c2,takeoff,active,2025-05-21 10:38:23.872
b8edcd70-28bb-4319-af76-e8f8c0a1cd67,bf996092-8d66-408a-8d8e-5065ca3330c2,modelCoordination,active,2025-05-21 10:38:23.872
b8edcd70-28bb-4319-af76-e8f8c0a1cd67,bf996092-8d66-408a-8d8e-5065ca3330c2,cost,active,2025-05-21 10:38:23.872
b8edcd70-28bb-4319-af76-e8f8c0a1cd67,bf996092-8d66-408a-8d8e-5065ca3330c2,designCollaboration,active,2025-05-21 10:38:23.872
b8edcd70-28bb-4319-af76-e8f8c0a1cd67,bf996092-8d66-408a-8d8e-5065ca3330c2,forma,active,2025-05-21 10:38:23.872
b8edcd70-28bb-4319-af76-e8f8c0a1cd67,bf996092-8d66-408a-8d8e-5065ca3330c2,autoSpecs,active,2025-05-21 10:38:23.872
b8edcd70-28bb-4319-af76-e8f8c0a1cd67,bf996092-8d66-408a-8d8e-5065ca3330c2,financials,active,2025-05-21 10:38:23.872
b8edcd70-28bb-4319-af76-e8f8c0a1cd67,bf996092-8d66-408a-8d8e-5065ca3330c2,build,active,2025-05-21 10:38:23.872
b8edcd70-28bb-4319-af76-e8f8c0a1cd67,bf996092-8d66-408a-8d8e-5065ca3330c2,docs,active,2025-05-21 10:38:23.872
f6ab14eb-1a66-4ea5-8a0f-0afbda444403,bf996092-8d66-408a-8d8e-5065ca3330c2,forma,active,2025-05-21 10:51:00.726
f6ab14eb-1a66-4ea5-8a0f-0afbda444403,bf996092-8d66-408a-8d8e-5065ca3330c2,capitalPlanning,active,2025-05-21 10:51:00.726
f6ab14eb-1a66-4ea5-8a0f-0afbda444403,bf996092-8d66-408a-8d8e-5065ca3330c2,takeoff,active,2025-05-21 10:51:00.726
f6ab14eb-1a66-4ea5-8a0f-0afbda444403,bf996092-8d66-408a-8d8e-5065ca3330c2,modelCoordination,active,2025-05-21 10:51:00.726
f6ab14eb-1a66-4ea5-8a0f-0afbda444403,bf996092-8d66-408a-8d8e-5065ca3330c2,autoSpecs,active,2025-05-21 10:51:00.726
f6ab14eb-1a66-4ea5-8a0f-0afbda444403,bf996092-8d66-408a-8d8e-5065ca3330c2,cost,active,2025-05-21 10:51:00.726
f6ab14eb-1a66-4ea5-8a0f-0afbda444403,bf996092-8d66-408a-8d8e-5065ca3330c2,buildingConnected,active,2025-05-21 10:51:00.726
f6ab14eb-1a66-4ea5-8a0f-0afbda444403,bf996092-8d66-408a-8d8e-5065ca3330c2,insight,active,2025-05-21 10:51:00.726
f6ab14eb-1a66-4ea5-8a0f-0afbda444403,bf996092-8d66-408a-8d8e-5065ca3330c2,build,active,2025-05-21 10:51:00.726
f6ab14eb-1a66-4ea5-8a0f-0afbda444403,bf996092-8d66-408a-8d8e-5065ca3330c2,workshopxr,active,2025-05-21 10:51:00.726
f6ab14eb-1a66-4ea5-8a0f-0afbda444403,bf996092-8d66-408a-8d8e-5065ca3330c2,financials,active,2025-05-21 10:51:00.726
f6ab14eb-1a66-4ea5-8a0f-0afbda444403,bf996092-8d66-408a-8d8e-5065ca3330c2,designCollaboration,active,2025-05-21 10:51:00.726
e9b596f2-48ee-419b-a199-da304b38c398,bf996092-8d66-408a-8d8e-5065ca3330c2,autoSpecs,active,2025-05-31 06:54:36.423
e9b596f2-48ee-419b-a199-da304b38c398,bf996092-8d66-408a-8d8e-5065ca3330c2,cost,active,2025-05-31 06:54:36.423
e9b596f2-48ee-419b-a199-da304b38c398,bf996092-8d66-408a-8d8e-5065ca3330c2,financials,active,2025-05-31 06:54:36.423
e9b596f2-48ee-419b-a199-da304b38c398,bf996092-8d66-408a-8d8e-5065ca3330c2,buildingConnected,active,2025-05-31 06:54:36.423
e9b596f2-48ee-419b-a199-da304b38c398,bf996092-8d66-408a-8d8e-5065ca3330c2,insight,active,2025-05-31 06:54:36.423
e9b596f2-48ee-419b-a199-da304b38c398,bf996092-8d66-408a-8d8e-5065ca3330c2,modelCoordination,active,2025-05-31 06:54:36.423
e9b596f2-48ee-419b-a199-da304b38c398,bf996092-8d66-408a-8d8e-5065ca3330c2,takeoff,active,2025-05-31 06:54:36.423
e9b596f2-48ee-419b-a199-da304b38c398,bf996092-8d66-408a-8d8e-5065ca3330c2,designCollaboration,active,2025-05-31 06:54:36.423
e9b596f2-48ee-419b-a199-da304b38c398,bf996092-8d66-408a-8d8e-5065ca3330c2,capitalPlanning,active,2025-05-31 06:54:36.423
e9b596f2-48ee-419b-a199-da304b38c398,bf996092-8d66-408a-8d8e-5065ca3330c2,forma,active,2025-05-31 06:54:36.423
e9b596f2-48ee-419b-a199-da304b38c398,bf996092-8d66-408a-8d8e-5065ca3330c2,build,active,2025-05-31 06:54:36.423
e9b596f2-48ee-419b-a199-da304b38c398,bf996092-8d66-408a-8d8e-5065ca3330c2,workshopxr,active,2025-05-31 06:54:36.423
e9b596f2-48ee-419b-a199-da304b38c398,bf996092-8d66-408a-8d8e-5065ca3330c2,docs,active,2025-05-31 06:54:36.423
cbee6c17-cdf8-4f2c-89c3-d6d9d738603e,bf996092-8d66-408a-8d8e-5065ca3330c2,workshopxr,active,2025-05-31 06:56:23.05
cbee6c17-cdf8-4f2c-89c3-d6d9d738603e,bf996092-8d66-408a-8d8e-5065ca3330c2,modelCoordination,active,2025-05-31 06:56:23.05
cbee6c17-cdf8-4f2c-89c3-d6d9d738603e,bf996092-8d66-408a-8d8e-5065ca3330c2,cost,active,2025-05-31 06:56:23.05
cbee6c17-cdf8-4f2c-89c3-d6d9d738603e,bf996092-8d66-408a-8d8e-5065ca3330c2,designCollaboration,active,2025-05-31 06:56:23.05
cbee6c17-cdf8-4f2c-89c3-d6d9d738603e,bf996092-8d66-408a-8d8e-5065ca3330c2,capitalPlanning,active,2025-05-31 06:56:23.05
cbee6c17-cdf8-4f2c-89c3-d6d9d738603e,bf996092-8d66-408a-8d8e-5065ca3330c2,financials,active,2025-05-31 06:56:23.05
cbee6c17-cdf8-4f2c-89c3-d6d9d738603e,bf996092-8d66-408a-8d8e-5065ca3330c2,insight,active,2025-05-31 06:56:23.05
cbee6c17-cdf8-4f2c-89c3-d6d9d738603e,bf996092-8d66-408a-8d8e-5065ca3330c2,takeoff,active,2025-05-31 06:56:23.05
cbee6c17-cdf8-4f2c-89c3-d6d9d738603e,bf996092-8d66-408a-8d8e-5065ca3330c2,autoSpecs,active,2025-05-31 06:56:23.05
cbee6c17-cdf8-4f2c-89c3-d6d9d738603e,bf996092-8d66-408a-8d8e-5065ca3330c2,forma,active,2025-05-31 06:56:23.05
cbee6c17-cdf8-4f2c-89c3-d6d9d738603e,bf996092-8d66-408a-8d8e-5065ca3330c2,buildingConnected,active,2025-05-31 06:56:23.05
cbee6c17-cdf8-4f2c-89c3-d6d9d738603e,bf996092-8d66-408a-8d8e-5065ca3330c2,build,active,2025-05-31 06:56:23.05
cbee6c17-cdf8-4f2c-89c3-d6d9d738603e,bf996092-8d66-408a-8d8e-5065ca3330c2,docs,active,2025-05-31 06:56:23.05
3473261e-0400-4f3f-881d-b12012018bee,bf996092-8d66-408a-8d8e-5065ca3330c2,docs,active,2025-02-01 04:01:42.707
3473261e-0400-4f3f-881d-b12012018bee,bf996092-8d66-408a-8d8e-5065ca3330c2,financials,active,2025-02-01 04:01:42.707
3473261e-0400-4f3f-881d-b12012018bee,bf996092-8d66-408a-8d8e-5065ca3330c2,autoSpecs,active,2025-02-01 04:01:42.707
3473261e-0400-4f3f-881d-b12012018bee,bf996092-8d66-408a-8d8e-5065ca3330c2,designCollaboration,active,2025-02-01 04:01:42.706
3473261e-0400-4f3f-881d-b12012018bee,bf996092-8d66-408a-8d8e-5065ca3330c2,capitalPlanning,active,2025-02-01 04:01:42.707
3473261e-0400-4f3f-881d-b12012018bee,bf996092-8d66-408a-8d8e-5065ca3330c2,build,active,2025-02-01 04:01:42.707
3473261e-0400-4f3f-881d-b12012018bee,bf996092-8d66-408a-8d8e-5065ca3330c2,cost,active,2025-02-01 04:01:42.707
3473261e-0400-4f3f-881d-b12012018bee,bf996092-8d66-408a-8d8e-5065ca3330c2,insight,active,2025-02-01 04:01:42.707
3473261e-0400-4f3f-881d-b12012018bee,bf996092-8d66-408a-8d8e-5065ca3330c2,modelCoordination,active,2025-02-01 04:01:42.707
3473261e-0400-4f3f-881d-b12012018bee,bf996092-8d66-408a-8d8e-5065ca3330c2,takeoff,active,2025-02-01 04:01:42.707
3473261e-0400-4f3f-881d-b12012018bee,bf996092-8d66-408a-8d8e-5065ca3330c2,buildingConnected,active,2025-02-01 04:01:42.707
3473261e-0400-4f3f-881d-b12012018bee,bf996092-8d66-408a-8d8e-5065ca3330c2,workshopxr,active,2025-02-01 04:01:42.707
23142979-9fb6-4fd3-bd82-62d7e0add75f,bf996092-8d66-408a-8d8e-5065ca3330c2,workshopxr,active,2025-03-07 10:08:30.191
23142979-9fb6-4fd3-bd82-62d7e0add75f,bf996092-8d66-408a-8d8e-5065ca3330c2,capitalPlanning,active,2025-03-07 10:08:30.191
23142979-9fb6-4fd3-bd82-62d7e0add75f,bf996092-8d66-408a-8d8e-5065ca3330c2,takeoff,active,2025-03-07 10:08:30.191
23142979-9fb6-4fd3-bd82-62d7e0add75f,bf996092-8d66-408a-8d8e-5065ca3330c2,buildingConnected,active,2025-03-07 10:08:30.191
23142979-9fb6-4fd3-bd82-62d7e0add75f,bf996092-8d66-408a-8d8e-5065ca3330c2,cost,active,2025-03-07 10:08:30.191
23142979-9fb6-4fd3-bd82-62d7e0add75f,bf996092-8d66-408a-8d8e-5065ca3330c2,financials,active,2025-03-07 10:08:30.191
23142979-9fb6-4fd3-bd82-62d7e0add75f,bf996092-8d66-408a-8d8e-5065ca3330c2,designCollaboration,active,2025-03-07 10:08:30.191
23142979-9fb6-4fd3-bd82-62d7e0add75f,bf996092-8d66-408a-8d8e-5065ca3330c2,modelCoordination,active,2025-03-07 10:08:30.191
23142979-9fb6-4fd3-bd82-62d7e0add75f,bf996092-8d66-408a-8d8e-5065ca3330c2,insight,active,2025-03-07 10:08:30.191
23142979-9fb6-4fd3-bd82-62d7e0add75f,bf996092-8d66-408a-8d8e-5065ca3330c2,autoSpecs,active,2025-03-07 10:08:30.191
23142979-9fb6-4fd3-bd82-62d7e0add75f,bf996092-8d66-408a-8d8e-5065ca3330c2,build,active,2025-03-07 10:08:30.191
23142979-9fb6-4fd3-bd82-62d7e0add75f,bf996092-8d66-408a-8d8e-5065ca3330c2,docs,active,2025-03-07 10:08:30.191
94e46603-a987-42b3-b038-c708d5b5044f,bf996092-8d66-408a-8d8e-5065ca3330c2,buildingConnected,active,2025-05-30 11:50:05.537
94e46603-a987-42b3-b038-c708d5b5044f,bf996092-8d66-408a-8d8e-5065ca3330c2,cost,active,2025-05-30 11:50:05.537
94e46603-a987-42b3-b038-c708d5b5044f,bf996092-8d66-408a-8d8e-5065ca3330c2,capitalPlanning,active,2025-05-30 11:50:05.537
94e46603-a987-42b3-b038-c708d5b5044f,bf996092-8d66-408a-8d8e-5065ca3330c2,takeoff,active,2025-05-30 11:50:05.537
94e46603-a987-42b3-b038-c708d5b5044f,bf996092-8d66-408a-8d8e-5065ca3330c2,financials,active,2025-05-30 11:50:05.537
94e46603-a987-42b3-b038-c708d5b5044f,bf996092-8d66-408a-8d8e-5065ca3330c2,workshopxr,active,2025-05-30 11:50:05.537
94e46603-a987-42b3-b038-c708d5b5044f,bf996092-8d66-408a-8d8e-5065ca3330c2,modelCoordination,active,2025-05-30 11:50:05.537
94e46603-a987-42b3-b038-c708d5b5044f,bf996092-8d66-408a-8d8e-5065ca3330c2,autoSpecs,active,2025-05-30 11:50:05.537
94e46603-a987-42b3-b038-c708d5b5044f,bf996092-8d66-408a-8d8e-5065ca3330c2,forma,active,2025-05-30 11:50:05.537
94e46603-a987-42b3-b038-c708d5b5044f,bf996092-8d66-408a-8d8e-5065ca3330c2,build,active,2025-05-30 11:50:05.537
94e46603-a987-42b3-b038-c708d5b5044f,bf996092-8d66-408a-8d8e-5065ca3330c2,designCollaboration,active,2025-05-30 11:50:05.537
94e46603-a987-42b3-b038-c708d5b5044f,bf996092-8d66-408a-8d8e-5065ca3330c2,insight,active,2025-05-30 11:50:05.537
94e46603-a987-42b3-b038-c708d5b5044f,bf996092-8d66-408a-8d8e-5065ca3330c2,docs,active,2025-05-30 11:50:05.537
1b9ab417-1b67-460b-a854-2e443d5b6f4f,bf996092-8d66-408a-8d8e-5065ca3330c2,modelCoordination,active,2025-02-10 11:53:04.753
1b9ab417-1b67-460b-a854-2e443d5b6f4f,bf996092-8d66-408a-8d8e-5065ca3330c2,workshopxr,active,2025-02-10 11:53:04.753
1b9ab417-1b67-460b-a854-2e443d5b6f4f,bf996092-8d66-408a-8d8e-5065ca3330c2,designCollaboration,active,2025-02-10 11:53:04.753
1b9ab417-1b67-460b-a854-2e443d5b6f4f,bf996092-8d66-408a-8d8e-5065ca3330c2,insight,active,2025-02-10 11:53:04.753
1b9ab417-1b67-460b-a854-2e443d5b6f4f,bf996092-8d66-408a-8d8e-5065ca3330c2,buildingConnected,active,2025-02-10 11:53:04.753
1b9ab417-1b67-460b-a854-2e443d5b6f4f,bf996092-8d66-408a-8d8e-5065ca3330c2,capitalPlanning,active,2025-02-10 11:53:04.753
1b9ab417-1b67-460b-a854-2e443d5b6f4f,bf996092-8d66-408a-8d8e-5065ca3330c2,autoSpecs,active,2025-02-10 11:53:04.753
1b9ab417-1b67-460b-a854-2e443d5b6f4f,bf996092-8d66-408a-8d8e-5065ca3330c2,build,active,2025-02-10 11:53:04.753
1b9ab417-1b67-460b-a854-2e443d5b6f4f,bf996092-8d66-408a-8d8e-5065ca3330c2,cost,active,2025-02-10 11:53:04.753
1b9ab417-1b67-460b-a854-2e443d5b6f4f,bf996092-8d66-408a-8d8e-5065ca3330c2,takeoff,active,2025-02-10 11:53:04.753
1b9ab417-1b67-460b-a854-2e443d5b6f4f,bf996092-8d66-408a-8d8e-5065ca3330c2,financials,active,2025-02-10 11:53:04.753
1b9ab417-1b67-460b-a854-2e443d5b6f4f,bf996092-8d66-408a-8d8e-5065ca3330c2,docs,active,2025-02-10 11:53:04.753
2f551e7d-05e6-4bfc-8ee1-0ef3a8487c11,bf996092-8d66-408a-8d8e-5065ca3330c2,financials,active,2025-03-10 07:06:00.322
2f551e7d-05e6-4bfc-8ee1-0ef3a8487c11,bf996092-8d66-408a-8d8e-5065ca3330c2,workshopxr,active,2025-03-10 07:06:00.322
2f551e7d-05e6-4bfc-8ee1-0ef3a8487c11,bf996092-8d66-408a-8d8e-5065ca3330c2,designCollaboration,active,2025-03-10 07:06:00.322
2f551e7d-05e6-4bfc-8ee1-0ef3a8487c11,bf996092-8d66-408a-8d8e-5065ca3330c2,takeoff,active,2025-03-10 07:06:00.322
2f551e7d-05e6-4bfc-8ee1-0ef3a8487c11,bf996092-8d66-408a-8d8e-5065ca3330c2,capitalPlanning,active,2025-03-10 07:06:00.322
2f551e7d-05e6-4bfc-8ee1-0ef3a8487c11,bf996092-8d66-408a-8d8e-5065ca3330c2,buildingConnected,active,2025-03-10 07:06:00.322
2f551e7d-05e6-4bfc-8ee1-0ef3a8487c11,bf996092-8d66-408a-8d8e-5065ca3330c2,modelCoordination,active,2025-03-10 07:06:00.322
2f551e7d-05e6-4bfc-8ee1-0ef3a8487c11,bf996092-8d66-408a-8d8e-5065ca3330c2,insight,active,2025-03-10 07:06:00.322
2f551e7d-05e6-4bfc-8ee1-0ef3a8487c11,bf996092-8d66-408a-8d8e-5065ca3330c2,cost,active,2025-03-10 07:06:00.322
2f551e7d-05e6-4bfc-8ee1-0ef3a8487c11,bf996092-8d66-408a-8d8e-5065ca3330c2,autoSpecs,active,2025-03-10 07:06:00.322
2f551e7d-05e6-4bfc-8ee1-0ef3a8487c11,bf996092-8d66-408a-8d8e-5065ca3330c2,build,active,2025-03-10 07:06:00.322
2f551e7d-05e6-4bfc-8ee1-0ef3a8487c11,bf996092-8d66-408a-8d8e-5065ca3330c2,docs,active,2025-03-10 07:06:00.322
77d5fb8c-5d83-4fa8-8c81-169306f7a8f7,bf996092-8d66-408a-8d8e-5065ca3330c2,autoSpecs,active,2025-03-10 07:10:26.803
77d5fb8c-5d83-4fa8-8c81-169306f7a8f7,bf996092-8d66-408a-8d8e-5065ca3330c2,designCollaboration,active,2025-03-10 07:10:26.803
77d5fb8c-5d83-4fa8-8c81-169306f7a8f7,bf996092-8d66-408a-8d8e-5065ca3330c2,capitalPlanning,active,2025-03-10 07:10:26.803
77d5fb8c-5d83-4fa8-8c81-169306f7a8f7,bf996092-8d66-408a-8d8e-5065ca3330c2,buildingConnected,active,2025-03-10 07:10:26.803
77d5fb8c-5d83-4fa8-8c81-169306f7a8f7,bf996092-8d66-408a-8d8e-5065ca3330c2,cost,active,2025-03-10 07:10:26.803
77d5fb8c-5d83-4fa8-8c81-169306f7a8f7,bf996092-8d66-408a-8d8e-5065ca3330c2,financials,active,2025-03-10 07:10:26.803
77d5fb8c-5d83-4fa8-8c81-169306f7a8f7,bf996092-8d66-408a-8d8e-5065ca3330c2,insight,active,2025-03-10 07:10:26.803
77d5fb8c-5d83-4fa8-8c81-169306f7a8f7,bf996092-8d66-408a-8d8e-5065ca3330c2,workshopxr,active,2025-03-10 07:10:26.803
77d5fb8c-5d83-4fa8-8c81-169306f7a8f7,bf996092-8d66-408a-8d8e-5065ca3330c2,takeoff,active,2025-03-10 07:10:26.803
77d5fb8c-5d83-4fa8-8c81-169306f7a8f7,bf996092-8d66-408a-8d8e-5065ca3330c2,modelCoordination,active,2025-03-10 07:10:26.803
77d5fb8c-5d83-4fa8-8c81-169306f7a8f7,bf996092-8d66-408a-8d8e-5065ca3330c2,build,active,2025-03-10 07:10:26.804
77d5fb8c-5d83-4fa8-8c81-169306f7a8f7,bf996092-8d66-408a-8d8e-5065ca3330c2,docs,active,2025-03-10 07:10:26.804
d3e63b56-0fd8-48c4-a595-b59dec992cd7,bf996092-8d66-408a-8d8e-5065ca3330c2,buildingConnected,active,2025-02-21 13:16:27.576
d3e63b56-0fd8-48c4-a595-b59dec992cd7,bf996092-8d66-408a-8d8e-5065ca3330c2,build,active,2025-02-21 13:16:27.576
d3e63b56-0fd8-48c4-a595-b59dec992cd7,bf996092-8d66-408a-8d8e-5065ca3330c2,takeoff,active,2025-02-21 13:16:27.576
d3e63b56-0fd8-48c4-a595-b59dec992cd7,bf996092-8d66-408a-8d8e-5065ca3330c2,modelCoordination,active,2025-02-21 13:16:27.576
d3e63b56-0fd8-48c4-a595-b59dec992cd7,bf996092-8d66-408a-8d8e-5065ca3330c2,workshopxr,active,2025-02-21 13:16:27.576
d3e63b56-0fd8-48c4-a595-b59dec992cd7,bf996092-8d66-408a-8d8e-5065ca3330c2,financials,active,2025-02-21 13:16:27.576
d3e63b56-0fd8-48c4-a595-b59dec992cd7,bf996092-8d66-408a-8d8e-5065ca3330c2,cost,active,2025-02-21 13:16:27.576
d3e63b56-0fd8-48c4-a595-b59dec992cd7,bf996092-8d66-408a-8d8e-5065ca3330c2,autoSpecs,active,2025-02-21 13:16:27.576
d3e63b56-0fd8-48c4-a595-b59dec992cd7,bf996092-8d66-408a-8d8e-5065ca3330c2,insight,active,2025-02-21 13:16:27.576
d3e63b56-0fd8-48c4-a595-b59dec992cd7,bf996092-8d66-408a-8d8e-5065ca3330c2,designCollaboration,active,2025-02-21 13:16:27.576
d3e63b56-0fd8-48c4-a595-b59dec992cd7,bf996092-8d66-408a-8d8e-5065ca3330c2,capitalPlanning,active,2025-02-21 13:16:27.576
d3e63b56-0fd8-48c4-a595-b59dec992cd7,bf996092-8d66-408a-8d8e-5065ca3330c2,docs,active,2025-02-21 13:16:27.576
ada6015d-9fce-4f2c-b20f-fc9122d2face,bf996092-8d66-408a-8d8e-5065ca3330c2,capitalPlanning,active,2025-02-25 06:03:54.986
ada6015d-9fce-4f2c-b20f-fc9122d2face,bf996092-8d66-408a-8d8e-5065ca3330c2,autoSpecs,active,2025-02-25 06:03:54.986
ada6015d-9fce-4f2c-b20f-fc9122d2face,bf996092-8d66-408a-8d8e-5065ca3330c2,insight,active,2025-02-25 06:03:54.986
ada6015d-9fce-4f2c-b20f-fc9122d2face,bf996092-8d66-408a-8d8e-5065ca3330c2,modelCoordination,active,2025-02-25 06:03:54.986
ada6015d-9fce-4f2c-b20f-fc9122d2face,bf996092-8d66-408a-8d8e-5065ca3330c2,designCollaboration,active,2025-02-25 06:03:54.986
ada6015d-9fce-4f2c-b20f-fc9122d2face,bf996092-8d66-408a-8d8e-5065ca3330c2,financials,active,2025-02-25 06:03:54.986
ada6015d-9fce-4f2c-b20f-fc9122d2face,bf996092-8d66-408a-8d8e-5065ca3330c2,build,active,2025-02-25 06:03:54.986
ada6015d-9fce-4f2c-b20f-fc9122d2face,bf996092-8d66-408a-8d8e-5065ca3330c2,buildingConnected,active,2025-02-25 06:03:54.986
ada6015d-9fce-4f2c-b20f-fc9122d2face,bf996092-8d66-408a-8d8e-5065ca3330c2,workshopxr,active,2025-02-25 06:03:54.986
ada6015d-9fce-4f2c-b20f-fc9122d2face,bf996092-8d66-408a-8d8e-5065ca3330c2,takeoff,active,2025-02-25 06:03:54.986
ada6015d-9fce-4f2c-b20f-fc9122d2face,bf996092-8d66-408a-8d8e-5065ca3330c2,cost,active,2025-02-25 06:03:54.986
ada6015d-9fce-4f2c-b20f-fc9122d2face,bf996092-8d66-408a-8d8e-5065ca3330c2,docs,active,2025-02-25 06:03:54.986
f679f4cf-c089-4a2b-9b84-b14129630601,bf996092-8d66-408a-8d8e-5065ca3330c2,forma,active,2025-08-06 21:00:34.283
