id,bim360_account_id,bim360_project_id,date,summary_key,temperature_min,temperature_max,humidity,wind_speed,wind_gust,wind_bearing,fetched_at,precipitation_accumulation
17349569,bf996092-8d66-408a-8d8e-5065ca3330c2,ada6015d-9fce-4f2c-b20f-fc9122d2face,2025-04-30,MostlyClear,78.152,97.34,0.410,6.7,,104,2025-04-30 10:44:30.672814,
17349574,bf996092-8d66-408a-8d8e-5065ca3330c2,ada6015d-9fce-4f2c-b20f-fc9122d2face,2025-05-05,MostlyCloudy,74.372,93.074,0.500,7.3,,96,2025-05-05 09:34:11.999207,
17349576,bf996092-8d66-408a-8d8e-5065ca3330c2,ada6015d-9fce-4f2c-b20f-fc9122d2face,2025-05-07,PartlyCloudy,74.984,90.95,0.570,6.5,,102,2025-05-07 08:07:16.180368,0.0834645669291339
17503670,bf996092-8d66-408a-8d8e-5065ca3330c2,967e785d-d83c-490b-8d6a-2ed926c956ac,2025-05-06,MostlyCloudy,73.796,91.364,0.510,5.5,,160,2025-05-07 09:50:49.582044,0.0346456692913386
17503671,bf996092-8d66-408a-8d8e-5065ca3330c2,967e785d-d83c-490b-8d6a-2ed926c956ac,2025-05-07,PartlyCloudy,75.128,92.948,0.540,6.7,,98,2025-07-28 06:29:57.148713,0.0964566929133858
17503678,bf996092-8d66-408a-8d8e-5065ca3330c2,967e785d-d83c-490b-8d6a-2ed926c956ac,2025-05-14,Clear,78.386,103.73,0.330,6.4,,296,2025-05-14 04:10:37.982916,
17536158,bf996092-8d66-408a-8d8e-5065ca3330c2,967e785d-d83c-490b-8d6a-2ed926c956ac,2025-05-16,MostlyClear,80.366,108.446,0.250,8.2,,308,2025-06-27 06:46:36.782844,
17918865,bf996092-8d66-408a-8d8e-5065ca3330c2,f679f4cf-c089-4a2b-9b84-b14129630601,2025-05-22,Clear,75.974,97.178,0.550,8.7,,118,2025-07-25 05:42:51.945877,
17918870,bf996092-8d66-408a-8d8e-5065ca3330c2,f679f4cf-c089-4a2b-9b84-b14129630601,2025-05-27,MostlyClear,78.782,95.45,0.590,4.8,,108,2025-05-28 06:38:26.059669,
17918871,bf996092-8d66-408a-8d8e-5065ca3330c2,f679f4cf-c089-4a2b-9b84-b14129630601,2025-05-28,MostlyClear,80.96,97.61,0.570,4.3,,74,2025-07-27 04:44:39.419388,0.00511811023622047
17918874,bf996092-8d66-408a-8d8e-5065ca3330c2,f679f4cf-c089-4a2b-9b84-b14129630601,2025-05-31,MostlyClear,77.738,97.16,0.530,3.6,,198,2025-06-02 05:55:40.825869,0.0464566929133858
17982194,bf996092-8d66-408a-8d8e-5065ca3330c2,f679f4cf-c089-4a2b-9b84-b14129630601,2025-06-03,MostlyClear,76.892,92.066,0.510,4.1,,230,2025-06-10 07:06:59.008742,0.00708661417322835
18049977,bf996092-8d66-408a-8d8e-5065ca3330c2,ada6015d-9fce-4f2c-b20f-fc9122d2face,2025-05-28,MostlyClear,82.058,98.384,0.540,3.5,,78,2025-05-29 08:48:32.578545,0.0015748031496063
18049978,bf996092-8d66-408a-8d8e-5065ca3330c2,ada6015d-9fce-4f2c-b20f-fc9122d2face,2025-05-29,PartlyCloudy,82.346,99.59,0.500,2.6,,195,2025-05-29 08:48:32.578739,
18295161,bf996092-8d66-408a-8d8e-5065ca3330c2,967e785d-d83c-490b-8d6a-2ed926c956ac,2025-06-05,MostlyClear,76.55,95.9,0.470,5.3,,312,2025-06-05 14:06:51.314213,0.0145669291338583
18445742,bf996092-8d66-408a-8d8e-5065ca3330c2,ada6015d-9fce-4f2c-b20f-fc9122d2face,2025-06-11,MostlyClear,83.75,106.52,0.320,4.4,,3,2025-06-11 05:18:08.960392,
18445749,bf996092-8d66-408a-8d8e-5065ca3330c2,ada6015d-9fce-4f2c-b20f-fc9122d2face,2025-06-18,Rain,76.28,90.392,0.720,4.0,,124,2025-06-18 11:49:07.079851,0.415354330708661
18445750,bf996092-8d66-408a-8d8e-5065ca3330c2,ada6015d-9fce-4f2c-b20f-fc9122d2face,2025-06-19,Rain,79.304,88.61,0.720,6.2,,127,2025-06-19 09:52:32.855887,0.293700787401575
18642947,bf996092-8d66-408a-8d8e-5065ca3330c2,ada6015d-9fce-4f2c-b20f-fc9122d2face,2025-06-23,Thunderstorms,80.996,93.596,0.690,4.0,,97,2025-06-24 06:16:16.565821,0.22007874015748
18642950,bf996092-8d66-408a-8d8e-5065ca3330c2,ada6015d-9fce-4f2c-b20f-fc9122d2face,2025-06-26,Thunderstorms,81.554,92.912,0.680,7.3,,98,2025-06-26 10:10:08.123728,0.194488188976378
18668816,bf996092-8d66-408a-8d8e-5065ca3330c2,f679f4cf-c089-4a2b-9b84-b14129630601,2025-06-19,Rain,78.71,91.346,0.700,6.1,,129,2025-06-20 14:20:59.249388,0.331102362204724
18668817,bf996092-8d66-408a-8d8e-5065ca3330c2,f679f4cf-c089-4a2b-9b84-b14129630601,2025-06-20,Rain,78.134,88.934,0.760,7.7,,107,2025-06-21 05:51:45.673029,0.227165354330709
18668818,bf996092-8d66-408a-8d8e-5065ca3330c2,f679f4cf-c089-4a2b-9b84-b14129630601,2025-06-21,PartlyCloudy,79.196,94.478,0.670,5.0,,140,2025-06-22 06:44:31.490652,0.0751968503937008
18668819,bf996092-8d66-408a-8d8e-5065ca3330c2,f679f4cf-c089-4a2b-9b84-b14129630601,2025-06-22,Thunderstorms,81.086,89.834,0.730,4.7,,79,2025-06-24 07:07:40.207455,0.445275590551181
18668820,bf996092-8d66-408a-8d8e-5065ca3330c2,f679f4cf-c089-4a2b-9b84-b14129630601,2025-06-23,Thunderstorms,80.06,92.786,0.710,4.5,,97,2025-06-24 09:36:09.285868,0.359055118110236
18668822,bf996092-8d66-408a-8d8e-5065ca3330c2,f679f4cf-c089-4a2b-9b84-b14129630601,2025-06-25,HeavyRain,80.114,88.286,0.810,7.6,,97,2025-06-29 04:56:14.899943,0.748031496062992
18668823,bf996092-8d66-408a-8d8e-5065ca3330c2,f679f4cf-c089-4a2b-9b84-b14129630601,2025-06-26,MostlyCloudy,80.384,93.722,0.680,8.1,,99,2025-06-30 04:54:04.661246,0.156692913385827
18668824,bf996092-8d66-408a-8d8e-5065ca3330c2,f679f4cf-c089-4a2b-9b84-b14129630601,2025-06-27,PartlyCloudy,80.888,95.486,0.640,7.1,,108,2025-06-30 04:54:53.640248,0.0523622047244095
18668825,bf996092-8d66-408a-8d8e-5065ca3330c2,f679f4cf-c089-4a2b-9b84-b14129630601,2025-06-28,Rain,79.556,91.328,0.710,4.2,,113,2025-06-30 05:09:42.383381,0.114173228346457
18669947,bf996092-8d66-408a-8d8e-5065ca3330c2,f6ab14eb-1a66-4ea5-8a0f-0afbda444403,2025-06-19,Rain,80.6,94.658,0.670,6.8,,112,2025-06-30 12:09:10.795316,0.668897637795276
18669949,bf996092-8d66-408a-8d8e-5065ca3330c2,f6ab14eb-1a66-4ea5-8a0f-0afbda444403,2025-06-21,Drizzle,79.826,93.74,0.670,7.7,,84,2025-06-30 12:09:08.473227,0.0925196850393701
18669952,bf996092-8d66-408a-8d8e-5065ca3330c2,f6ab14eb-1a66-4ea5-8a0f-0afbda444403,2025-06-23,Drizzle,79.502,87.944,0.780,7.9,,110,2025-06-24 05:41:57.689616,0.126771653543307
18669953,bf996092-8d66-408a-8d8e-5065ca3330c2,f6ab14eb-1a66-4ea5-8a0f-0afbda444403,2025-06-24,Rain,79.25,93.182,0.690,7.0,,106,2025-06-25 04:29:02.911806,0.114173228346457
18669954,bf996092-8d66-408a-8d8e-5065ca3330c2,f6ab14eb-1a66-4ea5-8a0f-0afbda444403,2025-06-25,Rain,80.402,93.704,0.700,10.1,,102,2025-06-26 04:57:23.977155,0.180314960629921
18669955,bf996092-8d66-408a-8d8e-5065ca3330c2,f6ab14eb-1a66-4ea5-8a0f-0afbda444403,2025-06-26,PartlyCloudy,81.32,94.964,0.660,11.2,,98,2025-06-27 04:59:32.79645,0.0401574803149606
18669956,bf996092-8d66-408a-8d8e-5065ca3330c2,f6ab14eb-1a66-4ea5-8a0f-0afbda444403,2025-06-27,PartlyCloudy,82.076,95.702,0.610,10.3,,106,2025-07-07 11:38:46.854015,0.00511811023622047
18669957,bf996092-8d66-408a-8d8e-5065ca3330c2,f6ab14eb-1a66-4ea5-8a0f-0afbda444403,2025-06-28,Rain,79.862,93.164,0.690,5.8,,122,2025-07-07 12:12:48.572574,0.0913385826771654
18720614,bf996092-8d66-408a-8d8e-5065ca3330c2,f6ab14eb-1a66-4ea5-8a0f-0afbda444403,2025-06-30,Rain,77,87.908,0.820,3.4,,76,2025-07-02 12:07:47.105972,0.801968503937008
18725699,bf996092-8d66-408a-8d8e-5065ca3330c2,f679f4cf-c089-4a2b-9b84-b14129630601,2025-06-30,Rain,75.308,82.976,0.830,3.9,,106,2025-07-25 05:33:03.537089,0.873622047244095
18790568,bf996092-8d66-408a-8d8e-5065ca3330c2,f6ab14eb-1a66-4ea5-8a0f-0afbda444403,2025-07-01,Rain,78.602,89.654,0.780,6.3,,88,2025-08-04 04:41:55.997125,0.315354330708661
18790569,bf996092-8d66-408a-8d8e-5065ca3330c2,f6ab14eb-1a66-4ea5-8a0f-0afbda444403,2025-07-02,Rain,79.196,90.644,0.730,9.4,,102,2025-07-02 12:07:47.106436,0.396850393700787
18790570,bf996092-8d66-408a-8d8e-5065ca3330c2,f6ab14eb-1a66-4ea5-8a0f-0afbda444403,2025-07-03,Rain,78.08,91.886,0.740,8.5,,103,2025-07-03 12:48:54.212312,0.343700787401575
18791666,bf996092-8d66-408a-8d8e-5065ca3330c2,f679f4cf-c089-4a2b-9b84-b14129630601,2025-07-01,Drizzle,76.856,89.078,0.750,5.8,,105,2025-07-06 04:39:35.818932,0.117716535433071
18791667,bf996092-8d66-408a-8d8e-5065ca3330c2,f679f4cf-c089-4a2b-9b84-b14129630601,2025-07-02,Rain,78.71,88.898,0.720,7.3,,103,2025-07-06 04:48:36.791558,0.283464566929134
18791668,bf996092-8d66-408a-8d8e-5065ca3330c2,f679f4cf-c089-4a2b-9b84-b14129630601,2025-07-03,Rain,78.26,90.716,0.740,7.0,,110,2025-07-06 04:49:36.06934,0.519685039370079
18824734,bf996092-8d66-408a-8d8e-5065ca3330c2,f6ab14eb-1a66-4ea5-8a0f-0afbda444403,2025-07-04,Rain,78.746,90.446,0.770,7.1,,103,2025-07-07 05:32:14.087401,0.491338582677165
18825535,bf996092-8d66-408a-8d8e-5065ca3330c2,f679f4cf-c089-4a2b-9b84-b14129630601,2025-07-04,Rain,79.178,92.57,0.730,4.3,,112,2025-07-29 05:38:09.997465,0.170472440944882
18853589,bf996092-8d66-408a-8d8e-5065ca3330c2,f679f4cf-c089-4a2b-9b84-b14129630601,2025-07-05,Rain,79.322,92.3,0.720,3.4,,138,2025-07-06 05:08:32.043792,0.30511811023622
18883693,bf996092-8d66-408a-8d8e-5065ca3330c2,f6ab14eb-1a66-4ea5-8a0f-0afbda444403,2025-07-06,Rain,79.898,92.732,0.700,5.0,,97,2025-07-07 12:30:19.909402,0.147244094488189
18911328,bf996092-8d66-408a-8d8e-5065ca3330c2,f679f4cf-c089-4a2b-9b84-b14129630601,2025-07-06,Thunderstorms,79.628,90.428,0.740,3.2,,47,2025-07-07 12:44:43.727187,0.265748031496063
18911329,bf996092-8d66-408a-8d8e-5065ca3330c2,f679f4cf-c089-4a2b-9b84-b14129630601,2025-07-07,Thunderstorms,78.458,89.438,0.770,3.1,,331,2025-07-23 11:15:35.914049,0.69251968503937
18911330,bf996092-8d66-408a-8d8e-5065ca3330c2,f679f4cf-c089-4a2b-9b84-b14129630601,2025-07-08,MostlyCloudy,78.71,92.696,0.690,5.2,,299,2025-07-23 11:22:36.837227,0.0700787401574803
18913495,bf996092-8d66-408a-8d8e-5065ca3330c2,f679f4cf-c089-4a2b-9b84-b14129630601,2025-07-09,HeavyRain,77.558,90.536,0.720,5.3,,350,2025-07-23 11:53:25.264384,1.6511811023622
18914366,bf996092-8d66-408a-8d8e-5065ca3330c2,f6ab14eb-1a66-4ea5-8a0f-0afbda444403,2025-07-07,Drizzle,80.87,94.694,0.650,5.4,,96,2025-07-08 09:02:43.126109,0.0480314960629921
18914367,bf996092-8d66-408a-8d8e-5065ca3330c2,f6ab14eb-1a66-4ea5-8a0f-0afbda444403,2025-07-08,Rain,81.23,95.702,0.660,4.0,,119,2025-07-09 09:40:02.435454,0.390944881889764
18914368,bf996092-8d66-408a-8d8e-5065ca3330c2,f6ab14eb-1a66-4ea5-8a0f-0afbda444403,2025-07-09,Rain,79.808,85.622,0.800,6.3,,115,2025-07-10 17:05:24.322046,1.1255905511811
19037252,bf996092-8d66-408a-8d8e-5065ca3330c2,f6ab14eb-1a66-4ea5-8a0f-0afbda444403,2025-07-10,Thunderstorms,78.314,90.968,0.730,4.8,,41,2025-07-10 17:05:24.32225,0.136614173228346
19037253,bf996092-8d66-408a-8d8e-5065ca3330c2,f6ab14eb-1a66-4ea5-8a0f-0afbda444403,2025-07-11,Drizzle,80.078,92.372,0.700,5.9,,82,2025-07-13 04:43:16.676584,0.0948818897637795
19037254,bf996092-8d66-408a-8d8e-5065ca3330c2,f6ab14eb-1a66-4ea5-8a0f-0afbda444403,2025-07-12,Thunderstorms,79.358,90.734,0.760,7.1,,99,2025-07-13 05:06:01.175091,1.05826771653543
19057106,bf996092-8d66-408a-8d8e-5065ca3330c2,f6ab14eb-1a66-4ea5-8a0f-0afbda444403,2025-07-13,Thunderstorms,79.178,89.312,0.790,7.9,,114,2025-07-14 06:41:36.294887,0.63503937007874
19063902,bf996092-8d66-408a-8d8e-5065ca3330c2,f679f4cf-c089-4a2b-9b84-b14129630601,2025-07-14,Rain,78.404,88.844,0.780,11.4,,104,2025-07-29 06:15:31.251554,0.511417322834646
19063903,bf996092-8d66-408a-8d8e-5065ca3330c2,f679f4cf-c089-4a2b-9b84-b14129630601,2025-07-15,Drizzle,77.45,88.538,0.770,10.5,,131,2025-07-23 11:58:14.989537,0.196456692913386
19066071,bf996092-8d66-408a-8d8e-5065ca3330c2,ada6015d-9fce-4f2c-b20f-fc9122d2face,2025-07-07,Thunderstorms,77.306,90.878,0.750,3.2,,121,2025-07-07 04:25:53.109983,0.729133858267717
19066072,bf996092-8d66-408a-8d8e-5065ca3330c2,ada6015d-9fce-4f2c-b20f-fc9122d2face,2025-07-08,Drizzle,79.88,93.002,0.670,5.2,,297,2025-07-08 09:49:19.990471,0.0405511811023622
19069580,bf996092-8d66-408a-8d8e-5065ca3330c2,f6ab14eb-1a66-4ea5-8a0f-0afbda444403,2025-07-14,Rain,78.71,91.4,0.760,8.0,,134,2025-07-17 09:49:01.739444,0.333858267716535
19069581,bf996092-8d66-408a-8d8e-5065ca3330c2,f6ab14eb-1a66-4ea5-8a0f-0afbda444403,2025-07-15,Rain,78.674,89.978,0.770,5.8,,130,2025-07-19 03:01:47.066589,0.374803149606299
19069582,bf996092-8d66-408a-8d8e-5065ca3330c2,f6ab14eb-1a66-4ea5-8a0f-0afbda444403,2025-07-16,Rain,78.926,89.492,0.750,8.0,,67,2025-07-17 01:08:43.33899,0.345275590551181
19124608,bf996092-8d66-408a-8d8e-5065ca3330c2,f6ab14eb-1a66-4ea5-8a0f-0afbda444403,2025-07-17,Rain,78.008,85.46,0.810,15.0,,86,2025-07-17 09:49:01.73988,0.363385826771654
19127999,bf996092-8d66-408a-8d8e-5065ca3330c2,f679f4cf-c089-4a2b-9b84-b14129630601,2025-07-16,Rain,77.738,88.232,0.760,6.2,,143,2025-07-29 06:21:21.328364,0.447637795275591
19130267,bf996092-8d66-408a-8d8e-5065ca3330c2,ada6015d-9fce-4f2c-b20f-fc9122d2face,2025-07-17,Rain,78.278,87.152,0.760,6.2,,118,2025-07-17 05:55:35.635775,0.244488188976378
19164365,bf996092-8d66-408a-8d8e-5065ca3330c2,f6ab14eb-1a66-4ea5-8a0f-0afbda444403,2025-07-18,Drizzle,77.666,91.256,0.720,10.3,,160,2025-07-20 06:23:19.384128,0.13503937007874
19218302,bf996092-8d66-408a-8d8e-5065ca3330c2,f6ab14eb-1a66-4ea5-8a0f-0afbda444403,2025-07-19,MostlyClear,78.854,93.506,0.650,7.2,,254,2025-07-20 07:18:49.844729,
19236241,bf996092-8d66-408a-8d8e-5065ca3330c2,f6ab14eb-1a66-4ea5-8a0f-0afbda444403,2025-07-20,Cloudy,80.888,91.184,0.710,4.3,,250,2025-07-24 11:12:27.327044,0.108267716535433
19269905,bf996092-8d66-408a-8d8e-5065ca3330c2,f6ab14eb-1a66-4ea5-8a0f-0afbda444403,2025-07-21,MostlyCloudy,79.664,90.752,0.730,4.2,,30,2025-07-22 02:57:13.989078,0.140944881889764
19269906,bf996092-8d66-408a-8d8e-5065ca3330c2,f6ab14eb-1a66-4ea5-8a0f-0afbda444403,2025-07-22,PartlyCloudy,81.104,93.65,0.670,4.4,,288,2025-07-24 06:52:41.547571,0.0188976377952756
19277302,bf996092-8d66-408a-8d8e-5065ca3330c2,f6ab14eb-1a66-4ea5-8a0f-0afbda444403,2025-07-23,Rain,80.924,92.948,0.710,5.5,,279,2025-07-24 07:01:30.231528,0.333464566929134
19362398,bf996092-8d66-408a-8d8e-5065ca3330c2,f6ab14eb-1a66-4ea5-8a0f-0afbda444403,2025-07-24,PartlyCloudy,80.852,94.028,0.690,4.7,,272,2025-08-02 12:54:12.342691,0.0153543307086614
19362399,bf996092-8d66-408a-8d8e-5065ca3330c2,f6ab14eb-1a66-4ea5-8a0f-0afbda444403,2025-07-25,Thunderstorms,81.554,95.108,0.710,4.4,,53,2025-07-29 10:57:45.214563,0.216141732283465
19389392,bf996092-8d66-408a-8d8e-5065ca3330c2,f6ab14eb-1a66-4ea5-8a0f-0afbda444403,2025-07-26,Drizzle,80.636,92.102,0.730,10.1,,69,2025-07-29 12:54:09.427007,0.0874015748031496
19419104,bf996092-8d66-408a-8d8e-5065ca3330c2,f679f4cf-c089-4a2b-9b84-b14129630601,2025-07-18,Rain,78.134,89.042,0.720,12.2,,82,2025-07-27 04:44:43.856572,0.144488188976378
19419105,bf996092-8d66-408a-8d8e-5065ca3330c2,f679f4cf-c089-4a2b-9b84-b14129630601,2025-07-19,PartlyCloudy,78.26,90.932,0.690,8.4,,150,2025-07-23 12:15:53.068949,0.0015748031496063
19419106,bf996092-8d66-408a-8d8e-5065ca3330c2,f679f4cf-c089-4a2b-9b84-b14129630601,2025-07-20,MostlyCloudy,79.34,92.3,0.660,4.6,,202,2025-07-23 12:23:40.083596,0.0015748031496063
19419107,bf996092-8d66-408a-8d8e-5065ca3330c2,f679f4cf-c089-4a2b-9b84-b14129630601,2025-07-21,Cloudy,78.998,87.566,0.750,4.4,,95,2025-07-23 12:54:57.216342,0.0433070866141732
19419108,bf996092-8d66-408a-8d8e-5065ca3330c2,f679f4cf-c089-4a2b-9b84-b14129630601,2025-07-22,Rain,78.854,90.77,0.750,3.8,,336,2025-07-23 13:02:56.542594,0.183070866141732
19419109,bf996092-8d66-408a-8d8e-5065ca3330c2,f679f4cf-c089-4a2b-9b84-b14129630601,2025-07-23,Thunderstorms,80.078,87.728,0.800,4.0,,279,2025-07-25 12:03:06.547735,0.35748031496063
19419110,bf996092-8d66-408a-8d8e-5065ca3330c2,f679f4cf-c089-4a2b-9b84-b14129630601,2025-07-24,Thunderstorms,78.674,92.498,0.710,5.7,,313,2025-07-25 04:45:34.940112,0.528346456692913
19419111,bf996092-8d66-408a-8d8e-5065ca3330c2,f679f4cf-c089-4a2b-9b84-b14129630601,2025-07-25,PartlyCloudy,81.374,94.19,0.670,6.7,,315,2025-07-29 12:59:57.251395,0.132677165354331
19419112,bf996092-8d66-408a-8d8e-5065ca3330c2,f679f4cf-c089-4a2b-9b84-b14129630601,2025-07-26,Drizzle,80.888,93.29,0.700,3.1,,145,2025-08-18 13:11:43.895899,0.0519685039370079
19419113,bf996092-8d66-408a-8d8e-5065ca3330c2,f679f4cf-c089-4a2b-9b84-b14129630601,2025-07-27,MostlyCloudy,81.356,92.912,0.670,6.4,,96,2025-07-28 10:09:17.283138,0.0248031496062992
19419609,bf996092-8d66-408a-8d8e-5065ca3330c2,ada6015d-9fce-4f2c-b20f-fc9122d2face,2025-07-18,Drizzle,78.35,89.132,0.700,11.1,,77,2025-07-18 09:36:19.757629,0.13503937007874
19419610,bf996092-8d66-408a-8d8e-5065ca3330c2,ada6015d-9fce-4f2c-b20f-fc9122d2face,2025-07-19,PartlyCloudy,78.224,91.148,0.680,8.8,,149,2025-07-19 07:29:21.295191,0.00551181102362205
19419616,bf996092-8d66-408a-8d8e-5065ca3330c2,ada6015d-9fce-4f2c-b20f-fc9122d2face,2025-07-25,PartlyCloudy,82.202,94.748,0.630,6.2,,308,2025-07-25 12:04:32.312089,0.0169291338582677
19420929,bf996092-8d66-408a-8d8e-5065ca3330c2,f6ab14eb-1a66-4ea5-8a0f-0afbda444403,2025-07-27,MostlyCloudy,81.086,90.212,0.730,9.9,,111,2025-08-03 03:29:09.47202,0.062992125984252
19446028,bf996092-8d66-408a-8d8e-5065ca3330c2,f6ab14eb-1a66-4ea5-8a0f-0afbda444403,2025-07-28,Rain,80.384,86.738,0.830,5.8,,107,2025-07-29 12:16:38.634668,0.414566929133858
19447885,bf996092-8d66-408a-8d8e-5065ca3330c2,f679f4cf-c089-4a2b-9b84-b14129630601,2025-07-28,Drizzle,80.906,92.786,0.690,3.1,,97,2025-08-25 09:34:34.79558,0.153149606299213
19453078,bf996092-8d66-408a-8d8e-5065ca3330c2,f6ab14eb-1a66-4ea5-8a0f-0afbda444403,2025-07-29,Rain,78.746,86.252,0.840,6.6,,94,2025-08-03 04:12:36.891379,0.452362204724409
19458683,bf996092-8d66-408a-8d8e-5065ca3330c2,f6ab14eb-1a66-4ea5-8a0f-0afbda444403,2025-07-30,Rain,79.25,86.99,0.830,9.3,,106,2025-08-03 05:43:51.531207,0.692913385826772
19510129,bf996092-8d66-408a-8d8e-5065ca3330c2,f6ab14eb-1a66-4ea5-8a0f-0afbda444403,2025-07-31,Rain,79.502,88.322,0.800,6.8,,126,2025-08-03 06:15:58.97661,0.403149606299213
19542834,bf996092-8d66-408a-8d8e-5065ca3330c2,f679f4cf-c089-4a2b-9b84-b14129630601,2025-07-29,Thunderstorms,79.736,86.198,0.810,5.5,,98,2025-07-29 12:59:57.25185,1.1255905511811
19542835,bf996092-8d66-408a-8d8e-5065ca3330c2,f679f4cf-c089-4a2b-9b84-b14129630601,2025-07-30,Rain,78.35,87.854,0.790,8.2,,105,2025-08-18 06:40:46.81827,0.656299212598425
19542836,bf996092-8d66-408a-8d8e-5065ca3330c2,f679f4cf-c089-4a2b-9b84-b14129630601,2025-07-31,HeavyRain,78.476,86.09,0.820,4.6,,125,2025-08-25 09:55:40.847569,2.00748031496063
19542837,bf996092-8d66-408a-8d8e-5065ca3330c2,f679f4cf-c089-4a2b-9b84-b14129630601,2025-08-01,Rain,77.954,88.358,0.780,3.3,,215,2025-08-18 12:06:27.759851,0.385433070866142
19574693,bf996092-8d66-408a-8d8e-5065ca3330c2,967e785d-d83c-490b-8d6a-2ed926c956ac,2025-07-24,Thunderstorms,79.052,89.582,0.750,5.5,,295,2025-07-24 05:06:26.805403,0.164566929133858
19574699,bf996092-8d66-408a-8d8e-5065ca3330c2,967e785d-d83c-490b-8d6a-2ed926c956ac,2025-07-30,Rain,78.854,87.188,0.810,5.4,,84,2025-07-31 06:22:17.399869,0.718897637795276
19575015,bf996092-8d66-408a-8d8e-5065ca3330c2,f6ab14eb-1a66-4ea5-8a0f-0afbda444403,2025-08-01,Rain,78.692,89.078,0.800,4.3,,201,2025-08-03 06:49:29.277961,0.447637795275591
19578207,bf996092-8d66-408a-8d8e-5065ca3330c2,f679f4cf-c089-4a2b-9b84-b14129630601,2025-08-02,Drizzle,78.476,89.042,0.740,5.7,,265,2025-08-25 10:22:26.353858,0.0874015748031496
19607633,bf996092-8d66-408a-8d8e-5065ca3330c2,f679f4cf-c089-4a2b-9b84-b14129630601,2025-08-03,Rain,78.746,89.024,0.770,6.1,,287,2025-08-18 11:51:19.159971,0.753543307086614
19608219,bf996092-8d66-408a-8d8e-5065ca3330c2,ada6015d-9fce-4f2c-b20f-fc9122d2face,2025-07-29,Thunderstorms,79.79,86.054,0.800,4.8,,87,2025-07-29 12:19:12.053064,1.61614173228346
19608220,bf996092-8d66-408a-8d8e-5065ca3330c2,ada6015d-9fce-4f2c-b20f-fc9122d2face,2025-07-30,Rain,78.782,86.792,0.790,7.7,,103,2025-07-30 12:09:53.52541,0.561417322834646
19608221,bf996092-8d66-408a-8d8e-5065ca3330c2,ada6015d-9fce-4f2c-b20f-fc9122d2face,2025-07-31,Rain,78.422,86.234,0.810,4.2,,124,2025-07-31 07:05:03.187592,1.68346456692913
19637835,bf996092-8d66-408a-8d8e-5065ca3330c2,f679f4cf-c089-4a2b-9b84-b14129630601,2025-08-04,Rain,78.296,86.9,0.790,3.6,,281,2025-08-25 10:53:34.383736,0.551574803149606
19637836,bf996092-8d66-408a-8d8e-5065ca3330c2,f679f4cf-c089-4a2b-9b84-b14129630601,2025-08-05,Rain,78.386,87.638,0.760,4.1,,219,2025-08-18 11:29:51.089453,0.248818897637795
19643486,bf996092-8d66-408a-8d8e-5065ca3330c2,f679f4cf-c089-4a2b-9b84-b14129630601,2025-08-06,Rain,78.242,89.906,0.720,3.5,,262,2025-08-25 11:18:45.286471,0.183464566929134
19645169,bf996092-8d66-408a-8d8e-5065ca3330c2,f6ab14eb-1a66-4ea5-8a0f-0afbda444403,2025-08-02,Rain,79.268,88.52,0.820,4.4,,295,2025-08-04 05:03:21.733737,0.812992125984252
19645170,bf996092-8d66-408a-8d8e-5065ca3330c2,f6ab14eb-1a66-4ea5-8a0f-0afbda444403,2025-08-03,Rain,78.89,83.3,0.880,4.5,,257,2025-08-04 06:25:33.404187,1.43818897637795
19645171,bf996092-8d66-408a-8d8e-5065ca3330c2,f6ab14eb-1a66-4ea5-8a0f-0afbda444403,2025-08-04,Rain,77.234,82.58,0.890,8.9,,244,2025-08-08 10:57:00.787728,1.91614173228346
19645172,bf996092-8d66-408a-8d8e-5065ca3330c2,f6ab14eb-1a66-4ea5-8a0f-0afbda444403,2025-08-05,Rain,77.252,86.486,0.820,4.2,,250,2025-08-06 09:48:15.368006,1.24370078740157
19645173,bf996092-8d66-408a-8d8e-5065ca3330c2,f6ab14eb-1a66-4ea5-8a0f-0afbda444403,2025-08-06,Rain,77.504,87.566,0.820,4.8,,287,2025-08-08 06:04:48.083935,0.481496062992126
19700066,bf996092-8d66-408a-8d8e-5065ca3330c2,f6ab14eb-1a66-4ea5-8a0f-0afbda444403,2025-08-07,HeavyRain,77.594,89.834,0.780,7.4,,275,2025-08-08 03:53:48.180258,0.911417322834646
19700143,bf996092-8d66-408a-8d8e-5065ca3330c2,f679f4cf-c089-4a2b-9b84-b14129630601,2025-08-07,MostlyClear,78.188,94.244,0.650,7.7,,292,2025-08-25 11:48:19.053792,0.00236220472440945
19812214,bf996092-8d66-408a-8d8e-5065ca3330c2,f6ab14eb-1a66-4ea5-8a0f-0afbda444403,2025-08-08,Rain,79.142,86.342,0.850,4.9,,297,2025-08-09 05:37:05.513204,1.28818897637795
19812215,bf996092-8d66-408a-8d8e-5065ca3330c2,f6ab14eb-1a66-4ea5-8a0f-0afbda444403,2025-08-09,Rain,78.026,87.602,0.810,4.3,,192,2025-08-10 05:01:29.50202,0.913385826771654
19812216,bf996092-8d66-408a-8d8e-5065ca3330c2,f6ab14eb-1a66-4ea5-8a0f-0afbda444403,2025-08-10,Drizzle,78.494,90.176,0.780,4.5,,208,2025-08-11 11:21:30.796866,0.223622047244094
19812217,bf996092-8d66-408a-8d8e-5065ca3330c2,f6ab14eb-1a66-4ea5-8a0f-0afbda444403,2025-08-11,Rain,80.15,87.926,0.830,4.1,,269,2025-08-12 05:29:57.714252,0.466929133858268
19816109,bf996092-8d66-408a-8d8e-5065ca3330c2,f6ab14eb-1a66-4ea5-8a0f-0afbda444403,2025-08-12,Thunderstorms,79.502,91.436,0.770,6.9,,308,2025-08-13 12:17:16.817752,0.126771653543307
19818147,bf996092-8d66-408a-8d8e-5065ca3330c2,f6ab14eb-1a66-4ea5-8a0f-0afbda444403,2025-08-13,Rain,80.384,89.294,0.810,4.1,,129,2025-08-14 11:33:25.230449,0.846062992125984
19871644,bf996092-8d66-408a-8d8e-5065ca3330c2,f6ab14eb-1a66-4ea5-8a0f-0afbda444403,2025-08-14,Thunderstorms,78.332,90.05,0.780,8.2,,96,2025-08-20 10:13:17.058386,0.306692913385827
19912947,bf996092-8d66-408a-8d8e-5065ca3330c2,f6ab14eb-1a66-4ea5-8a0f-0afbda444403,2025-08-15,PartlyCloudy,79.538,91.544,0.720,5.9,,93,2025-08-27 10:03:02.193815,0.0145669291338583
20002880,bf996092-8d66-408a-8d8e-5065ca3330c2,f6ab14eb-1a66-4ea5-8a0f-0afbda444403,2025-08-18,Thunderstorms,80.222,90.896,0.730,8.8,,96,2025-08-19 03:58:45.666521,0.958267716535433
20007785,bf996092-8d66-408a-8d8e-5065ca3330c2,f6ab14eb-1a66-4ea5-8a0f-0afbda444403,2025-08-19,PartlyCloudy,80.762,90.698,0.730,10.1,,97,2025-08-20 05:13:50.881718,0.0409448818897638
20060217,bf996092-8d66-408a-8d8e-5065ca3330c2,f6ab14eb-1a66-4ea5-8a0f-0afbda444403,2025-08-20,Thunderstorms,79.97,89.87,0.760,11.0,,96,2025-08-22 07:41:07.511826,0.0933070866141732
20060218,bf996092-8d66-408a-8d8e-5065ca3330c2,f6ab14eb-1a66-4ea5-8a0f-0afbda444403,2025-08-21,Rain,79.034,89.186,0.800,7.1,,112,2025-08-22 07:39:56.704402,0.678740157480315
20060288,bf996092-8d66-408a-8d8e-5065ca3330c2,f679f4cf-c089-4a2b-9b84-b14129630601,2025-08-12,Cloudy,80.078,89.762,0.750,4.0,,311,2025-08-26 04:42:05.230589,0.0606299212598425
20060289,bf996092-8d66-408a-8d8e-5065ca3330c2,f679f4cf-c089-4a2b-9b84-b14129630601,2025-08-13,MostlyCloudy,80.69,92.03,0.710,4.8,,280,2025-08-26 08:18:37.664879,0.0350393700787402
20060292,bf996092-8d66-408a-8d8e-5065ca3330c2,f679f4cf-c089-4a2b-9b84-b14129630601,2025-08-16,Rain,79.52,90.482,0.760,4.2,,116,2025-08-26 08:26:15.294582,0.192913385826772
20060293,bf996092-8d66-408a-8d8e-5065ca3330c2,f679f4cf-c089-4a2b-9b84-b14129630601,2025-08-17,Thunderstorms,80.744,89.168,0.800,5.6,,75,2025-08-26 08:32:33.660617,0.398425196850394
20060294,bf996092-8d66-408a-8d8e-5065ca3330c2,f679f4cf-c089-4a2b-9b84-b14129630601,2025-08-18,Thunderstorms,79.736,90.086,0.770,7.0,,90,2025-08-26 10:35:39.670882,0.292913385826772
20060295,bf996092-8d66-408a-8d8e-5065ca3330c2,f679f4cf-c089-4a2b-9b84-b14129630601,2025-08-19,PartlyCloudy,79.808,90.932,0.730,5.8,,95,2025-08-20 07:28:32.766692,0.0803149606299213
20060296,bf996092-8d66-408a-8d8e-5065ca3330c2,f679f4cf-c089-4a2b-9b84-b14129630601,2025-08-20,Thunderstorms,79.7,91.004,0.730,7.9,,98,2025-08-26 12:03:07.762666,0.0570866141732283
20060297,bf996092-8d66-408a-8d8e-5065ca3330c2,f679f4cf-c089-4a2b-9b84-b14129630601,2025-08-21,PartlyCloudy,78.998,91.67,0.720,6.1,,105,2025-08-26 12:51:55.458898,0.131496062992126
20095150,bf996092-8d66-408a-8d8e-5065ca3330c2,f6ab14eb-1a66-4ea5-8a0f-0afbda444403,2025-08-22,Thunderstorms,78.638,87.926,0.800,4.4,,139,2025-08-24 04:31:04.353233,0.603543307086614
20125491,bf996092-8d66-408a-8d8e-5065ca3330c2,f6ab14eb-1a66-4ea5-8a0f-0afbda444403,2025-08-23,Rain,78.782,89.636,0.760,8.8,,113,2025-08-24 04:56:44.61263,0.374803149606299
20180445,bf996092-8d66-408a-8d8e-5065ca3330c2,f6ab14eb-1a66-4ea5-8a0f-0afbda444403,2025-08-24,Rain,78.926,87.836,0.770,11.4,,93,2025-08-25 06:48:40.924349,0.755118110236221
20180446,bf996092-8d66-408a-8d8e-5065ca3330c2,f6ab14eb-1a66-4ea5-8a0f-0afbda444403,2025-08-25,Rain,78.674,85.856,0.820,10.1,,122,2025-08-26 06:58:15.30655,0.826377952755906
20186554,bf996092-8d66-408a-8d8e-5065ca3330c2,f6ab14eb-1a66-4ea5-8a0f-0afbda444403,2025-08-26,Thunderstorms,78.494,89.582,0.780,6.4,,114,2025-08-26 12:28:09.39334,0.568110236220472
20193390,bf996092-8d66-408a-8d8e-5065ca3330c2,f679f4cf-c089-4a2b-9b84-b14129630601,2025-08-22,Thunderstorms,78.98,89.636,0.750,3.9,,109,2025-08-26 14:06:33.910822,0.15748031496063
20193391,bf996092-8d66-408a-8d8e-5065ca3330c2,f679f4cf-c089-4a2b-9b84-b14129630601,2025-08-23,Thunderstorms,79.358,88.97,0.770,5.3,,87,2025-08-26 14:29:34.388312,0.62007874015748
20193392,bf996092-8d66-408a-8d8e-5065ca3330c2,f679f4cf-c089-4a2b-9b84-b14129630601,2025-08-24,Thunderstorms,78.584,89.222,0.750,7.7,,109,2025-08-26 14:33:34.334108,0.520866141732284
20193393,bf996092-8d66-408a-8d8e-5065ca3330c2,f679f4cf-c089-4a2b-9b84-b14129630601,2025-08-25,Rain,78.224,85.712,0.810,9.7,,110,2025-08-26 05:02:36.302365,0.733070866141732
20193394,bf996092-8d66-408a-8d8e-5065ca3330c2,f679f4cf-c089-4a2b-9b84-b14129630601,2025-08-26,Thunderstorms,77.972,86.378,0.800,9.3,,124,2025-08-26 14:33:34.334629,0.936220472440945
20251717,bf996092-8d66-408a-8d8e-5065ca3330c2,f6ab14eb-1a66-4ea5-8a0f-0afbda444403,2025-08-27,Thunderstorms,79.592,91.58,0.730,5.9,,106,2025-08-27 14:27:02.960961,0.00905511811023622
20251718,bf996092-8d66-408a-8d8e-5065ca3330c2,f6ab14eb-1a66-4ea5-8a0f-0afbda444403,2025-08-28,Thunderstorms,80.654,90.356,0.760,7.9,,95,2025-08-28 13:22:31.962786,0.109842519685039
20252095,bf996092-8d66-408a-8d8e-5065ca3330c2,ada6015d-9fce-4f2c-b20f-fc9122d2face,2025-08-19,Thunderstorms,80.222,90.59,0.730,6.3,,85,2025-08-19 04:39:43.956801,0.138976377952756
20398828,bf996092-8d66-408a-8d8e-5065ca3330c2,f679f4cf-c089-4a2b-9b84-b14129630601,2025-08-08,Cloudy,81.464,92.534,0.660,6.6,,307,2025-08-25 12:39:09.223436,0.0330708661417323
20401666,bf996092-8d66-408a-8d8e-5065ca3330c2,f679f4cf-c089-4a2b-9b84-b14129630601,2025-08-10,Rain,77.81,88.862,0.770,4.0,,323,2025-08-25 13:28:49.533338,0.34251968503937
