attachment_id,bim360_account_id,bim360_project_id,issue_id,display_name,file_name,storage_urn,file_size,file_type,lineage_urn,version,version_urn,tip_version_urn,bubble_urn,created_at,created_by,deleted_at,deleted_by,updated_at,updated_by
6266c547-7f49-4c9d-b4ba-d71f8dcc13a9,bf996092-8d66-408a-8d8e-5065ca3330c2,967e785d-d83c-490b-8d6a-2ed926c956ac,55e832d8-3afc-45f6-893e-685292eaa3b9,2025-05-06-16-01-58-421.jpg,6266c547-7f49-4c9d-b4ba-d71f8dcc13a9.png,urn:adsk.objects:os.object:wip.dm.prod/84899b9a-e665-4fa3-8c0d-d85e58d02716.png,5687375,png,urn:adsk.wipprod:dm.lineage:SGgcYe-1TRGyylioOQZ2iw,1,urn:adsk.wipprod:fs.file:vf.SGgcYe-1TRGyylioOQZ2iw?version=1,urn:adsk.wipprod:fs.file:vf.SGgcYe-1TRGyylioOQZ2iw?version=1,,2025-05-06 10:32:30.868,DQ72WAMCK3PT3T58,,,2025-05-06 10:32:30.868,DQ72WAMCK3PT3T58
97485361-465c-4ce2-9578-d1298327fed9,bf996092-8d66-408a-8d8e-5065ca3330c2,967e785d-d83c-490b-8d6a-2ed926c956ac,55e832d8-3afc-45f6-893e-685292eaa3b9,2025-05-06-16-02-01-396.jpg,97485361-465c-4ce2-9578-d1298327fed9.png,urn:adsk.objects:os.object:wip.dm.prod/66464fb2-3a6a-4717-a3d1-ecfc200cb4b0.png,5851304,png,urn:adsk.wipprod:dm.lineage:fM9KIWm0RcO_h7_PUyg09w,1,urn:adsk.wipprod:fs.file:vf.fM9KIWm0RcO_h7_PUyg09w?version=1,urn:adsk.wipprod:fs.file:vf.fM9KIWm0RcO_h7_PUyg09w?version=1,,2025-05-06 10:32:39.011,DQ72WAMCK3PT3T58,,,2025-05-06 10:32:39.011,DQ72WAMCK3PT3T58
2231b08c-adfb-4e83-b96c-e843b7cafbb1,bf996092-8d66-408a-8d8e-5065ca3330c2,967e785d-d83c-490b-8d6a-2ed926c956ac,55e832d8-3afc-45f6-893e-685292eaa3b9,2025-05-06-16-02-12-614.jpg,2231b08c-adfb-4e83-b96c-e843b7cafbb1.png,urn:adsk.objects:os.object:wip.dm.prod/2622e582-583d-4551-b6e6-16bcab267ec3.png,1757525,png,urn:adsk.wipprod:dm.lineage:pV_-nRlsQsCV_GWXlF7Uyg,1,urn:adsk.wipprod:fs.file:vf.pV_-nRlsQsCV_GWXlF7Uyg?version=1,urn:adsk.wipprod:fs.file:vf.pV_-nRlsQsCV_GWXlF7Uyg?version=1,,2025-05-06 10:32:44.442,DQ72WAMCK3PT3T58,,,2025-05-06 10:32:44.442,DQ72WAMCK3PT3T58
be24cba0-2023-4893-9aca-8e8451ee6dff,bf996092-8d66-408a-8d8e-5065ca3330c2,ada6015d-9fce-4f2c-b20f-fc9122d2face,00aac456-c807-4ef9-bd59-1b61f3fc00e6,2025-05-07-12-22-28-404.jpg,be24cba0-2023-4893-9aca-8e8451ee6dff.png,urn:adsk.objects:os.object:wip.dm.prod/316562f7-5d66-4586-96f2-564841627b99.png,2185152,png,urn:adsk.wipprod:dm.lineage:vzOawcQrQWCc2aPy4qs0wQ,1,urn:adsk.wipprod:fs.file:vf.vzOawcQrQWCc2aPy4qs0wQ?version=1,urn:adsk.wipprod:fs.file:vf.vzOawcQrQWCc2aPy4qs0wQ?version=1,,2025-05-07 06:52:40.871,WK7J3NJWMTCK9UWQ,,,2025-05-07 06:52:40.871,WK7J3NJWMTCK9UWQ
848c03bc-f371-428a-9fc0-587fad6f002c,bf996092-8d66-408a-8d8e-5065ca3330c2,967e785d-d83c-490b-8d6a-2ed926c956ac,6c0d5ffc-d71c-4e27-b4da-c10a001f32a1,IMG-20250527-WA0036.jpg,848c03bc-f371-428a-9fc0-587fad6f002c.jpg,urn:adsk.objects:os.object:wip.dm.prod/a8ef1f36-4e96-49a3-af21-e6c67e38f9bb.jpg,264430,jpg,urn:adsk.wipprod:dm.lineage:Kw4zrFOQQjOhvruxcAv0SA,1,urn:adsk.wipprod:fs.file:vf.Kw4zrFOQQjOhvruxcAv0SA?version=1,urn:adsk.wipprod:fs.file:vf.Kw4zrFOQQjOhvruxcAv0SA?version=1,,2025-05-27 11:10:09.752,U8Q2F3P4M3PWWQXF,,,2025-05-27 11:10:09.752,U8Q2F3P4M3PWWQXF
98816f28-ef78-4ce1-bca0-caf570dcf066,bf996092-8d66-408a-8d8e-5065ca3330c2,967e785d-d83c-490b-8d6a-2ed926c956ac,6c0d5ffc-d71c-4e27-b4da-c10a001f32a1,IMG-20250527-WA0033.jpg,98816f28-ef78-4ce1-bca0-caf570dcf066.jpg,urn:adsk.objects:os.object:wip.dm.prod/9fe0f042-a03d-4ce8-a1fd-9a8be9d3520f.jpg,238477,jpg,urn:adsk.wipprod:dm.lineage:B5rEL2NtTFexqawpctlcpg,1,urn:adsk.wipprod:fs.file:vf.B5rEL2NtTFexqawpctlcpg?version=1,urn:adsk.wipprod:fs.file:vf.B5rEL2NtTFexqawpctlcpg?version=1,,2025-05-27 11:10:24.484,U8Q2F3P4M3PWWQXF,,,2025-05-27 11:10:24.484,U8Q2F3P4M3PWWQXF
b4bb3d90-e025-43be-a1ef-eab44a1642eb,bf996092-8d66-408a-8d8e-5065ca3330c2,967e785d-d83c-490b-8d6a-2ed926c956ac,6c0d5ffc-d71c-4e27-b4da-c10a001f32a1,IMG-20250527-WA0031.jpg,b4bb3d90-e025-43be-a1ef-eab44a1642eb.jpg,urn:adsk.objects:os.object:wip.dm.prod/6a2ec1a3-11a8-4eb9-9e75-3bbc6c33f6be.jpg,252601,jpg,urn:adsk.wipprod:dm.lineage:qBC-pjnGRiuelPy15kVVOA,1,urn:adsk.wipprod:fs.file:vf.qBC-pjnGRiuelPy15kVVOA?version=1,urn:adsk.wipprod:fs.file:vf.qBC-pjnGRiuelPy15kVVOA?version=1,,2025-05-27 11:10:29.55,U8Q2F3P4M3PWWQXF,,,2025-05-27 11:10:29.55,U8Q2F3P4M3PWWQXF
742ec8d4-9970-40f8-9511-b285cf3dfa8a,bf996092-8d66-408a-8d8e-5065ca3330c2,967e785d-d83c-490b-8d6a-2ed926c956ac,6c0d5ffc-d71c-4e27-b4da-c10a001f32a1,IMG-20250527-WA0034.jpg,742ec8d4-9970-40f8-9511-b285cf3dfa8a.jpg,urn:adsk.objects:os.object:wip.dm.prod/6564a910-320a-43b4-b23b-824698d20d10.jpg,237962,jpg,urn:adsk.wipprod:dm.lineage:HnurTFyDRnSKQ9RE6qBZfQ,1,urn:adsk.wipprod:fs.file:vf.HnurTFyDRnSKQ9RE6qBZfQ?version=1,urn:adsk.wipprod:fs.file:vf.HnurTFyDRnSKQ9RE6qBZfQ?version=1,,2025-05-27 11:10:35.578,U8Q2F3P4M3PWWQXF,,,2025-05-27 11:10:35.578,U8Q2F3P4M3PWWQXF
9f69eb89-1faa-452f-a85a-a8bc19816168,bf996092-8d66-408a-8d8e-5065ca3330c2,967e785d-d83c-490b-8d6a-2ed926c956ac,3deb9059-829a-4753-98c7-0c2006473c5b,Screenshot_20250531_093348_WhatsApp.jpg,9f69eb89-1faa-452f-a85a-a8bc19816168.jpg,urn:adsk.objects:os.object:wip.dm.prod/17da002f-a79c-4f6a-acef-2d38d9e6d5ce.jpg,57503,jpg,urn:adsk.wipprod:dm.lineage:DYQ7zirzSGuvP5ciwHlE3A,1,urn:adsk.wipprod:fs.file:vf.DYQ7zirzSGuvP5ciwHlE3A?version=1,urn:adsk.wipprod:fs.file:vf.DYQ7zirzSGuvP5ciwHlE3A?version=1,,2025-05-31 04:45:17.914,YNUJS2S8LSSR8AJW,2025-05-31 04:45:18.622,YNUJS2S8LSSR8AJW,2025-05-31 04:45:18.62,YNUJS2S8LSSR8AJW
efe2d983-ba2b-48b9-92e0-8c8de82214d0,bf996092-8d66-408a-8d8e-5065ca3330c2,967e785d-d83c-490b-8d6a-2ed926c956ac,3deb9059-829a-4753-98c7-0c2006473c5b,Screenshot_20250531_093348_WhatsApp.jpg,efe2d983-ba2b-48b9-92e0-8c8de82214d0.jpg,urn:adsk.objects:os.object:wip.dm.prod/d51cf816-df00-4166-bc5a-f8edd0ba9dd1.jpg,57503,jpg,urn:adsk.wipprod:dm.lineage:ilW6ZxWsTwa_dUid9xWhDg,1,urn:adsk.wipprod:fs.file:vf.ilW6ZxWsTwa_dUid9xWhDg?version=1,urn:adsk.wipprod:fs.file:vf.ilW6ZxWsTwa_dUid9xWhDg?version=1,,2025-05-31 04:45:23.485,YNUJS2S8LSSR8AJW,2025-05-31 04:45:27.293,YNUJS2S8LSSR8AJW,2025-05-31 04:45:27.291,YNUJS2S8LSSR8AJW
493ad5fb-d06f-4633-8201-ffb3bed65152,bf996092-8d66-408a-8d8e-5065ca3330c2,967e785d-d83c-490b-8d6a-2ed926c956ac,3deb9059-829a-4753-98c7-0c2006473c5b,20250530_123141.jpg,493ad5fb-d06f-4633-8201-ffb3bed65152.jpg,urn:adsk.objects:os.object:wip.dm.prod/b664aea8-6445-4772-aec3-0c023221361d.jpg,3253177,jpg,urn:adsk.wipprod:dm.lineage:vpG3AKcxRS-SnnVg-QgRXw,1,urn:adsk.wipprod:fs.file:vf.vpG3AKcxRS-SnnVg-QgRXw?version=1,urn:adsk.wipprod:fs.file:vf.vpG3AKcxRS-SnnVg-QgRXw?version=1,,2025-05-31 04:45:13.094,YNUJS2S8LSSR8AJW,2025-05-31 04:45:32.04,YNUJS2S8LSSR8AJW,2025-05-31 04:45:32.038,YNUJS2S8LSSR8AJW
996ee816-b8a6-4043-9a28-8b7b9c3391e7,bf996092-8d66-408a-8d8e-5065ca3330c2,967e785d-d83c-490b-8d6a-2ed926c956ac,3deb9059-829a-4753-98c7-0c2006473c5b,20250530_123126.jpg,996ee816-b8a6-4043-9a28-8b7b9c3391e7.jpg,urn:adsk.objects:os.object:wip.dm.prod/bc48442a-d70e-4684-bb12-d088d041c73f.jpg,3012337,jpg,urn:adsk.wipprod:dm.lineage:_N566PRNSRat0oAxScPjfA,1,urn:adsk.wipprod:fs.file:vf._N566PRNSRat0oAxScPjfA?version=1,urn:adsk.wipprod:fs.file:vf._N566PRNSRat0oAxScPjfA?version=1,,2025-05-31 04:44:48.838,YNUJS2S8LSSR8AJW,2025-05-31 04:45:37.049,YNUJS2S8LSSR8AJW,2025-05-31 04:45:37.047,YNUJS2S8LSSR8AJW
c3ac19e9-50d6-44b3-a9c2-37c4dc4e8dc6,bf996092-8d66-408a-8d8e-5065ca3330c2,967e785d-d83c-490b-8d6a-2ed926c956ac,3deb9059-829a-4753-98c7-0c2006473c5b,20250530_123126.jpg,c3ac19e9-50d6-44b3-a9c2-37c4dc4e8dc6.jpg,urn:adsk.objects:os.object:wip.dm.prod/0ef378bd-8b5d-4855-8c69-8667d97f0024.jpg,3012337,jpg,urn:adsk.wipprod:dm.lineage:KqHYX700SIyFCyZhsM_xaw,1,urn:adsk.wipprod:fs.file:vf.KqHYX700SIyFCyZhsM_xaw?version=1,urn:adsk.wipprod:fs.file:vf.KqHYX700SIyFCyZhsM_xaw?version=1,,2025-05-31 04:46:11.94,YNUJS2S8LSSR8AJW,,,2025-05-31 04:46:11.94,YNUJS2S8LSSR8AJW
82489e11-da15-477b-8b10-3409630e2b1d,bf996092-8d66-408a-8d8e-5065ca3330c2,967e785d-d83c-490b-8d6a-2ed926c956ac,3deb9059-829a-4753-98c7-0c2006473c5b,20250530_123141.jpg,82489e11-da15-477b-8b10-3409630e2b1d.jpg,urn:adsk.objects:os.object:wip.dm.prod/d92e1c0d-6b8d-4832-80c3-271dc8c45f73.jpg,3253177,jpg,urn:adsk.wipprod:dm.lineage:sn2_MlxMQC6xBpoVW-aLbA,1,urn:adsk.wipprod:fs.file:vf.sn2_MlxMQC6xBpoVW-aLbA?version=1,urn:adsk.wipprod:fs.file:vf.sn2_MlxMQC6xBpoVW-aLbA?version=1,,2025-05-31 04:46:30.918,YNUJS2S8LSSR8AJW,,,2025-05-31 04:46:30.918,YNUJS2S8LSSR8AJW
d0cd4a0c-d385-43e9-a067-97cf7c61e120,bf996092-8d66-408a-8d8e-5065ca3330c2,967e785d-d83c-490b-8d6a-2ed926c956ac,3deb9059-829a-4753-98c7-0c2006473c5b,Screenshot_20250531_093348_WhatsApp.jpg,d0cd4a0c-d385-43e9-a067-97cf7c61e120.jpg,urn:adsk.objects:os.object:wip.dm.prod/2630dc5b-c707-4747-8bba-2f2735c934f7.jpg,57503,jpg,urn:adsk.wipprod:dm.lineage:S22B6T86RUuL6l0QcXFADA,1,urn:adsk.wipprod:fs.file:vf.S22B6T86RUuL6l0QcXFADA?version=1,urn:adsk.wipprod:fs.file:vf.S22B6T86RUuL6l0QcXFADA?version=1,,2025-05-31 04:45:52.362,YNUJS2S8LSSR8AJW,2025-05-31 04:46:51.305,YNUJS2S8LSSR8AJW,2025-05-31 04:46:51.303,YNUJS2S8LSSR8AJW
80d49c75-e5dd-461b-917b-3ff61cabcba2,bf996092-8d66-408a-8d8e-5065ca3330c2,967e785d-d83c-490b-8d6a-2ed926c956ac,a95f6b04-0ce7-43fa-b172-7da4631d625e,20250530_131446.jpg,80d49c75-e5dd-461b-917b-3ff61cabcba2.jpg,urn:adsk.objects:os.object:wip.dm.prod/9e62b06c-9cef-4271-bee6-bf76cd9b62d7.jpg,1728976,jpg,urn:adsk.wipprod:dm.lineage:KEClwAkHTI-caQ8RBYk_Vw,1,urn:adsk.wipprod:fs.file:vf.KEClwAkHTI-caQ8RBYk_Vw?version=1,urn:adsk.wipprod:fs.file:vf.KEClwAkHTI-caQ8RBYk_Vw?version=1,,2025-05-31 04:56:12.751,YNUJS2S8LSSR8AJW,,,2025-05-31 04:56:12.751,YNUJS2S8LSSR8AJW
2f734c54-073d-40bf-bf16-bca13592b0cf,bf996092-8d66-408a-8d8e-5065ca3330c2,967e785d-d83c-490b-8d6a-2ed926c956ac,a95f6b04-0ce7-43fa-b172-7da4631d625e,20250530_131443.jpg,2f734c54-073d-40bf-bf16-bca13592b0cf.jpg,urn:adsk.objects:os.object:wip.dm.prod/93a2a6b8-7e71-40aa-a2d0-0e1503a9f5dc.jpg,1666221,jpg,urn:adsk.wipprod:dm.lineage:CKgVUxveRAm8KCkfI2Ae4w,1,urn:adsk.wipprod:fs.file:vf.CKgVUxveRAm8KCkfI2Ae4w?version=1,urn:adsk.wipprod:fs.file:vf.CKgVUxveRAm8KCkfI2Ae4w?version=1,,2025-05-31 04:56:26.326,YNUJS2S8LSSR8AJW,,,2025-05-31 04:56:26.326,YNUJS2S8LSSR8AJW
ff08a078-71a6-454b-bb29-7ffa1e8d209e,bf996092-8d66-408a-8d8e-5065ca3330c2,967e785d-d83c-490b-8d6a-2ed926c956ac,8ef4a21e-007e-4a2d-b872-6637b181cb30,20250530_131359.heic,ff08a078-71a6-454b-bb29-7ffa1e8d209e.heic,urn:adsk.objects:os.object:wip.dm.prod/6d78686f-5ac9-44dc-a702-d5bbc21d4abb.heic,2245684,heic,urn:adsk.wipprod:dm.lineage:HhHSg10eSsu4iQZ8MZvCMQ,1,urn:adsk.wipprod:fs.file:vf.HhHSg10eSsu4iQZ8MZvCMQ?version=1,urn:adsk.wipprod:fs.file:vf.HhHSg10eSsu4iQZ8MZvCMQ?version=1,,2025-05-31 05:11:30.242,YNUJS2S8LSSR8AJW,,,2025-05-31 05:11:30.242,YNUJS2S8LSSR8AJW
67043e4f-5fab-49a1-af4f-e0ad0e18b540,bf996092-8d66-408a-8d8e-5065ca3330c2,967e785d-d83c-490b-8d6a-2ed926c956ac,36b8ba42-8886-457d-9358-f9a9a972c51a,20250530_132319.heic,67043e4f-5fab-49a1-af4f-e0ad0e18b540.heic,urn:adsk.objects:os.object:wip.dm.prod/f8d39017-af65-4602-a544-cd7fe1a262b7.heic,1327370,heic,urn:adsk.wipprod:dm.lineage:b7uq7uRHTMmmALZipI536w,1,urn:adsk.wipprod:fs.file:vf.b7uq7uRHTMmmALZipI536w?version=1,urn:adsk.wipprod:fs.file:vf.b7uq7uRHTMmmALZipI536w?version=1,,2025-05-31 05:49:58.425,YNUJS2S8LSSR8AJW,2025-05-31 05:49:59.133,YNUJS2S8LSSR8AJW,2025-05-31 05:49:59.131,YNUJS2S8LSSR8AJW
1a627b72-4f6f-414e-82e5-39e65b61b2fd,bf996092-8d66-408a-8d8e-5065ca3330c2,967e785d-d83c-490b-8d6a-2ed926c956ac,36b8ba42-8886-457d-9358-f9a9a972c51a,20250530_132610.heic,1a627b72-4f6f-414e-82e5-39e65b61b2fd.heic,urn:adsk.objects:os.object:wip.dm.prod/590ef1e3-9b64-4b98-a083-ed60850d62d8.heic,1455715,heic,urn:adsk.wipprod:dm.lineage:ZlqLC3a1QKyZ5wDXtSeybQ,1,urn:adsk.wipprod:fs.file:vf.ZlqLC3a1QKyZ5wDXtSeybQ?version=1,urn:adsk.wipprod:fs.file:vf.ZlqLC3a1QKyZ5wDXtSeybQ?version=1,,2025-05-31 05:50:26.047,YNUJS2S8LSSR8AJW,,,2025-05-31 05:50:26.047,YNUJS2S8LSSR8AJW
e3ac42d6-a3e3-446e-b8e9-2264216bc14b,bf996092-8d66-408a-8d8e-5065ca3330c2,967e785d-d83c-490b-8d6a-2ed926c956ac,36b8ba42-8886-457d-9358-f9a9a972c51a,20250530_132319.heic,e3ac42d6-a3e3-446e-b8e9-2264216bc14b.heic,urn:adsk.objects:os.object:wip.dm.prod/c7a4b294-ed64-40f3-8006-5deaf41d62a5.heic,1327370,heic,urn:adsk.wipprod:dm.lineage:uEXDm5UPS2yv40n9lpkLLw,1,urn:adsk.wipprod:fs.file:vf.uEXDm5UPS2yv40n9lpkLLw?version=1,urn:adsk.wipprod:fs.file:vf.uEXDm5UPS2yv40n9lpkLLw?version=1,,2025-05-31 05:51:02.286,YNUJS2S8LSSR8AJW,,,2025-05-31 05:51:02.286,YNUJS2S8LSSR8AJW
a6598842-b858-4829-8ca4-c194e6bac670,bf996092-8d66-408a-8d8e-5065ca3330c2,f6ab14eb-1a66-4ea5-8a0f-0afbda444403,435dd5e2-8422-4e68-8687-97fe03d18bcb,R-wall Comments.pdf,a6598842-b858-4829-8ca4-c194e6bac670.pdf,urn:adsk.objects:os.object:wip.dm.prod/8940c57c-6e97-4775-a12c-cc0ff1cfff2d.pdf,300765,pdf,urn:adsk.wipprod:dm.lineage:PnnbzXi5SRutN51L-WJe3w,1,urn:adsk.wipprod:fs.file:vf.PnnbzXi5SRutN51L-WJe3w?version=1,urn:adsk.wipprod:fs.file:vf.PnnbzXi5SRutN51L-WJe3w?version=1,,2025-08-28 10:34:24.208,S762NMGBKUB423MM,,,2025-08-28 10:34:24.208,S762NMGBKUB423MM
bce5c7d2-5dd3-4722-a70d-dbe3a225b362,bf996092-8d66-408a-8d8e-5065ca3330c2,967e785d-d83c-490b-8d6a-2ed926c956ac,00bfefb0-bb60-4f75-a0d1-2fbd22d7b829,IMG-20250725-WA0077.jpg,bce5c7d2-5dd3-4722-a70d-dbe3a225b362.jpg,urn:adsk.objects:os.object:wip.dm.prod/805378e3-025b-4cf0-870e-8dab23e524a8.jpg,346389,jpg,urn:adsk.wipprod:dm.lineage:vP6eFU0pS8maHL59ANIRvA,1,urn:adsk.wipprod:fs.file:vf.vP6eFU0pS8maHL59ANIRvA?version=1,urn:adsk.wipprod:fs.file:vf.vP6eFU0pS8maHL59ANIRvA?version=1,,2025-07-25 15:54:27.298,YNUJS2S8LSSR8AJW,,,2025-07-25 15:54:27.298,YNUJS2S8LSSR8AJW
e94d4a8a-228d-4568-8e2a-4c68f0bbb997,bf996092-8d66-408a-8d8e-5065ca3330c2,967e785d-d83c-490b-8d6a-2ed926c956ac,00bfefb0-bb60-4f75-a0d1-2fbd22d7b829,IMG-20250725-WA0076.jpg,e94d4a8a-228d-4568-8e2a-4c68f0bbb997.jpg,urn:adsk.objects:os.object:wip.dm.prod/5784cd55-f152-48eb-a7a2-5699d568e33f.jpg,302015,jpg,urn:adsk.wipprod:dm.lineage:DR8GhC6BQA65UFJIOh8LPQ,1,urn:adsk.wipprod:fs.file:vf.DR8GhC6BQA65UFJIOh8LPQ?version=1,urn:adsk.wipprod:fs.file:vf.DR8GhC6BQA65UFJIOh8LPQ?version=1,,2025-07-25 15:54:51.404,YNUJS2S8LSSR8AJW,,,2025-07-25 15:54:51.404,YNUJS2S8LSSR8AJW
95938dad-5a40-4d21-af33-b3119e6742ca,bf996092-8d66-408a-8d8e-5065ca3330c2,967e785d-d83c-490b-8d6a-2ed926c956ac,73cc3c1c-9ede-4bf6-9d51-81a8f803dc9a,IMG-20250725-WA0050.jpg,95938dad-5a40-4d21-af33-b3119e6742ca.jpg,urn:adsk.objects:os.object:wip.dm.prod/9f3fc8ca-2160-41fa-8a54-69183e57333d.jpg,342092,jpg,urn:adsk.wipprod:dm.lineage:hd8Wk9jgSCaajnmf2TmTCQ,1,urn:adsk.wipprod:fs.file:vf.hd8Wk9jgSCaajnmf2TmTCQ?version=1,urn:adsk.wipprod:fs.file:vf.hd8Wk9jgSCaajnmf2TmTCQ?version=1,,2025-07-26 04:41:16.319,U8Q2F3P4M3PWWQXF,,,2025-07-26 04:41:16.319,U8Q2F3P4M3PWWQXF
33b56fd5-94ab-4e6c-9f92-8e48e0c912c9,bf996092-8d66-408a-8d8e-5065ca3330c2,967e785d-d83c-490b-8d6a-2ed926c956ac,73cc3c1c-9ede-4bf6-9d51-81a8f803dc9a,IMG-20250725-WA0051.jpg,33b56fd5-94ab-4e6c-9f92-8e48e0c912c9.jpg,urn:adsk.objects:os.object:wip.dm.prod/6ce19931-c69d-4620-a4cb-a9cde052f064.jpg,351483,jpg,urn:adsk.wipprod:dm.lineage:0YNPKR47QSqKK-vRRYvqSg,1,urn:adsk.wipprod:fs.file:vf.0YNPKR47QSqKK-vRRYvqSg?version=1,urn:adsk.wipprod:fs.file:vf.0YNPKR47QSqKK-vRRYvqSg?version=1,,2025-07-26 04:41:21.514,U8Q2F3P4M3PWWQXF,,,2025-07-26 04:41:21.514,U8Q2F3P4M3PWWQXF
6780c19b-6474-44f5-aa8c-63d8cc32d70e,bf996092-8d66-408a-8d8e-5065ca3330c2,967e785d-d83c-490b-8d6a-2ed926c956ac,73cc3c1c-9ede-4bf6-9d51-81a8f803dc9a,IMG-20250725-WA0049.jpg,6780c19b-6474-44f5-aa8c-63d8cc32d70e.jpg,urn:adsk.objects:os.object:wip.dm.prod/38ffaafa-5a07-46ee-a594-c27f2715e026.jpg,289251,jpg,urn:adsk.wipprod:dm.lineage:0tBFh-qCQUa4MNFIqpjQOA,1,urn:adsk.wipprod:fs.file:vf.0tBFh-qCQUa4MNFIqpjQOA?version=1,urn:adsk.wipprod:fs.file:vf.0tBFh-qCQUa4MNFIqpjQOA?version=1,,2025-07-26 04:41:25.81,U8Q2F3P4M3PWWQXF,,,2025-07-26 04:41:25.81,U8Q2F3P4M3PWWQXF
72de009a-07f3-403a-ac2c-3d0916f45509,bf996092-8d66-408a-8d8e-5065ca3330c2,967e785d-d83c-490b-8d6a-2ed926c956ac,73cc3c1c-9ede-4bf6-9d51-81a8f803dc9a,IMG-20250725-WA0048.jpg,72de009a-07f3-403a-ac2c-3d0916f45509.jpg,urn:adsk.objects:os.object:wip.dm.prod/2b32ef12-7864-4ab6-b734-e4a551118e7f.jpg,279953,jpg,urn:adsk.wipprod:dm.lineage:D88-2LS4TZCrJpVaex2YuQ,1,urn:adsk.wipprod:fs.file:vf.D88-2LS4TZCrJpVaex2YuQ?version=1,urn:adsk.wipprod:fs.file:vf.D88-2LS4TZCrJpVaex2YuQ?version=1,,2025-07-26 04:41:30.2,U8Q2F3P4M3PWWQXF,,,2025-07-26 04:41:30.2,U8Q2F3P4M3PWWQXF
4fe3c2ef-1e27-42de-81cb-e96bc73ed6c7,bf996092-8d66-408a-8d8e-5065ca3330c2,967e785d-d83c-490b-8d6a-2ed926c956ac,73cc3c1c-9ede-4bf6-9d51-81a8f803dc9a,IMG-20250725-WA0046.jpg,4fe3c2ef-1e27-42de-81cb-e96bc73ed6c7.jpg,urn:adsk.objects:os.object:wip.dm.prod/27755ccd-6e9e-44e6-91a9-06eff8566aa2.jpg,220958,jpg,urn:adsk.wipprod:dm.lineage:l8Qkrl1SS6uIPoSw47rXqQ,1,urn:adsk.wipprod:fs.file:vf.l8Qkrl1SS6uIPoSw47rXqQ?version=1,urn:adsk.wipprod:fs.file:vf.l8Qkrl1SS6uIPoSw47rXqQ?version=1,,2025-07-26 04:41:34.726,U8Q2F3P4M3PWWQXF,,,2025-07-26 04:41:34.726,U8Q2F3P4M3PWWQXF
81f2c3b3-3fe0-46cf-9e04-3fd21163a35a,bf996092-8d66-408a-8d8e-5065ca3330c2,967e785d-d83c-490b-8d6a-2ed926c956ac,73cc3c1c-9ede-4bf6-9d51-81a8f803dc9a,IMG-20250725-WA0047.jpg,81f2c3b3-3fe0-46cf-9e04-3fd21163a35a.jpg,urn:adsk.objects:os.object:wip.dm.prod/6db44079-d79d-40f1-b026-03e7a6750c98.jpg,330798,jpg,urn:adsk.wipprod:dm.lineage:KcgsJyPRQSisgQJzbZfuAQ,1,urn:adsk.wipprod:fs.file:vf.KcgsJyPRQSisgQJzbZfuAQ?version=1,urn:adsk.wipprod:fs.file:vf.KcgsJyPRQSisgQJzbZfuAQ?version=1,,2025-07-26 04:41:40.042,U8Q2F3P4M3PWWQXF,,,2025-07-26 04:41:40.042,U8Q2F3P4M3PWWQXF
8b5e8334-c7a2-47fb-8aa3-241c9443a91d,bf996092-8d66-408a-8d8e-5065ca3330c2,967e785d-d83c-490b-8d6a-2ed926c956ac,73cc3c1c-9ede-4bf6-9d51-81a8f803dc9a,IMG-20250725-WA0044.jpg,8b5e8334-c7a2-47fb-8aa3-241c9443a91d.jpg,urn:adsk.objects:os.object:wip.dm.prod/22908d24-6fa1-4283-81df-5c146f7c8113.jpg,304917,jpg,urn:adsk.wipprod:dm.lineage:ApTYfrPQTL6LYf8TWg_yDw,1,urn:adsk.wipprod:fs.file:vf.ApTYfrPQTL6LYf8TWg_yDw?version=1,urn:adsk.wipprod:fs.file:vf.ApTYfrPQTL6LYf8TWg_yDw?version=1,,2025-07-26 04:41:45.628,U8Q2F3P4M3PWWQXF,,,2025-07-26 04:41:45.628,U8Q2F3P4M3PWWQXF
7a3c9730-c787-43cc-95c0-822d8786abc1,bf996092-8d66-408a-8d8e-5065ca3330c2,967e785d-d83c-490b-8d6a-2ed926c956ac,73cc3c1c-9ede-4bf6-9d51-81a8f803dc9a,IMG-20250725-WA0045.jpg,7a3c9730-c787-43cc-95c0-822d8786abc1.jpg,urn:adsk.objects:os.object:wip.dm.prod/d0ee9db5-593c-4f1e-9370-1493413a61b9.jpg,264885,jpg,urn:adsk.wipprod:dm.lineage:rwVVpFU7RDCtVtM9iWdwOQ,1,urn:adsk.wipprod:fs.file:vf.rwVVpFU7RDCtVtM9iWdwOQ?version=1,urn:adsk.wipprod:fs.file:vf.rwVVpFU7RDCtVtM9iWdwOQ?version=1,,2025-07-26 04:41:51.193,U8Q2F3P4M3PWWQXF,,,2025-07-26 04:41:51.193,U8Q2F3P4M3PWWQXF
103ec49a-a561-45b2-a685-218ec7913af1,bf996092-8d66-408a-8d8e-5065ca3330c2,967e785d-d83c-490b-8d6a-2ed926c956ac,73cc3c1c-9ede-4bf6-9d51-81a8f803dc9a,IMG-20250725-WA0043.jpg,103ec49a-a561-45b2-a685-218ec7913af1.jpg,urn:adsk.objects:os.object:wip.dm.prod/b6cdb003-3c79-469a-806a-0ed55393bb16.jpg,331684,jpg,urn:adsk.wipprod:dm.lineage:4bFSRegHR3u_wZt_aWcCtg,1,urn:adsk.wipprod:fs.file:vf.4bFSRegHR3u_wZt_aWcCtg?version=1,urn:adsk.wipprod:fs.file:vf.4bFSRegHR3u_wZt_aWcCtg?version=1,,2025-07-26 04:41:55.717,U8Q2F3P4M3PWWQXF,,,2025-07-26 04:41:55.717,U8Q2F3P4M3PWWQXF
5f30e94f-a1c8-400b-a932-87bf0cbf2d3a,bf996092-8d66-408a-8d8e-5065ca3330c2,967e785d-d83c-490b-8d6a-2ed926c956ac,73cc3c1c-9ede-4bf6-9d51-81a8f803dc9a,IMG-20250725-WA0040.jpg,5f30e94f-a1c8-400b-a932-87bf0cbf2d3a.jpg,urn:adsk.objects:os.object:wip.dm.prod/4137276b-d76a-47cd-bfa1-4d21e462f1e4.jpg,332658,jpg,urn:adsk.wipprod:dm.lineage:xcXBbFtDQ9K5gBQogkpskw,1,urn:adsk.wipprod:fs.file:vf.xcXBbFtDQ9K5gBQogkpskw?version=1,urn:adsk.wipprod:fs.file:vf.xcXBbFtDQ9K5gBQogkpskw?version=1,,2025-07-26 04:42:00.006,U8Q2F3P4M3PWWQXF,,,2025-07-26 04:42:00.006,U8Q2F3P4M3PWWQXF
ff691d9c-80e2-46c4-889d-2a4fbe9037db,bf996092-8d66-408a-8d8e-5065ca3330c2,967e785d-d83c-490b-8d6a-2ed926c956ac,73cc3c1c-9ede-4bf6-9d51-81a8f803dc9a,IMG-20250725-WA0039.jpg,ff691d9c-80e2-46c4-889d-2a4fbe9037db.jpg,urn:adsk.objects:os.object:wip.dm.prod/e245f913-e671-4644-97d9-32f15b88159f.jpg,334681,jpg,urn:adsk.wipprod:dm.lineage:ZXoBzfkRRDOfgiAqU4-1gg,1,urn:adsk.wipprod:fs.file:vf.ZXoBzfkRRDOfgiAqU4-1gg?version=1,urn:adsk.wipprod:fs.file:vf.ZXoBzfkRRDOfgiAqU4-1gg?version=1,,2025-07-26 04:42:04.31,U8Q2F3P4M3PWWQXF,,,2025-07-26 04:42:04.31,U8Q2F3P4M3PWWQXF
6dda69b6-1a10-4899-9f26-d206c2dc667a,bf996092-8d66-408a-8d8e-5065ca3330c2,f679f4cf-c089-4a2b-9b84-b14129630601,9722a2dc-5680-4e33-b5a8-3a0503aa91be,Ghaziabad Comments Typical Floor Beam detail_removed.pdf,6dda69b6-1a10-4899-9f26-d206c2dc667a.pdf,urn:adsk.objects:os.object:wip.dm.prod/559d2075-d70d-4bc5-a1a2-9a43f4c83282.pdf,273726,pdf,urn:adsk.wipprod:dm.lineage:zLyw-jlkTrexKuMBhYHvtQ,1,urn:adsk.wipprod:fs.file:vf.zLyw-jlkTrexKuMBhYHvtQ?version=1,urn:adsk.wipprod:fs.file:vf.zLyw-jlkTrexKuMBhYHvtQ?version=1,,2025-08-27 06:04:24.605,S762NMGBKUB423MM,2025-08-27 06:10:35.052,S762NMGBKUB423MM,2025-08-27 06:10:35.05,S762NMGBKUB423MM
8189dcf1-4aa2-489e-8432-5ac08f3e6966,bf996092-8d66-408a-8d8e-5065ca3330c2,f679f4cf-c089-4a2b-9b84-b14129630601,9722a2dc-5680-4e33-b5a8-3a0503aa91be,Ghaziabad Comments Typical Floor Beam detail_removed.pdf,8189dcf1-4aa2-489e-8432-5ac08f3e6966.pdf,urn:adsk.objects:os.object:wip.dm.prod/1b7fa730-721f-4c77-bf92-e1bec46ff002.pdf,273726,pdf,urn:adsk.wipprod:dm.lineage:sgx-WjP8SamKlOviT9SAWg,1,urn:adsk.wipprod:fs.file:vf.sgx-WjP8SamKlOviT9SAWg?version=1,urn:adsk.wipprod:fs.file:vf.sgx-WjP8SamKlOviT9SAWg?version=1,,2025-08-27 06:10:44.548,S762NMGBKUB423MM,,,2025-08-27 06:10:44.548,S762NMGBKUB423MM
ba1375e0-015b-4b74-9dd0-fa794c75a0d5,bf996092-8d66-408a-8d8e-5065ca3330c2,f679f4cf-c089-4a2b-9b84-b14129630601,1b0d0d13-5371-4f3c-92a9-1a7d6f2988d0,Ghaziabad Comments Sketch.pdf,ba1375e0-015b-4b74-9dd0-fa794c75a0d5.pdf,urn:adsk.objects:os.object:wip.dm.prod/5f882305-1d57-4e48-9080-b6cc803b37cb.pdf,76134,pdf,urn:adsk.wipprod:dm.lineage:pA6q_ecFR6anockmDxq0Mw,1,urn:adsk.wipprod:fs.file:vf.pA6q_ecFR6anockmDxq0Mw?version=1,urn:adsk.wipprod:fs.file:vf.pA6q_ecFR6anockmDxq0Mw?version=1,,2025-08-26 12:44:30.002,S762NMGBKUB423MM,2025-08-27 06:14:40.461,S762NMGBKUB423MM,2025-08-27 06:14:40.46,S762NMGBKUB423MM
60d22621-664b-423a-b9a1-83f98b65b100,bf996092-8d66-408a-8d8e-5065ca3330c2,f679f4cf-c089-4a2b-9b84-b14129630601,1b0d0d13-5371-4f3c-92a9-1a7d6f2988d0,Ghaziabad Comments Typical Floor Beam detail.pdf,60d22621-664b-423a-b9a1-83f98b65b100.pdf,urn:adsk.objects:os.object:wip.dm.prod/933a6136-bfd7-4bf6-baac-6f174f0c3635.pdf,1736439,pdf,urn:adsk.wipprod:dm.lineage:cpKyLpM_SMSD5AGizcqJHg,1,urn:adsk.wipprod:fs.file:vf.cpKyLpM_SMSD5AGizcqJHg?version=1,urn:adsk.wipprod:fs.file:vf.cpKyLpM_SMSD5AGizcqJHg?version=1,,2025-08-26 12:38:17.605,S762NMGBKUB423MM,2025-08-27 06:14:55.478,S762NMGBKUB423MM,2025-08-27 06:14:55.475,S762NMGBKUB423MM
97da0e8f-9577-493e-b444-87fc1f5c379d,bf996092-8d66-408a-8d8e-5065ca3330c2,f679f4cf-c089-4a2b-9b84-b14129630601,1b0d0d13-5371-4f3c-92a9-1a7d6f2988d0,Ghaziabad Comments Typical Floor Beam detail (1).pdf,97da0e8f-9577-493e-b444-87fc1f5c379d.pdf,urn:adsk.objects:os.object:wip.dm.prod/8ee1d373-fef7-4a37-836b-246478fcec9c.pdf,1736439,pdf,urn:adsk.wipprod:dm.lineage:BtDalhX9TI2pF8MmdVaNCA,1,urn:adsk.wipprod:fs.file:vf.BtDalhX9TI2pF8MmdVaNCA?version=1,urn:adsk.wipprod:fs.file:vf.BtDalhX9TI2pF8MmdVaNCA?version=1,,2025-08-27 06:14:56.018,S762NMGBKUB423MM,,,2025-08-27 06:14:56.018,S762NMGBKUB423MM
45c99b64-b722-4251-93a1-fa66924bd832,bf996092-8d66-408a-8d8e-5065ca3330c2,f679f4cf-c089-4a2b-9b84-b14129630601,f46481dd-4791-486d-92ca-a5980b350bff,Ghaziabad Comments Sketch.pdf,45c99b64-b722-4251-93a1-fa66924bd832.pdf,urn:adsk.objects:os.object:wip.dm.prod/5958b3ca-81c5-477b-b19c-dfd38294e877.pdf,76134,pdf,urn:adsk.wipprod:dm.lineage:yQjbSOGbR1isZmKLh61bcw,1,urn:adsk.wipprod:fs.file:vf.yQjbSOGbR1isZmKLh61bcw?version=1,urn:adsk.wipprod:fs.file:vf.yQjbSOGbR1isZmKLh61bcw?version=1,,2025-08-27 06:28:17.311,S762NMGBKUB423MM,,,2025-08-27 06:28:17.311,S762NMGBKUB423MM
2462b07f-f270-49b8-b371-26324cd00e52,bf996092-8d66-408a-8d8e-5065ca3330c2,f679f4cf-c089-4a2b-9b84-b14129630601,f46481dd-4791-486d-92ca-a5980b350bff,Ghaziabad Comments Typical Floor Beam detail.pdf,2462b07f-f270-49b8-b371-26324cd00e52.pdf,urn:adsk.objects:os.object:wip.dm.prod/eaa4188d-81eb-4174-a459-598bc2fc6357.pdf,1736439,pdf,urn:adsk.wipprod:dm.lineage:_z1N7-CgRde1LsibiuFmxA,1,urn:adsk.wipprod:fs.file:vf._z1N7-CgRde1LsibiuFmxA?version=1,urn:adsk.wipprod:fs.file:vf._z1N7-CgRde1LsibiuFmxA?version=1,,2025-08-27 06:28:17.959,S762NMGBKUB423MM,,,2025-08-27 06:28:17.959,S762NMGBKUB423MM
dbec7fb6-6a76-416d-9091-20ebae7d0d6e,bf996092-8d66-408a-8d8e-5065ca3330c2,f6ab14eb-1a66-4ea5-8a0f-0afbda444403,301448f2-52eb-4554-bd2f-3667ce4556ca,GNBT-S-TA-RW-10.1-GFC.pdf,dbec7fb6-6a76-416d-9091-20ebae7d0d6e.pdf,urn:adsk.objects:os.object:wip.dm.prod/292b8bb1-a7fb-41f9-ab6a-f2549c3e2ab3.pdf,574299,pdf,urn:adsk.wipprod:dm.lineage:7BwgSH64TDC5CvZD4xrmmQ,1,urn:adsk.wipprod:fs.file:vf.7BwgSH64TDC5CvZD4xrmmQ?version=1,urn:adsk.wipprod:fs.file:vf.7BwgSH64TDC5CvZD4xrmmQ?version=1,,2025-08-28 05:42:04.138,WMZ2BALML3JQXZCF,,,2025-08-28 05:42:04.138,WMZ2BALML3JQXZCF
4122fb20-6d36-43a4-8a2b-5c7453709081,bf996092-8d66-408a-8d8e-5065ca3330c2,f6ab14eb-1a66-4ea5-8a0f-0afbda444403,301448f2-52eb-4554-bd2f-3667ce4556ca,GNBT-S-TA-RW-10.1-GFC.dwg,4122fb20-6d36-43a4-8a2b-5c7453709081.dwg,urn:adsk.objects:os.object:wip.dm.prod/634dac7e-048f-46bd-b061-8e3422d287a4.dwg,889123,dwg,urn:adsk.wipprod:dm.lineage:5fe80AOvQiuUd6Od6kFN8Q,1,urn:adsk.wipprod:fs.file:vf.5fe80AOvQiuUd6Od6kFN8Q?version=1,urn:adsk.wipprod:fs.file:vf.5fe80AOvQiuUd6Od6kFN8Q?version=1,,2025-08-28 05:42:04.217,WMZ2BALML3JQXZCF,,,2025-08-28 05:42:04.217,WMZ2BALML3JQXZCF
fea66ede-4af4-4e10-a0f4-e14db3ec8ab2,bf996092-8d66-408a-8d8e-5065ca3330c2,967e785d-d83c-490b-8d6a-2ed926c956ac,ceaf6e02-24d6-4ae8-8e84-a8a884429ea0,IMG-20250627-WA0010.jpeg,fea66ede-4af4-4e10-a0f4-e14db3ec8ab2.jpeg,urn:adsk.objects:os.object:wip.dm.prod/ab5ea9c4-45e0-4444-b486-8eb7122a7525.jpeg,3067602,jpeg,urn:adsk.wipprod:dm.lineage:pm02YqKaS5q7rTASvAjEfg,1,urn:adsk.wipprod:fs.file:vf.pm02YqKaS5q7rTASvAjEfg?version=1,urn:adsk.wipprod:fs.file:vf.pm02YqKaS5q7rTASvAjEfg?version=1,,2025-06-27 10:28:09.426,U8Q2F3P4M3PWWQXF,,,2025-06-27 10:28:09.426,U8Q2F3P4M3PWWQXF
ced15c9e-9dea-4583-b64a-ceaf3d2065de,bf996092-8d66-408a-8d8e-5065ca3330c2,967e785d-d83c-490b-8d6a-2ed926c956ac,ceaf6e02-24d6-4ae8-8e84-a8a884429ea0,IMG20250627123156.jpg,ced15c9e-9dea-4583-b64a-ceaf3d2065de.jpg,urn:adsk.objects:os.object:wip.dm.prod/d04762a1-f6a1-4c79-93f5-cb5839cc51ca.jpg,8228472,jpg,urn:adsk.wipprod:dm.lineage:9JnPFDenTf-dDo1VLyxFFQ,1,urn:adsk.wipprod:fs.file:vf.9JnPFDenTf-dDo1VLyxFFQ?version=1,urn:adsk.wipprod:fs.file:vf.9JnPFDenTf-dDo1VLyxFFQ?version=1,,2025-06-27 10:28:21.744,U8Q2F3P4M3PWWQXF,,,2025-06-27 10:28:21.744,U8Q2F3P4M3PWWQXF
bba09e8e-4dd4-43e1-8915-66d3014d0439,bf996092-8d66-408a-8d8e-5065ca3330c2,967e785d-d83c-490b-8d6a-2ed926c956ac,ceaf6e02-24d6-4ae8-8e84-a8a884429ea0,2025-06-27-16-00-30-143.jpg,bba09e8e-4dd4-43e1-8915-66d3014d0439.png,urn:adsk.objects:os.object:wip.dm.prod/bd74d490-0995-488f-89d7-ffb41e5275a4.png,2747505,png,urn:adsk.wipprod:dm.lineage:x7tNJzlfSjWU72XbTb9eWw,1,urn:adsk.wipprod:fs.file:vf.x7tNJzlfSjWU72XbTb9eWw?version=1,urn:adsk.wipprod:fs.file:vf.x7tNJzlfSjWU72XbTb9eWw?version=1,,2025-06-27 10:30:39.487,U8Q2F3P4M3PWWQXF,,,2025-06-27 10:30:39.487,U8Q2F3P4M3PWWQXF
994a8931-daaf-4e0e-880f-24c729e72ae0,bf996092-8d66-408a-8d8e-5065ca3330c2,ada6015d-9fce-4f2c-b20f-fc9122d2face,d2dc9b2a-4abb-4151-80b1-beb0730989ef,20250530_131359.heic,994a8931-daaf-4e0e-880f-24c729e72ae0.heic,urn:adsk.objects:os.object:wip.dm.prod/5779e19e-1043-4022-967a-70bd64cb488f.heic,2245684,heic,urn:adsk.wipprod:dm.lineage:AfBAst2MQKWxHJkFriQ9DQ,1,urn:adsk.wipprod:fs.file:vf.AfBAst2MQKWxHJkFriQ9DQ?version=1,urn:adsk.wipprod:fs.file:vf.AfBAst2MQKWxHJkFriQ9DQ?version=1,,2025-06-12 04:30:59.217,DVW2J8GUNHESYYKC,2025-07-24 08:13:41.677,CMJ2N3U8MSMRM8ZA,2025-07-24 08:13:41.675,CMJ2N3U8MSMRM8ZA
219eb4c5-14ff-4a7a-aba0-e64ad0a0dde2,bf996092-8d66-408a-8d8e-5065ca3330c2,f6ab14eb-1a66-4ea5-8a0f-0afbda444403,6f3b67d3-a733-4fff-b6f2-89ea9cc04996,dowell.jpg,219eb4c5-14ff-4a7a-aba0-e64ad0a0dde2.jpg,urn:adsk.objects:os.object:wip.dm.prod/199d6554-d435-48a5-942a-96191f7e9efe.jpg,242858,jpg,urn:adsk.wipprod:dm.lineage:lm39h6gJQiCcJgJdvTgWxw,1,urn:adsk.wipprod:fs.file:vf.lm39h6gJQiCcJgJdvTgWxw?version=1,urn:adsk.wipprod:fs.file:vf.lm39h6gJQiCcJgJdvTgWxw?version=1,,2025-07-28 09:17:06.419,BFH2KAVSNP5G463F,,,2025-07-28 09:17:06.419,BFH2KAVSNP5G463F
