comment_id,bim360_account_id,bim360_project_id,issue_id,comment_body,created_by,created_at
b8c3e306-7218-476d-b1b3-a0331f6c6df2,bf996092-8d66-408a-8d8e-5065ca3330c2,23142979-9fb6-4fd3-bd82-62d7e0add75f,4974757d-4cb1-4fee-ba8d-331ab5472025,"Uploaded please check and close the issue @{""type"": ""user"", ""id"": ""CMJ2N3U8MSMRM8ZA"", ""name"": ""Deepak Kumar""} ",V9Q2X946QA52XTJG,2025-04-03 10:09:28.632
466fcb53-801a-436e-aaf1-b8d6ae1d3b6b,bf996092-8d66-408a-8d8e-5065ca3330c2,ada6015d-9fce-4f2c-b20f-fc9122d2face,59234424-2869-4cc3-86a4-df6d6153feb8,"@{""type"": ""user"", ""id"": ""U8Q2F3P4M3PWWQXF"", ""name"": ""Deepak Bhardwaj""} I will share the file 
",V9Q2X946QA52XTJG,2025-05-14 05:34:27.114
f4b546d9-ab64-4f4e-9c17-56456a5d0204,bf996092-8d66-408a-8d8e-5065ca3330c2,ada6015d-9fce-4f2c-b20f-fc9122d2face,40e573ff-5b8b-42a2-a3ee-0ea96a777ccd,"@{""type"":""user"",""id"":""3NGJNZCXN8PBNTRV"",""name"":""Pankaj Kumar""} drawing issued.",CMJ2N3U8MSMRM8ZA,2025-05-19 11:43:39.373
74fce677-4930-4865-939b-aba57384f822,bf996092-8d66-408a-8d8e-5065ca3330c2,ada6015d-9fce-4f2c-b20f-fc9122d2face,40e573ff-5b8b-42a2-a3ee-0ea96a777ccd,"@{""type"": ""user"", ""id"": ""CMJ2N3U8MSMRM8ZA"", ""name"": ""Deepak Kumar""}  Drawing has been recieved. Issue closed.",3NGJNZCXN8PBNTRV,2025-05-19 11:45:48.133
7145ba43-5bfe-4ab8-8697-1843538ec340,bf996092-8d66-408a-8d8e-5065ca3330c2,ada6015d-9fce-4f2c-b20f-fc9122d2face,59234424-2869-4cc3-86a4-df6d6153feb8,"closed by admin due to unavaliblity of member
",V9Q2X946QA52XTJG,2025-05-27 11:04:51.473
1ce6555b-0b77-415c-89c7-641c086b36bd,bf996092-8d66-408a-8d8e-5065ca3330c2,967e785d-d83c-490b-8d6a-2ed926c956ac,6c0d5ffc-d71c-4e27-b4da-c10a001f32a1,"The point has been attended, and the issue is closed.",YNUJS2S8LSSR8AJW,2025-05-27 12:16:51.998
bdab04ab-90c3-4057-9225-70694b5ae09d,bf996092-8d66-408a-8d8e-5065ca3330c2,967e785d-d83c-490b-8d6a-2ed926c956ac,3deb9059-829a-4753-98c7-0c2006473c5b,"@{""type"": ""user"", ""id"": ""YNUJS2S8LSSR8AJW"", ""name"": ""sunilyadav sunilyadav""} @{""type"": ""user"", ""id"": ""CMJ2N3U8MSMRM8ZA"", ""name"": ""Deepak Kumar""} @{""type"": ""user"", ""id"": ""G5LJ2CH9PRAMRT7X"", ""name"": ""Dushyant Verma""} @{""type"": ""user"", ""id"": ""UTSJVWURK8KCQAQQ"", ""name"": ""Nitin Kumar - VKJ""} @{""type"": ""user"", ""id"": ""HAF3KK94JCSG"", ""name"": ""vikas mittal""} ",KNL28BHPJJMCM75F,2025-06-10 05:24:16.965
6236589d-4e25-4b24-901b-54c2fe93ac03,bf996092-8d66-408a-8d8e-5065ca3330c2,967e785d-d83c-490b-8d6a-2ed926c956ac,3deb9059-829a-4753-98c7-0c2006473c5b,"R/Sir
Please find the attached photos rectified points",KNL28BHPJJMCM75F,2025-06-10 05:25:32.643
a81060d2-b64e-4db0-b564-39df3e2d7e7f,bf996092-8d66-408a-8d8e-5065ca3330c2,967e785d-d83c-490b-8d6a-2ed926c956ac,a95f6b04-0ce7-43fa-b172-7da4631d625e,"@{""type"": ""user"", ""id"": ""YNUJS2S8LSSR8AJW"", ""name"": ""sunilyadav sunilyadav""} @{""type"": ""user"", ""id"": ""Q8AJCWZUMM834EBP"", ""name"": ""Ashish Jain""} @{""type"": ""user"", ""id"": ""Y2W2RXA2P4MPP325"", ""name"": ""Yogi Mangla""} @{""type"": ""user"", ""id"": ""U8Q2F3P4M3PWWQXF"", ""name"": ""Deepak Bhardwaj""} @{""type"": ""user"", ""id"": ""UTSJVWURK8KCQAQQ"", ""name"": ""Nitin Kumar - VKJ""} @{""type"": ""user"", ""id"": ""CMJ2N3U8MSMRM8ZA"", ""name"": ""Deepak Kumar""} ",KNL28BHPJJMCM75F,2025-06-10 05:34:28.863
438eb244-625f-4be2-a6c2-818f02f63ccf,bf996092-8d66-408a-8d8e-5065ca3330c2,967e785d-d83c-490b-8d6a-2ed926c956ac,a95f6b04-0ce7-43fa-b172-7da4631d625e,"R/Sir
Please find the attached rectified points photos.",KNL28BHPJJMCM75F,2025-06-10 05:35:46.236
33cfbd99-5bce-4f6a-bd44-7439ac381c8a,bf996092-8d66-408a-8d8e-5065ca3330c2,967e785d-d83c-490b-8d6a-2ed926c956ac,9cb2de3e-7315-4c35-9388-0d8cbf180f36,"Dear Chirag ji
Kinldy send us hard copies of staircases and 3rd floor hard copies
",S762NMGBKUB423MM,2025-06-18 05:44:57.085
6c01ccda-895a-4e63-9a5f-a882cd721bef,bf996092-8d66-408a-8d8e-5065ca3330c2,967e785d-d83c-490b-8d6a-2ed926c956ac,36b8ba42-8886-457d-9358-f9a9a972c51a,"@{""type"": ""user"", ""id"": ""YNUJS2S8LSSR8AJW"", ""name"": ""sunilyadav sunilyadav""} ",KNL28BHPJJMCM75F,2025-06-19 10:37:09.725
bd1f70ea-7992-4518-bb1c-7c79d1463a0f,bf996092-8d66-408a-8d8e-5065ca3330c2,967e785d-d83c-490b-8d6a-2ed926c956ac,8a77c0fe-ee29-400a-bf8a-5b2ce2c8f5ab,ST-05 drawing uploaded as require. ,67E2T63RRMUGH3NG,2025-06-23 14:10:57.5
7f8a1949-6120-4dd7-8f11-b8f6be83e8d8,bf996092-8d66-408a-8d8e-5065ca3330c2,f679f4cf-c089-4a2b-9b84-b14129630601,bd24799a-f477-4ebe-b021-c78484a6ae33,"@{""type"": ""user"", ""id"": ""NTHFQB8P8X3C"", ""name"": ""Parminder Sharma""} whai is this isse and whatis the reasong for rejection, please explain.",FM42EJFZPNC5F3HF,2025-06-26 07:00:45.033
ab6a93a1-de87-40c4-8588-971ea685740a,bf996092-8d66-408a-8d8e-5065ca3330c2,f679f4cf-c089-4a2b-9b84-b14129630601,bd24799a-f477-4ebe-b021-c78484a6ae33,"@{""type"": ""user"", ""id"": ""FM42EJFZPNC5F3HF"", ""name"": ""SHYAM SUNDAR ROY""}  commeted drawing attached . please check .",NTHFQB8P8X3C,2025-06-26 09:32:26.402
1da97b1b-a5d4-4400-9093-bc8585868208,bf996092-8d66-408a-8d8e-5065ca3330c2,967e785d-d83c-490b-8d6a-2ed926c956ac,ceaf6e02-24d6-4ae8-8e84-a8a884429ea0,"@{""type"": ""user"", ""id"": ""U8Q2F3P4M3PWWQXF"", ""name"": ""Deepak Bhardwaj""} ",KNL28BHPJJMCM75F,2025-06-28 11:44:41.245
e12e2913-68ed-472b-9691-20899527a45f,bf996092-8d66-408a-8d8e-5065ca3330c2,f679f4cf-c089-4a2b-9b84-b14129630601,f8328f45-7a32-4d16-b3f7-bf2d55ea9309,Comments need to be resolve ,NTHFQB8P8X3C,2025-07-01 10:45:35.4
441ae6b0-0cfe-41f8-80fa-172ef6cd74c8,bf996092-8d66-408a-8d8e-5065ca3330c2,f679f4cf-c089-4a2b-9b84-b14129630601,f8328f45-7a32-4d16-b3f7-bf2d55ea9309,Comments need to be resolve as marked.,NTHFQB8P8X3C,2025-07-01 10:49:06.878
bd3558a0-4066-4c6e-b726-c7e1ae079656,bf996092-8d66-408a-8d8e-5065ca3330c2,ada6015d-9fce-4f2c-b20f-fc9122d2face,f7bb14c3-80c6-4fca-afba-bd5b840c0127,Drawing has been issued.,3NH2Q57QKQWJE37V,2025-07-24 09:22:19.675
079918c3-f8f0-4fb2-841b-61b93644aeb0,bf996092-8d66-408a-8d8e-5065ca3330c2,ada6015d-9fce-4f2c-b20f-fc9122d2face,f7bb14c3-80c6-4fca-afba-bd5b840c0127,"Drawing  received, Issue closed.",CMJ2N3U8MSMRM8ZA,2025-07-24 09:23:17.524
d840c683-fede-43c3-9222-0a7e77a9c188,bf996092-8d66-408a-8d8e-5065ca3330c2,ada6015d-9fce-4f2c-b20f-fc9122d2face,a7e0c3b9-dd98-4cad-a619-ce654652a014,Drawing Received. issue Closed.,CMJ2N3U8MSMRM8ZA,2025-07-24 09:24:31.684
325c4993-3e89-41e6-a240-33040eeb347a,bf996092-8d66-408a-8d8e-5065ca3330c2,ada6015d-9fce-4f2c-b20f-fc9122d2face,4e162a17-a2e1-49e4-a3c8-25d2d7f2e63c,Drawing Received. issue Closed.,CMJ2N3U8MSMRM8ZA,2025-07-24 09:24:55.614
e92b29a6-4732-4cbb-a630-f62828740acd,bf996092-8d66-408a-8d8e-5065ca3330c2,ada6015d-9fce-4f2c-b20f-fc9122d2face,928d3355-e0dd-43d8-8beb-00a85a3b0235,"@{""type"": ""user"", ""id"": ""CMJ2N3U8MSMRM8ZA"", ""name"": ""Deepak Kumar""} required drawing has been issued and uploaded on ACC.",7U4JFSY4QDWLDBBX,2025-07-24 09:30:37.389
d85528d0-78cb-4507-9347-df487d8dd24f,bf996092-8d66-408a-8d8e-5065ca3330c2,ada6015d-9fce-4f2c-b20f-fc9122d2face,5b276564-4141-4245-8c84-a507c9cf3a82,"@{""type"": ""user"", ""id"": ""CMJ2N3U8MSMRM8ZA"", ""name"": ""Deepak Kumar""} RFI RESPOS HAS BEEN PROVIDED",MM92S32ERSK2YS7H,2025-07-24 09:32:45.528
11414b0a-c73d-4183-8270-076f22808eb8,bf996092-8d66-408a-8d8e-5065ca3330c2,ada6015d-9fce-4f2c-b20f-fc9122d2face,5b276564-4141-4245-8c84-a507c9cf3a82,RFI response received.,CMJ2N3U8MSMRM8ZA,2025-07-24 09:42:35.507
a141dbfb-e638-4727-96e1-474402b0cc63,bf996092-8d66-408a-8d8e-5065ca3330c2,967e785d-d83c-490b-8d6a-2ed926c956ac,8a77c0fe-ee29-400a-bf8a-5b2ce2c8f5ab,"@{""type"": ""user"", ""id"": ""67E2T63RRMUGH3NG"", ""name"": ""chirag Lakhani""} Drawings description yet not updated. Please update at the earliest.
@{""type"": ""user"", ""id"": ""G5LJ2CH9PRAMRT7X"", ""name"": ""Dushyant Verma""} @{""type"": ""user"", ""id"": ""S762NMGBKUB423MM"", ""name"": ""Bhaskar Bharadwaj""} ",CMJ2N3U8MSMRM8ZA,2025-07-25 05:35:16.282
fe8f07b9-9b84-4773-8141-db5e5055005c,bf996092-8d66-408a-8d8e-5065ca3330c2,f679f4cf-c089-4a2b-9b84-b14129630601,7a1b34a6-3c76-4843-87de-f6cfb9308fb9,"@{""type"": ""user"", ""id"": ""FM42EJFZPNC5F3HF"", ""name"": ""SHYAM SUNDAR ROY""} - What is the status of the drawing? ",G5LJ2CH9PRAMRT7X,2025-07-25 09:45:51.649
db2eaa3d-a1d2-44be-b431-d0bf8fffb7d1,bf996092-8d66-408a-8d8e-5065ca3330c2,f679f4cf-c089-4a2b-9b84-b14129630601,f8328f45-7a32-4d16-b3f7-bf2d55ea9309,"@{""type"": ""user"", ""id"": ""FM42EJFZPNC5F3HF"", ""name"": ""SHYAM SUNDAR ROY""} - What is the status of the drawing",G5LJ2CH9PRAMRT7X,2025-07-25 09:46:13.879
84a13c25-bcaf-4173-870f-6dc165f3ee95,bf996092-8d66-408a-8d8e-5065ca3330c2,ada6015d-9fce-4f2c-b20f-fc9122d2face,f1dacddf-3448-494e-8174-fa6e45581169,"@{""type"": ""user"", ""id"": ""CMJ2N3U8MSMRM8ZA"", ""name"": ""Deepak Kumar""} Issued",S762NMGBKUB423MM,2025-07-28 06:24:36.177
5458d177-f02e-4073-a26f-88dc3618c552,bf996092-8d66-408a-8d8e-5065ca3330c2,ada6015d-9fce-4f2c-b20f-fc9122d2face,720c873d-c3a9-4cc1-bf4a-c87a4b1b6e57,"@{""type"": ""user"", ""id"": ""CMJ2N3U8MSMRM8ZA"", ""name"": ""Deepak Kumar""} Issued",S762NMGBKUB423MM,2025-07-28 06:25:52.047
a654c8d8-fd9d-401e-8577-e09c61d4bc92,bf996092-8d66-408a-8d8e-5065ca3330c2,f679f4cf-c089-4a2b-9b84-b14129630601,ee810d9d-48b4-4f95-9e4c-7d7ad119280e,Revised drawing sent by CBM for approval.,G5LJ2CH9PRAMRT7X,2025-08-02 04:17:54.003
b483f125-5293-417b-bdab-fe5440c64c74,bf996092-8d66-408a-8d8e-5065ca3330c2,f679f4cf-c089-4a2b-9b84-b14129630601,8ed2637f-f3ba-4d85-9c40-50a608b34819,Please disregard the observation uploaded yesterday and focus on the observation as indicated.,NTHFQB8P8X3C,2025-08-02 08:33:21.789
20a2c035-e036-4992-941b-ea94c01eb7d6,bf996092-8d66-408a-8d8e-5065ca3330c2,967e785d-d83c-490b-8d6a-2ed926c956ac,8a77c0fe-ee29-400a-bf8a-5b2ce2c8f5ab,Drawing description updated. Hence closing this issue.,CMJ2N3U8MSMRM8ZA,2025-08-02 10:53:25.008
21ce0e3f-ab98-40b0-a9fc-dd8a227563df,bf996092-8d66-408a-8d8e-5065ca3330c2,967e785d-d83c-490b-8d6a-2ed926c956ac,9cb2de3e-7315-4c35-9388-0d8cbf180f36,"@{""type"": ""user"", ""id"": ""67E2T63RRMUGH3NG"", ""name"": ""chirag Lakhani""} ST-02 &03 hard copies still awaited.
@{""type"": ""user"", ""id"": ""G5LJ2CH9PRAMRT7X"", ""name"": ""Dushyant Verma""} @{""type"": ""user"", ""id"": ""S762NMGBKUB423MM"", ""name"": ""Bhaskar Bharadwaj""} please look into the same.",CMJ2N3U8MSMRM8ZA,2025-08-02 10:56:26.611
df2a56ef-3682-47fe-bf28-f45e59a15090,bf996092-8d66-408a-8d8e-5065ca3330c2,f679f4cf-c089-4a2b-9b84-b14129630601,7a1b34a6-3c76-4843-87de-f6cfb9308fb9,"@{""type"": ""user"", ""id"": ""NTHFQB8P8X3C"", ""name"": ""Parminder Sharma""} updated drawing is re uploaded.",FM42EJFZPNC5F3HF,2025-08-05 14:15:24.233
b50f2529-d296-4c55-a160-38206b524a7f,bf996092-8d66-408a-8d8e-5065ca3330c2,f679f4cf-c089-4a2b-9b84-b14129630601,8bf56675-6c83-46a7-b0b4-9335e2dc39de,"@{""type"": ""user"", ""id"": ""NTHFQB8P8X3C"", ""name"": ""Parminder Sharma""} updated drawing is uploaded",FM42EJFZPNC5F3HF,2025-08-05 14:23:35.773
f65e06d3-babe-494a-847c-a9573a7af3ad,bf996092-8d66-408a-8d8e-5065ca3330c2,f679f4cf-c089-4a2b-9b84-b14129630601,bcc9998a-a93f-4e9f-82df-6ef4e73ed084,"@{""type"": ""user"", ""id"": ""NTHFQB8P8X3C"", ""name"": ""Parminder Sharma""} updated drawing is uploaded",FM42EJFZPNC5F3HF,2025-08-05 14:24:17.615
bc59018d-c3ef-4c1d-81c5-a909e8063f0b,bf996092-8d66-408a-8d8e-5065ca3330c2,f679f4cf-c089-4a2b-9b84-b14129630601,4af66412-912d-4d57-8f58-06c580b09cfe,"@{""type"": ""user"", ""id"": ""NTHFQB8P8X3C"", ""name"": ""Parminder Sharma""} updated drawing uploaded",FM42EJFZPNC5F3HF,2025-08-05 14:25:38.666
3669d64e-997b-4517-8768-5120365f11bb,bf996092-8d66-408a-8d8e-5065ca3330c2,f679f4cf-c089-4a2b-9b84-b14129630601,56cd423c-ba07-46dc-83ab-c012ed913aa5,"@{""type"": ""user"", ""id"": ""NTHFQB8P8X3C"", ""name"": ""Parminder Sharma""} updated drawing is uploaded",FM42EJFZPNC5F3HF,2025-08-05 14:26:27.753
44e97ec2-94f1-4364-9dbc-3e3c3c12992c,bf996092-8d66-408a-8d8e-5065ca3330c2,f679f4cf-c089-4a2b-9b84-b14129630601,bd24799a-f477-4ebe-b021-c78484a6ae33,All comments are incoporated in dtrawing Issue closed ,NTHFQB8P8X3C,2025-08-12 10:15:04.86
ed1517cb-ece6-448f-8624-96080ac3cf6f,bf996092-8d66-408a-8d8e-5065ca3330c2,f679f4cf-c089-4a2b-9b84-b14129630601,8bf56675-6c83-46a7-b0b4-9335e2dc39de,All comments are incoporated in dtrawing Issue closed,NTHFQB8P8X3C,2025-08-12 10:17:31.383
e277adf5-729c-4904-aefc-7b9af4bbae56,bf996092-8d66-408a-8d8e-5065ca3330c2,f679f4cf-c089-4a2b-9b84-b14129630601,8ed2637f-f3ba-4d85-9c40-50a608b34819,All comments are incoporated in dtrawing Issue closed,NTHFQB8P8X3C,2025-08-12 10:18:43.319
79ae52a5-49cc-44d4-b93f-606cfb94371c,bf996092-8d66-408a-8d8e-5065ca3330c2,f679f4cf-c089-4a2b-9b84-b14129630601,8bf56675-6c83-46a7-b0b4-9335e2dc39de,All comments are incoporated in dtrawing Issue closed,NTHFQB8P8X3C,2025-08-12 10:20:21.975
d9bd8df9-3530-4364-bb7c-2fee3e800aad,bf996092-8d66-408a-8d8e-5065ca3330c2,f679f4cf-c089-4a2b-9b84-b14129630601,8ed2637f-f3ba-4d85-9c40-50a608b34819,All comments are incoporated in dtrawing Issue closed,NTHFQB8P8X3C,2025-08-12 10:20:33.189
32abaf18-8a1b-41a2-b76a-c9bcf1b7da68,bf996092-8d66-408a-8d8e-5065ca3330c2,f6ab14eb-1a66-4ea5-8a0f-0afbda444403,2c64b87a-4391-4a66-a035-3672a9d35e72,Kindly resolve as marked in drawing for further review.,NTHFQB8P8X3C,2025-08-12 10:37:14.999
dd3a36ca-5ea6-41a9-8dcf-231ce5757cc9,bf996092-8d66-408a-8d8e-5065ca3330c2,f679f4cf-c089-4a2b-9b84-b14129630601,3139a390-a48e-4149-a99e-3e5e2d78137a,"@{""type"": ""user"", ""id"": ""G5LJ2CH9PRAMRT7X"", ""name"": ""Dushyant Verma""}  issue assigned to the creator. Please check  and  close.",3NH2Q57QKQWJE37V,2025-08-20 07:32:10.905
6ff1de85-89e7-4290-8b81-e4f51dbc0f52,bf996092-8d66-408a-8d8e-5065ca3330c2,f679f4cf-c089-4a2b-9b84-b14129630601,ee810d9d-48b4-4f95-9e4c-7d7ad119280e,Ground floor drawing issued.,G5LJ2CH9PRAMRT7X,2025-08-22 05:19:42.398
88477eee-ef70-450b-aa89-9e7640d740ed,bf996092-8d66-408a-8d8e-5065ca3330c2,f679f4cf-c089-4a2b-9b84-b14129630601,ee810d9d-48b4-4f95-9e4c-7d7ad119280e,"@{""type"": ""user"", ""id"": ""7XGJKR7GMJ4QN93J"", ""name"": ""Sandeep Jindal""} Issue assigned to the creator. Please check  and  close.",3NH2Q57QKQWJE37V,2025-08-22 05:38:45.326
44ea98df-0236-4312-a501-f01f86c38ad2,bf996092-8d66-408a-8d8e-5065ca3330c2,ada6015d-9fce-4f2c-b20f-fc9122d2face,d2494a36-bdbe-4c79-a9da-897b768f92c6,"@{""type"": ""user"", ""id"": ""CMJ2N3U8MSMRM8ZA"", ""name"": ""Deepak Kumar""} please find closer report.",CMJ2N3U8MSMRM8ZA,2025-08-22 05:43:14.838
2b58c972-19d1-4769-b8c1-e7ecf22c82b6,bf996092-8d66-408a-8d8e-5065ca3330c2,f679f4cf-c089-4a2b-9b84-b14129630601,1963dd66-5e23-494f-b98c-ce8e342571da,"@{""type"": ""user"", ""id"": ""NTHFQB8P8X3C"", ""name"": ""Parminder Sharma""} kindly check  and close the issue.",3NH2Q57QKQWJE37V,2025-08-25 05:16:59.017
7653f4dc-d6f2-46eb-b620-45b66d3555b0,bf996092-8d66-408a-8d8e-5065ca3330c2,f679f4cf-c089-4a2b-9b84-b14129630601,c988fe00-ef89-4f98-88ba-5bf251ee0ef8,"@Parminder Sharma
kindly check  and close the issue.",3NH2Q57QKQWJE37V,2025-08-25 05:17:55.783
f385634a-5aab-40ab-b554-c91a5157cafc,bf996092-8d66-408a-8d8e-5065ca3330c2,f679f4cf-c089-4a2b-9b84-b14129630601,b6377705-b3ad-4b5c-9b6f-1f683c6becd3,Issue generated by mistake from site team. Hence deleting.,3NH2Q57QKQWJE37V,2025-08-26 08:46:40.703
7cc4a0cf-38a1-415a-9524-4ec39e3ad348,bf996092-8d66-408a-8d8e-5065ca3330c2,f679f4cf-c089-4a2b-9b84-b14129630601,b6377705-b3ad-4b5c-9b6f-1f683c6becd3,Issue generated by mistake from site team. Hence deleting,3NH2Q57QKQWJE37V,2025-08-26 08:47:04.561
65248595-b490-487e-b471-074d4069ba98,bf996092-8d66-408a-8d8e-5065ca3330c2,f679f4cf-c089-4a2b-9b84-b14129630601,1b0d0d13-5371-4f3c-92a9-1a7d6f2988d0,"PT beams: Detailing to be carried out by the PT vendor.
Shear reinforcement: Avoid using 3- or 5-legged stirrups; adopt 2-, 4-, or 6-legged configurations as applicable.
Spandrel beam: Member is failing in shear; required diagonal reinforcement is excessively high—please revise the shear design and detailing.
Other items: Remaining comments are captured in the attached file.
In case you’d like to discuss any point, we’ll be happy to set up a call at your convenience.",S762NMGBKUB423MM,2025-08-26 12:45:31.435
bab4e08d-1d37-40f3-aff9-bc4a053a0290,bf996092-8d66-408a-8d8e-5065ca3330c2,f679f4cf-c089-4a2b-9b84-b14129630601,9722a2dc-5680-4e33-b5a8-3a0503aa91be,"Please incorporate these comments

",S762NMGBKUB423MM,2025-08-27 06:11:01.464
57c23c7d-dbf2-49e2-a613-6738547fbe2b,bf996092-8d66-408a-8d8e-5065ca3330c2,f679f4cf-c089-4a2b-9b84-b14129630601,f46481dd-4791-486d-92ca-a5980b350bff,"PT beams: Detailing to be carried out by the PT vendor.
Shear reinforcement: Avoid using 3- or 5-legged stirrups; adopt 2-, 4-, or 6-legged configurations as applicable.
Spandrel beam: Member is failing in shear; required diagonal reinforcement is excessively high—please revise the shear design and detailing.
Other items: Remaining comments are captured in the attached file.
In case you’d like to discuss any point, we’ll be happy to set up a call at your convenience.",S762NMGBKUB423MM,2025-08-27 06:28:40.811
ca74e5f6-f67c-452f-a53b-47b7db632010,bf996092-8d66-408a-8d8e-5065ca3330c2,f679f4cf-c089-4a2b-9b84-b14129630601,1963dd66-5e23-494f-b98c-ce8e342571da,"@{""type"": ""user"", ""id"": ""NTHFQB8P8X3C"", ""name"": ""Parminder Sharma""} please mention proper tiltle in the issue so that can be idendified easily. In All reviews same title mentioned.",CMJ2N3U8MSMRM8ZA,2025-08-27 06:51:20.441
f5145384-68f6-495a-a991-494c5b868522,bf996092-8d66-408a-8d8e-5065ca3330c2,967e785d-d83c-490b-8d6a-2ed926c956ac,e06ad26c-f865-4907-88d5-52aec0b5cd14,"@{""type"": ""user"", ""id"": ""H4J29KZBMAKAE737"", ""name"": ""Bhanu Pratap Singh""} kindly close the issue if resolved.",3NH2Q57QKQWJE37V,2025-08-28 05:17:08.432
19f8a456-da1f-4140-99e7-a50e44b827db,bf996092-8d66-408a-8d8e-5065ca3330c2,f6ab14eb-1a66-4ea5-8a0f-0afbda444403,301448f2-52eb-4554-bd2f-3667ce4556ca,"@{""type"": ""user"", ""id"": ""FM42EJFZPNC5F3HF"", ""name"": ""SHYAM SUNDAR ROY""} HVAC & Electrical reatining wall cutouts provided are Approved from our side. Please Update Plumbing & Fire fighting cutouts marked in the attached drawings.",WMZ2BALML3JQXZCF,2025-08-28 05:44:05.153
f7a7fd86-dd99-4616-999c-5f0038b2fd09,bf996092-8d66-408a-8d8e-5065ca3330c2,f6ab14eb-1a66-4ea5-8a0f-0afbda444403,435dd5e2-8422-4e68-8687-97fe03d18bcb,"Please find attached comments on R-wall detailing, Kindly modify and reshare ASAP ",S762NMGBKUB423MM,2025-08-28 10:34:56.018
f7db84dc-ec8c-43f1-a00b-852566f4aa08,bf996092-8d66-408a-8d8e-5065ca3330c2,967e785d-d83c-490b-8d6a-2ed926c956ac,9cb2de3e-7315-4c35-9388-0d8cbf180f36,Stair case hard copies received.,CMJ2N3U8MSMRM8ZA,2025-08-28 12:09:34.38
0442538e-5535-4d15-8d74-4665582b5a63,bf996092-8d66-408a-8d8e-5065ca3330c2,77d5fb8c-5d83-4fa8-8c81-169306f7a8f7,c7afbc06-4b1f-40c7-bcac-48b64fa10e34,"@{""type"": ""user"", ""id"": ""CMJ2N3U8MSMRM8ZA"", ""name"": ""Deepak Kumar""} Noted, We will release the updated drawing by 24th.",XU89MQBQ8MWD,2025-03-21 10:46:37.83
023458bb-fe93-4dc0-8fa5-205defc97999,bf996092-8d66-408a-8d8e-5065ca3330c2,23142979-9fb6-4fd3-bd82-62d7e0add75f,d74b5d17-ae2e-4fdc-a381-895a47133d45,any update,TB52D24RMGKR7MPQ,2025-04-22 05:35:00.794
adea9de1-a86d-4410-897a-536b5ae8432e,bf996092-8d66-408a-8d8e-5065ca3330c2,ada6015d-9fce-4f2c-b20f-fc9122d2face,a0547556-db56-4e40-be84-c306fdd1414f,"@{""type"":""user"",""id"":""V9Q2X946QA52XTJG"",""name"":""Abhishek Kumar U""}  completed the work ",MJU2FLVXJAQLGRH7,2025-05-06 07:50:34.825
8b5ab809-c78f-4590-b8bc-4b6f5b97ee9c,bf996092-8d66-408a-8d8e-5065ca3330c2,967e785d-d83c-490b-8d6a-2ed926c956ac,55e832d8-3afc-45f6-893e-685292eaa3b9,"@{""type"":""user"",""id"":""DQ72WAMCK3PT3T58"",""name"":""Sandipan Sarkar""} 
Sir this strengthening is in progress, shall be completed by 10th May 2025.",U8Q2F3P4M3PWWQXF,2025-05-06 10:37:41.758
6a102d0f-0f81-4c75-9c39-3fd2f4656f1d,bf996092-8d66-408a-8d8e-5065ca3330c2,967e785d-d83c-490b-8d6a-2ed926c956ac,094eac74-0361-4351-bdb0-9f25d8eff195,"@{""type"": ""user"", ""id"": ""67E2T63RRMUGH3NG"", ""name"": ""chirag Lakhani""} - Please send the hard prints by 23 May 2025.",G5LJ2CH9PRAMRT7X,2025-05-22 05:02:25.052
d4c6bf82-9913-421c-9055-c9e57165b588,bf996092-8d66-408a-8d8e-5065ca3330c2,967e785d-d83c-490b-8d6a-2ed926c956ac,6c0d5ffc-d71c-4e27-b4da-c10a001f32a1,"@{""type"":""user"",""id"":""U8Q2F3P4M3PWWQXF"",""name"":""Deepak Bhardwaj""}  please provide the closer photo. ",YNUJS2S8LSSR8AJW,2025-05-27 06:05:23.765
5e3a485e-1079-4d52-b3fa-2faf4cf352de,bf996092-8d66-408a-8d8e-5065ca3330c2,967e785d-d83c-490b-8d6a-2ed926c956ac,094eac74-0361-4351-bdb0-9f25d8eff195,"we have shared the hardcopies and you must have recieved the same.. 
request to please update and close this on ACC. ",67E2T63RRMUGH3NG,2025-05-28 08:53:04.594
d1f3e593-c4fe-4128-98e9-65eb423d6ee5,bf996092-8d66-408a-8d8e-5065ca3330c2,967e785d-d83c-490b-8d6a-2ed926c956ac,3deb9059-829a-4753-98c7-0c2006473c5b,"@{""type"": ""user"", ""id"": ""U8Q2F3P4M3PWWQXF"", ""name"": ""Deepak Bhardwaj""} @{""type"": ""user"", ""id"": ""KNL28BHPJJMCM75F"", ""name"": ""Rajender Gill - VKJ""} please attend the point & close.",CMJ2N3U8MSMRM8ZA,2025-06-07 11:54:20.292
0d531f57-b48e-4a19-8426-b340e3f257d0,bf996092-8d66-408a-8d8e-5065ca3330c2,967e785d-d83c-490b-8d6a-2ed926c956ac,a95f6b04-0ce7-43fa-b172-7da4631d625e,"@{""type"": ""user"", ""id"": ""U8Q2F3P4M3PWWQXF"", ""name"": ""Deepak Bhardwaj""} @{""type"": ""user"", ""id"": ""KNL28BHPJJMCM75F"", ""name"": ""Rajender Gill - VKJ""} please attend & close the issue.",CMJ2N3U8MSMRM8ZA,2025-06-07 11:55:10.896
8f9780d5-c774-4c09-8390-65de19d1ad1e,bf996092-8d66-408a-8d8e-5065ca3330c2,967e785d-d83c-490b-8d6a-2ed926c956ac,8ef4a21e-007e-4a2d-b872-6637b181cb30,"@{""type"": ""user"", ""id"": ""U8Q2F3P4M3PWWQXF"", ""name"": ""Deepak Bhardwaj""} @{""type"": ""user"", ""id"": ""CMJ2N3U8MSMRM8ZA"", ""name"": ""Deepak Kumar""} @{""type"": ""user"", ""id"": ""YNUJS2S8LSSR8AJW"", ""name"": ""sunilyadav sunilyadav""} @{""type"": ""user"", ""id"": ""Q8AJCWZUMM834EBP"", ""name"": ""Ashish Jain""} @{""type"": ""user"", ""id"": ""Y2W2RXA2P4MPP325"", ""name"": ""Yogi Mangla""} ",KNL28BHPJJMCM75F,2025-06-10 05:47:35.106
71203000-415d-4c83-8f9f-61b8b8961d2c,bf996092-8d66-408a-8d8e-5065ca3330c2,967e785d-d83c-490b-8d6a-2ed926c956ac,8ef4a21e-007e-4a2d-b872-6637b181cb30,"R/Sir
Please find the attached rectified points photos",KNL28BHPJJMCM75F,2025-06-10 05:48:13.371
3c7d5d87-1a3e-45c2-826e-5a64c138bd08,bf996092-8d66-408a-8d8e-5065ca3330c2,967e785d-d83c-490b-8d6a-2ed926c956ac,36b8ba42-8886-457d-9358-f9a9a972c51a,"R/Sir
Please find the attached rectified points photos",KNL28BHPJJMCM75F,2025-06-10 05:50:50.946
9403ad84-c09f-4f6f-b34c-72b68ab8e11b,bf996092-8d66-408a-8d8e-5065ca3330c2,967e785d-d83c-490b-8d6a-2ed926c956ac,36b8ba42-8886-457d-9358-f9a9a972c51a,"@{""type"": ""user"", ""id"": ""U8Q2F3P4M3PWWQXF"", ""name"": ""Deepak Bhardwaj""} @{""type"": ""user"", ""id"": ""YNUJS2S8LSSR8AJW"", ""name"": ""sunilyadav sunilyadav""} @{""type"": ""user"", ""id"": ""Y2W2RXA2P4MPP325"", ""name"": ""Yogi Mangla""} @{""type"": ""user"", ""id"": ""HAF3KK94JCSG"", ""name"": ""vikas mittal""} ",KNL28BHPJJMCM75F,2025-06-10 05:52:00.105
eea0eab4-fd94-4d8a-8f59-6955e718d60f,bf996092-8d66-408a-8d8e-5065ca3330c2,967e785d-d83c-490b-8d6a-2ed926c956ac,36b8ba42-8886-457d-9358-f9a9a972c51a,"@{""type"": ""user"", ""id"": ""KNL28BHPJJMCM75F"", ""name"": ""Rajender Gill - VKJ""}  Aware the Concern Staff & Contractor to make this system in Practice befor every Slab Pouring ",U8Q2F3P4M3PWWQXF,2025-06-11 11:21:33.046
8a4a8b9b-77f6-49f7-b86c-2b7540eed00c,bf996092-8d66-408a-8d8e-5065ca3330c2,967e785d-d83c-490b-8d6a-2ed926c956ac,8ef4a21e-007e-4a2d-b872-6637b181cb30,"@{""type"": ""user"", ""id"": ""KNL28BHPJJMCM75F"", ""name"": ""Rajender Gill - VKJ""} Ensure that Steel Binding will done by Checked BBS Only and if any Discrepciany in Drawing then raise RFI before exceute the activity ",U8Q2F3P4M3PWWQXF,2025-06-11 11:24:15.958
e01c9f4b-8459-41fb-b4bd-03b0b0de5791,bf996092-8d66-408a-8d8e-5065ca3330c2,967e785d-d83c-490b-8d6a-2ed926c956ac,a95f6b04-0ce7-43fa-b172-7da4631d625e,"@{""type"": ""user"", ""id"": ""KNL28BHPJJMCM75F"", ""name"": ""Rajender Gill - VKJ""}  Ensure to Fix the Cover Block Properly befote down the Beams .",U8Q2F3P4M3PWWQXF,2025-06-11 11:25:27.549
c4535055-b8d3-41ed-8fe2-6f8c09ec4a2b,bf996092-8d66-408a-8d8e-5065ca3330c2,967e785d-d83c-490b-8d6a-2ed926c956ac,3deb9059-829a-4753-98c7-0c2006473c5b,"@{""type"": ""user"", ""id"": ""KNL28BHPJJMCM75F"", ""name"": ""Rajender Gill - VKJ""}  Instruct the bar Binder to male the Ring as per Drawing.",U8Q2F3P4M3PWWQXF,2025-06-11 11:26:39.872
3b813c9c-3214-4938-ae92-3c779becc3cb,bf996092-8d66-408a-8d8e-5065ca3330c2,967e785d-d83c-490b-8d6a-2ed926c956ac,e06ad26c-f865-4907-88d5-52aec0b5cd14,Picture has been received through mail,H4J29KZBMAKAE737,2025-06-11 11:31:23.737
44a065d2-ca89-4f13-952a-2e33ed6c8775,bf996092-8d66-408a-8d8e-5065ca3330c2,967e785d-d83c-490b-8d6a-2ed926c956ac,a95f6b04-0ce7-43fa-b172-7da4631d625e,Closed.,YNUJS2S8LSSR8AJW,2025-06-11 12:31:43.474
82f99ba1-66c8-44c9-a237-24929673f553,bf996092-8d66-408a-8d8e-5065ca3330c2,967e785d-d83c-490b-8d6a-2ed926c956ac,3deb9059-829a-4753-98c7-0c2006473c5b,"@{""type"": ""user"", ""id"": ""YNUJS2S8LSSR8AJW"", ""name"": ""sunilyadav sunilyadav""} ",KNL28BHPJJMCM75F,2025-06-12 09:44:18.228
6ecc12cc-d2a4-46c8-826c-ff2836c7bf87,bf996092-8d66-408a-8d8e-5065ca3330c2,967e785d-d83c-490b-8d6a-2ed926c956ac,3deb9059-829a-4753-98c7-0c2006473c5b,"@{""type"": ""user"", ""id"": ""U8Q2F3P4M3PWWQXF"", ""name"": ""Deepak Bhardwaj""} ",KNL28BHPJJMCM75F,2025-06-12 09:44:34.089
0aabaeee-96f0-4e44-b9f4-8e3a3d07a4f7,bf996092-8d66-408a-8d8e-5065ca3330c2,f679f4cf-c089-4a2b-9b84-b14129630601,bcc9998a-a93f-4e9f-82df-6ef4e73ed084,Comments need to be incorporate  as marked ,NTHFQB8P8X3C,2025-07-05 06:08:34.666
6161c9d4-d6bb-4b28-8a68-fa2d2a722258,bf996092-8d66-408a-8d8e-5065ca3330c2,f679f4cf-c089-4a2b-9b84-b14129630601,4af66412-912d-4d57-8f58-06c580b09cfe,comments need to be incorporate as marked,NTHFQB8P8X3C,2025-07-05 06:25:16.595
f74449e7-2dc5-4f42-9e19-a936893c7ce7,bf996092-8d66-408a-8d8e-5065ca3330c2,f679f4cf-c089-4a2b-9b84-b14129630601,56cd423c-ba07-46dc-83ab-c012ed913aa5,Comments need to be resolve,NTHFQB8P8X3C,2025-07-05 06:34:50.9
a70544c1-5b19-441e-be9f-1dae3fddb649,bf996092-8d66-408a-8d8e-5065ca3330c2,f679f4cf-c089-4a2b-9b84-b14129630601,56cd423c-ba07-46dc-83ab-c012ed913aa5,"@{""type"": ""user"", ""id"": ""FM42EJFZPNC5F3HF"", ""name"": ""SHYAM SUNDAR ROY""} 

Please refer this drawing for comments",NTHFQB8P8X3C,2025-07-05 11:51:17.036
19fa4d69-19fb-4556-908d-f77969042cba,bf996092-8d66-408a-8d8e-5065ca3330c2,f679f4cf-c089-4a2b-9b84-b14129630601,3139a390-a48e-4149-a99e-3e5e2d78137a,"@{""type"": ""user"", ""id"": ""FM42EJFZPNC5F3HF"", ""name"": ""SHYAM SUNDAR ROY""} - Please submit the drawing after incorporating Architectural and our comments.",G5LJ2CH9PRAMRT7X,2025-07-10 04:57:29.074
72ea316f-e687-4e61-9c2d-c584f0260af2,bf996092-8d66-408a-8d8e-5065ca3330c2,ada6015d-9fce-4f2c-b20f-fc9122d2face,a7e0c3b9-dd98-4cad-a619-ce654652a014,"@{""type"": ""user"", ""id"": ""CMJ2N3U8MSMRM8ZA"", ""name"": ""Deepak Kumar""}  required drawing has been uploaded on ACC platform ",DEFJY3LUP6UBKWPS,2025-07-24 09:02:21.697
27a9b0f6-c224-42ae-a34d-120b97ab1a64,bf996092-8d66-408a-8d8e-5065ca3330c2,ada6015d-9fce-4f2c-b20f-fc9122d2face,696372c2-25a6-4d68-aede-dfa658854155,documents have been uploaded,BHQ2NZXYNGAXFVRM,2025-07-24 09:08:28.252
09369559-8f32-497c-9b8b-a7d667139bc4,bf996092-8d66-408a-8d8e-5065ca3330c2,ada6015d-9fce-4f2c-b20f-fc9122d2face,032be418-49c5-4aca-b2ff-58a4d8324a41,Document uploaded & Received. Issue Closed.,CMJ2N3U8MSMRM8ZA,2025-07-24 09:09:02.352
6df54c29-2db7-4505-935a-638f9a144db3,bf996092-8d66-408a-8d8e-5065ca3330c2,ada6015d-9fce-4f2c-b20f-fc9122d2face,f7bb14c3-80c6-4fca-afba-bd5b840c0127,correction done.,3NH2Q57QKQWJE37V,2025-07-24 09:16:22.278
41426604-e306-44b0-91cf-f9ef05938774,bf996092-8d66-408a-8d8e-5065ca3330c2,ada6015d-9fce-4f2c-b20f-fc9122d2face,696372c2-25a6-4d68-aede-dfa658854155,WO Issued.,CMJ2N3U8MSMRM8ZA,2025-07-24 09:19:22.61
b097bdeb-6062-481a-9704-67fd60469fd3,bf996092-8d66-408a-8d8e-5065ca3330c2,ada6015d-9fce-4f2c-b20f-fc9122d2face,8de3ff4e-1e42-4c94-944f-11059955e750,Details Received.,CMJ2N3U8MSMRM8ZA,2025-07-24 09:20:22.674
ffa0c39b-be49-4646-93cd-469a63d2ef4b,bf996092-8d66-408a-8d8e-5065ca3330c2,f6ab14eb-1a66-4ea5-8a0f-0afbda444403,6f3b67d3-a733-4fff-b6f2-89ea9cc04996,"@{""type"": ""user"", ""id"": ""ZR82A9P9NTQM2CS6"", ""name"": ""Deepak Pal""} issue is pending since long. Please get it closed at the eaeliset.
",CMJ2N3U8MSMRM8ZA,2025-07-29 04:17:54.846
6ba046b7-d279-4aca-8359-d89591214f5f,bf996092-8d66-408a-8d8e-5065ca3330c2,f679f4cf-c089-4a2b-9b84-b14129630601,7bb8cf7d-75e4-4b50-8e24-27d2173e03aa,"@{""type"": ""user"", ""id"": ""NTHFQB8P8X3C"", ""name"": ""Parminder Sharma""} these comments are incorporated in the drawing and is shared again fro review.",FM42EJFZPNC5F3HF,2025-07-31 13:32:20.345
c62531d0-826e-4106-a8ea-c9ba93a96ca8,bf996092-8d66-408a-8d8e-5065ca3330c2,f679f4cf-c089-4a2b-9b84-b14129630601,f8328f45-7a32-4d16-b3f7-bf2d55ea9309,"@{""type"": ""user"", ""id"": ""NTHFQB8P8X3C"", ""name"": ""Parminder Sharma""} theese comments are updated and the updated drawing is re uploaded, hence closing this issue",FM42EJFZPNC5F3HF,2025-07-31 16:50:44.525
70c7aa3b-e5ed-4c69-8b17-5ce6dee858c1,bf996092-8d66-408a-8d8e-5065ca3330c2,f6ab14eb-1a66-4ea5-8a0f-0afbda444403,5874a4af-61cb-4e4c-9602-04c2781380b8,These review has been void from Str. consultant. Drawings are approved in seperate work flow.,CMJ2N3U8MSMRM8ZA,2025-08-05 05:33:33.107
48dd24e0-a182-4d0d-81e0-b668eb6f46c7,bf996092-8d66-408a-8d8e-5065ca3330c2,f679f4cf-c089-4a2b-9b84-b14129630601,c988fe00-ef89-4f98-88ba-5bf251ee0ef8,Comments need to be resolve,NTHFQB8P8X3C,2025-08-07 13:10:26.41
7901d364-0e62-4f79-80ad-627b1b5a9615,bf996092-8d66-408a-8d8e-5065ca3330c2,f679f4cf-c089-4a2b-9b84-b14129630601,1963dd66-5e23-494f-b98c-ce8e342571da,Comments need to be resolve,NTHFQB8P8X3C,2025-08-07 13:18:15.567
153817f1-f02c-466f-a62c-9d9a42788175,bf996092-8d66-408a-8d8e-5065ca3330c2,23142979-9fb6-4fd3-bd82-62d7e0add75f,d74b5d17-ae2e-4fdc-a381-895a47133d45,"Kindly look into this issue, and try to resolved.",TB52D24RMGKR7MPQ,2025-04-10 05:18:41.915
83417915-a497-4557-a358-90e0058a9f33,bf996092-8d66-408a-8d8e-5065ca3330c2,ada6015d-9fce-4f2c-b20f-fc9122d2face,566f6c3e-3cb2-4bf6-b645-766524d5460e,"@{""type"": ""role"", ""id"": ""490203428"", ""name"": ""Project Manager""} work completed please close the permit",V9Q2X946QA52XTJG,2025-04-23 10:20:33.818
3ae73607-933e-400c-af68-066f1f55509d,bf996092-8d66-408a-8d8e-5065ca3330c2,ada6015d-9fce-4f2c-b20f-fc9122d2face,566f6c3e-3cb2-4bf6-b645-766524d5460e,"@{""type"": ""role"", ""id"": ""490203457"", ""name"": ""Contracts-PMC""} checked and approved
",V9Q2X946QA52XTJG,2025-04-23 10:20:54.928
6571c7f0-be32-432b-8c69-dfd628cc42ef,bf996092-8d66-408a-8d8e-5065ca3330c2,967e785d-d83c-490b-8d6a-2ed926c956ac,8e91194f-dac4-4ae2-90d9-c84facba042f,Void,CMJ2N3U8MSMRM8ZA,2025-05-17 06:31:31.31
b43f8e3b-2f27-43d3-862d-f467e85c233b,bf996092-8d66-408a-8d8e-5065ca3330c2,ada6015d-9fce-4f2c-b20f-fc9122d2face,d2dc9b2a-4abb-4151-80b1-beb0730989ef,done,DVW2J8GUNHESYYKC,2025-06-12 04:31:16.354
6d061655-5b1d-4736-b17e-ba1f277e755c,bf996092-8d66-408a-8d8e-5065ca3330c2,ada6015d-9fce-4f2c-b20f-fc9122d2face,8de3ff4e-1e42-4c94-944f-11059955e750,"@{""type"": ""user"", ""id"": ""CMJ2N3U8MSMRM8ZA"", ""name"": ""Deepak Kumar""} please find correcteced photos.",CMJ2N3U8MSMRM8ZA,2025-06-13 07:12:13.407
8603d210-77c4-48e2-b2a3-e16156e89d2b,bf996092-8d66-408a-8d8e-5065ca3330c2,ada6015d-9fce-4f2c-b20f-fc9122d2face,8de3ff4e-1e42-4c94-944f-11059955e750,"@{""type"": ""user"", ""id"": ""3NH2Q57QKQWJE37V"", ""name"": ""Sahil Bisht""} please provide complete details.",CMJ2N3U8MSMRM8ZA,2025-06-13 07:14:38.926
1c101879-a73e-4d77-9ba1-dcdd1de0e3fe,bf996092-8d66-408a-8d8e-5065ca3330c2,f679f4cf-c089-4a2b-9b84-b14129630601,7a1b34a6-3c76-4843-87de-f6cfb9308fb9,Need to resolve comments as marked in drawing,NTHFQB8P8X3C,2025-06-30 10:28:09.632
2c41435f-5d13-478f-8659-04d46943ef7c,bf996092-8d66-408a-8d8e-5065ca3330c2,967e785d-d83c-490b-8d6a-2ed926c956ac,8a77c0fe-ee29-400a-bf8a-5b2ce2c8f5ab,"@{""type"": ""user"", ""id"": ""U8Q2F3P4M3PWWQXF"", ""name"": ""Deepak Bhardwaj""} - Drawing is uploaded by Ducon. Please close this issue.",G5LJ2CH9PRAMRT7X,2025-07-03 10:24:38.61
877d663f-c401-426e-8e14-6bd9d77ab96f,bf996092-8d66-408a-8d8e-5065ca3330c2,967e785d-d83c-490b-8d6a-2ed926c956ac,9cb2de3e-7315-4c35-9388-0d8cbf180f36,"@{""type"": ""user"", ""id"": ""67E2T63RRMUGH3NG"", ""name"": ""chirag Lakhani""} - Please send the hard copies of the drawings which was not sent earlier.",G5LJ2CH9PRAMRT7X,2025-07-03 10:25:32.515
f612b060-7dcf-4214-a06b-ad7d5f4b058d,bf996092-8d66-408a-8d8e-5065ca3330c2,f679f4cf-c089-4a2b-9b84-b14129630601,7bb8cf7d-75e4-4b50-8e24-27d2173e03aa,Comments need to be resolve ,NTHFQB8P8X3C,2025-07-05 13:42:54.02
f1c4d101-44f2-4f0f-9fd1-acafaed3015a,bf996092-8d66-408a-8d8e-5065ca3330c2,ada6015d-9fce-4f2c-b20f-fc9122d2face,8de3ff4e-1e42-4c94-944f-11059955e750,Correction done.,3NH2Q57QKQWJE37V,2025-07-24 08:58:09.9
bc0a21d3-872f-4c2c-b371-9095d54e9b87,bf996092-8d66-408a-8d8e-5065ca3330c2,ada6015d-9fce-4f2c-b20f-fc9122d2face,032be418-49c5-4aca-b2ff-58a4d8324a41,Document has been uploadec,BHQ2NZXYNGAXFVRM,2025-07-24 08:58:27.533
9d09d0ac-bc75-43ee-9d7d-f95fc22bd4bf,bf996092-8d66-408a-8d8e-5065ca3330c2,ada6015d-9fce-4f2c-b20f-fc9122d2face,f7bb14c3-80c6-4fca-afba-bd5b840c0127,correction.,3NH2Q57QKQWJE37V,2025-07-24 09:00:40.784
b5cf79a0-6284-449c-a8d7-7c18ed46a30c,bf996092-8d66-408a-8d8e-5065ca3330c2,ada6015d-9fce-4f2c-b20f-fc9122d2face,928d3355-e0dd-43d8-8beb-00a85a3b0235,MEP Drawing received.,CMJ2N3U8MSMRM8ZA,2025-07-24 09:43:06.148
41434661-5110-405d-bbf7-b1e6a57af499,bf996092-8d66-408a-8d8e-5065ca3330c2,f6ab14eb-1a66-4ea5-8a0f-0afbda444403,6f3b67d3-a733-4fff-b6f2-89ea9cc04996,Dowells position and length maintain by changing ...points rectify.,BFH2KAVSNP5G463F,2025-07-28 09:17:18.619
2085c09a-7880-48f0-a718-c2bc359e8fdf,bf996092-8d66-408a-8d8e-5065ca3330c2,f679f4cf-c089-4a2b-9b84-b14129630601,3139a390-a48e-4149-a99e-3e5e2d78137a,"@parminder all the comments re incorporated and sent for review, hence this issue is closed",FM42EJFZPNC5F3HF,2025-07-29 05:23:38.125
a2d434d0-dde8-484c-86fa-a3ec2d85ea96,bf996092-8d66-408a-8d8e-5065ca3330c2,f679f4cf-c089-4a2b-9b84-b14129630601,bd24799a-f477-4ebe-b021-c78484a6ae33,"@{""type"": ""user"", ""id"": ""NTHFQB8P8X3C"", ""name"": ""Parminder Sharma""} all the comments are incorporated ans hence this issue is closed",FM42EJFZPNC5F3HF,2025-07-29 05:25:07.935
6900fbec-86ba-4b3e-87f6-62afa6f40066,bf996092-8d66-408a-8d8e-5065ca3330c2,967e785d-d83c-490b-8d6a-2ed926c956ac,73cc3c1c-9ede-4bf6-9d51-81a8f803dc9a,"@{""type"": ""user"", ""id"": ""U8Q2F3P4M3PWWQXF"", ""name"": ""Deepak Bhardwaj""} @{""type"": ""user"", ""id"": ""DQ72WAMCK3PT3T58"", ""name"": ""Sandipan Sarkar""} @{""type"": ""user"", ""id"": ""HAF3KK94JCSG"", ""name"": ""vikas mittal""} @{""type"": ""user"", ""id"": ""Q8AJCWZUMM834EBP"", ""name"": ""Ashish Jain""} ",KNL28BHPJJMCM75F,2025-08-01 05:21:25.698
448e40fb-f4b9-41a7-8f90-f26646d0dcda,bf996092-8d66-408a-8d8e-5065ca3330c2,967e785d-d83c-490b-8d6a-2ed926c956ac,00bfefb0-bb60-4f75-a0d1-2fbd22d7b829,"@{""type"": ""user"", ""id"": ""YNUJS2S8LSSR8AJW"", ""name"": ""Sunil Yadav""} @{""type"": ""user"", ""id"": ""U8Q2F3P4M3PWWQXF"", ""name"": ""Deepak Bhardwaj""} @{""type"": ""user"", ""id"": ""Q8AJCWZUMM834EBP"", ""name"": ""Ashish Jain""} @{""type"": ""user"", ""id"": ""DQ72WAMCK3PT3T58"", ""name"": ""Sandipan Sarkar""} ",KNL28BHPJJMCM75F,2025-08-01 05:24:05.068
141ffd39-aa7e-4f8e-8964-e89feb59bed3,bf996092-8d66-408a-8d8e-5065ca3330c2,967e785d-d83c-490b-8d6a-2ed926c956ac,00bfefb0-bb60-4f75-a0d1-2fbd22d7b829,As per RFI solution those points has been rectified .,KNL28BHPJJMCM75F,2025-08-01 05:27:14.446
de59bb66-4ef5-4e1b-8a50-5ef78f643c82,bf996092-8d66-408a-8d8e-5065ca3330c2,ada6015d-9fce-4f2c-b20f-fc9122d2face,a540957e-173f-413e-bcdc-d4802c15ec06,observation noted and rectified.,3NH2Q57QKQWJE37V,2025-08-01 10:05:21.485
05a6e366-e0b0-49cb-aaee-1d1123249f9c,bf996092-8d66-408a-8d8e-5065ca3330c2,f679f4cf-c089-4a2b-9b84-b14129630601,8bf56675-6c83-46a7-b0b4-9335e2dc39de,Need to attend the observation which was mentioned in previously as on 26.06.2025,NTHFQB8P8X3C,2025-08-01 13:20:56.36
a6553632-b9d3-49b4-b33b-4c38cf2fe0fb,bf996092-8d66-408a-8d8e-5065ca3330c2,f6ab14eb-1a66-4ea5-8a0f-0afbda444403,4397930a-6a34-4f6c-b4c6-017c8263017d,"Certain beams need to be modified (reduced) as we need shafts in that area. Additionally, in some instances, the structural drawings do not align with the architectural drawings. Please verify.",NTHFQB8P8X3C,2025-08-04 09:42:51.474
fb1360ed-40b5-4030-8b15-d0cd55f75530,bf996092-8d66-408a-8d8e-5065ca3330c2,f6ab14eb-1a66-4ea5-8a0f-0afbda444403,0a8da280-df07-4d5a-8a25-76324cde41f5,"Certain beams need to be modified (reduced) as we need shafts in that area. Additionally, in some instances, the structural drawings do not align with the architectural drawings. Please verify.",NTHFQB8P8X3C,2025-08-04 09:45:56.961
aa2e2660-9b1e-401d-acce-781884570d53,bf996092-8d66-408a-8d8e-5065ca3330c2,f679f4cf-c089-4a2b-9b84-b14129630601,8ed2637f-f3ba-4d85-9c40-50a608b34819,"@{""type"": ""user"", ""id"": ""NTHFQB8P8X3C"", ""name"": ""Parminder Sharma""} updated drawings is uploaded for sign & stamp.",FM42EJFZPNC5F3HF,2025-08-11 14:24:40.788
99a36cb3-3b41-444b-88b3-834780654062,bf996092-8d66-408a-8d8e-5065ca3330c2,f679f4cf-c089-4a2b-9b84-b14129630601,1963dd66-5e23-494f-b98c-ce8e342571da,"@{""type"": ""user"", ""id"": ""NTHFQB8P8X3C"", ""name"": ""Parminder Sharma""} updated drawing is uploaded",FM42EJFZPNC5F3HF,2025-08-22 12:42:59.439
9bbd067b-eb64-42d3-8101-d75a72d606a8,bf996092-8d66-408a-8d8e-5065ca3330c2,f679f4cf-c089-4a2b-9b84-b14129630601,c988fe00-ef89-4f98-88ba-5bf251ee0ef8,"@{""type"": ""user"", ""id"": ""NTHFQB8P8X3C"", ""name"": ""Parminder Sharma""} updated drawing is uploaded",FM42EJFZPNC5F3HF,2025-08-22 12:43:30.033
