issue_type_id,bim360_account_id,bim360_project_id,issue_type,is_active,created_by,created_at,updated_by,updated_at,deleted_by,deleted_at
b2361f12-0e8c-5a7a-9044-8498609b321f,bf996092-8d66-408a-8d8e-5065ca3330c2,ada6015d-9fce-4f2c-b20f-fc9122d2face,Observation,t,System,2025-02-25 06:04:35.806,System,2025-02-25 06:04:35.885,,
7c6f1f7e-3f46-56b7-95a2-5f0a202be8e3,bf996092-8d66-408a-8d8e-5065ca3330c2,ada6015d-9fce-4f2c-b20f-fc9122d2face,Work List,f,System,2025-02-25 06:04:35.838,System,2025-02-25 06:04:35.891,,
af96c0ca-f94c-56ba-9472-bc7097857cce,bf996092-8d66-408a-8d8e-5065ca3330c2,ada6015d-9fce-4f2c-b20f-fc9122d2face,Safety,t,System,2025-02-25 06:04:35.845,System,2025-04-28 11:19:07.381,,
5265f4c4-27eb-5b28-9491-35fb7e411e75,bf996092-8d66-408a-8d8e-5065ca3330c2,ada6015d-9fce-4f2c-b20f-fc9122d2face,Commissioning,t,System,2025-02-25 06:04:35.874,CMJ2N3U8MSMRM8ZA,2025-07-18 06:00:23.033,,
e56a8f6c-241a-5b0f-a393-f174d39920a3,bf996092-8d66-408a-8d8e-5065ca3330c2,ada6015d-9fce-4f2c-b20f-fc9122d2face,Coordination,t,System,2025-02-25 06:04:35.883,System,2025-02-25 06:04:35.936,,
223482c5-72aa-54a5-88e9-4363071fe4c1,bf996092-8d66-408a-8d8e-5065ca3330c2,ada6015d-9fce-4f2c-b20f-fc9122d2face,Quality,t,System,2025-02-25 06:04:35.897,V9Q2X946QA52XTJG,2025-04-09 06:40:30.936,,
c3d06624-4eb2-5232-9c6b-8f6d62e98475,bf996092-8d66-408a-8d8e-5065ca3330c2,ada6015d-9fce-4f2c-b20f-fc9122d2face,Punch List,t,System,2025-02-25 06:04:36.274,System,2025-02-25 06:04:36.368,,
3066072e-a352-5078-b174-7a83d08807f9,bf996092-8d66-408a-8d8e-5065ca3330c2,ada6015d-9fce-4f2c-b20f-fc9122d2face,Design,t,System,2025-02-25 06:04:36.318,CMJ2N3U8MSMRM8ZA,2025-07-24 05:58:39.329,,
a2e30ec2-839b-53c6-bf19-d77be8325869,bf996092-8d66-408a-8d8e-5065ca3330c2,ada6015d-9fce-4f2c-b20f-fc9122d2face,General,t,System,2025-02-25 06:04:35.875,System,2025-02-25 06:04:36.378,,
29b033f2-ed76-5338-bb44-0c14ffc1837e,bf996092-8d66-408a-8d8e-5065ca3330c2,ada6015d-9fce-4f2c-b20f-fc9122d2face,Warranty,f,System,2025-02-25 06:04:35.895,System,2025-02-25 06:04:36.411,,
52bf023b-a895-4782-8d35-4e9f19e7f4e9,bf996092-8d66-408a-8d8e-5065ca3330c2,ada6015d-9fce-4f2c-b20f-fc9122d2face,MEP,t,CMJ2N3U8MSMRM8ZA,2025-07-18 06:02:38.565,CMJ2N3U8MSMRM8ZA,2025-07-18 06:02:38.938,,
d703e801-5bbd-4fe0-ae62-257336c4c761,bf996092-8d66-408a-8d8e-5065ca3330c2,ada6015d-9fce-4f2c-b20f-fc9122d2face,Contracts,t,V9Q2X946QA52XTJG,2025-05-27 11:09:29.048,System,2025-07-24 08:16:35.026,,
906fb545-82dc-5199-a790-6e9060f29d73,bf996092-8d66-408a-8d8e-5065ca3330c2,f679f4cf-c089-4a2b-9b84-b14129630601,Observation,f,System,2025-03-21 09:13:11.693,3NH2Q57QKQWJE37V,2025-06-25 06:06:23.761,,
378724f1-cf10-5d94-ad72-d2b34a7a1514,bf996092-8d66-408a-8d8e-5065ca3330c2,f679f4cf-c089-4a2b-9b84-b14129630601,Design Task,t,System,2025-03-21 09:13:11.81,System,2025-03-21 09:13:11.997,,
403dd2f5-fc22-5e67-94ad-fddf247007ad,bf996092-8d66-408a-8d8e-5065ca3330c2,f679f4cf-c089-4a2b-9b84-b14129630601,CDE,t,System,2025-03-21 09:13:11.908,System,2025-03-21 09:13:12.105,,
324ca867-1856-5a7b-982a-ecc8f9f46a77,bf996092-8d66-408a-8d8e-5065ca3330c2,f679f4cf-c089-4a2b-9b84-b14129630601,Safety,t,System,2025-03-21 09:13:12.068,System,2025-03-21 09:13:12.133,,
1d746b90-f530-59f1-80c7-05691855bb2d,bf996092-8d66-408a-8d8e-5065ca3330c2,f679f4cf-c089-4a2b-9b84-b14129630601,Warranty,f,System,2025-03-21 09:13:12.07,System,2025-03-21 09:13:12.175,,
809b5efa-8bc6-502c-ab0c-54d8c4e70bda,bf996092-8d66-408a-8d8e-5065ca3330c2,f679f4cf-c089-4a2b-9b84-b14129630601,Contracts & Procurement,t,System,2025-03-21 09:13:11.865,System,2025-03-21 09:13:12.183,,
8b2d702c-ccda-542c-afa7-f2d35ef81853,bf996092-8d66-408a-8d8e-5065ca3330c2,f679f4cf-c089-4a2b-9b84-b14129630601,Commissioning,f,System,2025-03-21 09:13:11.92,3NH2Q57QKQWJE37V,2025-06-25 06:05:49.508,,
a4afa4ad-6ac8-5d90-a4e5-52f927414a38,bf996092-8d66-408a-8d8e-5065ca3330c2,f679f4cf-c089-4a2b-9b84-b14129630601,Work List,f,System,2025-03-21 09:13:11.918,System,2025-03-21 09:13:12.268,,
d9ae642d-6aeb-5f44-bb96-4ced62e4b7d6,bf996092-8d66-408a-8d8e-5065ca3330c2,f679f4cf-c089-4a2b-9b84-b14129630601,Design,t,System,2025-03-21 09:13:11.921,CMJ2N3U8MSMRM8ZA,2025-07-30 11:33:02.335,,
df70a014-2549-51ae-8404-2eefcda277e0,bf996092-8d66-408a-8d8e-5065ca3330c2,f679f4cf-c089-4a2b-9b84-b14129630601,General,f,System,2025-03-21 09:13:11.805,3NH2Q57QKQWJE37V,2025-06-25 06:06:10.728,,
2b8d5102-2538-55ef-82ac-31192871aa54,bf996092-8d66-408a-8d8e-5065ca3330c2,f679f4cf-c089-4a2b-9b84-b14129630601,Quality,t,System,2025-03-21 09:13:11.767,System,2025-03-21 09:13:12.412,,
deb11110-0d4c-52d9-9d83-5aac4e9347f6,bf996092-8d66-408a-8d8e-5065ca3330c2,f679f4cf-c089-4a2b-9b84-b14129630601,Coordination,t,System,2025-03-21 09:13:12.569,System,2025-03-21 09:13:12.642,,
60fa5aaa-463d-5a8c-9f46-763da9410d89,bf996092-8d66-408a-8d8e-5065ca3330c2,f679f4cf-c089-4a2b-9b84-b14129630601,Billing,t,System,2025-03-21 09:13:12.513,System,2025-03-21 09:13:12.655,,
df3a3f56-f89d-5124-9f46-7eac0532fa63,bf996092-8d66-408a-8d8e-5065ca3330c2,f679f4cf-c089-4a2b-9b84-b14129630601,QS/Estimation,t,System,2025-03-21 09:13:12.527,System,2025-03-21 09:13:12.663,,
9bbdb64a-f56b-518b-a733-84f43d46ec47,bf996092-8d66-408a-8d8e-5065ca3330c2,f679f4cf-c089-4a2b-9b84-b14129630601,Old Issues,f,System,2025-03-21 09:13:11.732,3NH2Q57QKQWJE37V,2025-06-25 06:06:34.294,,
bc8ff2ea-35ad-54fd-929a-6a1586e5a09d,bf996092-8d66-408a-8d8e-5065ca3330c2,f679f4cf-c089-4a2b-9b84-b14129630601,Planning,f,System,2025-03-21 09:13:12.069,3NH2Q57QKQWJE37V,2025-06-25 06:06:46.282,,
41a193cb-fa0d-5495-9d6b-10da8f35b755,bf996092-8d66-408a-8d8e-5065ca3330c2,f679f4cf-c089-4a2b-9b84-b14129630601,Punch List,f,System,2025-03-21 09:13:12.076,3NH2Q57QKQWJE37V,2025-06-25 06:07:55.076,,
f7b484f6-7846-5417-8717-d4d7a0512ec7,bf996092-8d66-408a-8d8e-5065ca3330c2,f679f4cf-c089-4a2b-9b84-b14129630601,Snag,f,System,2025-03-21 09:13:12.528,3NH2Q57QKQWJE37V,2025-06-25 06:08:10.478,,
45a08a8d-9724-5419-905c-15b1e3e53b9d,bf996092-8d66-408a-8d8e-5065ca3330c2,f679f4cf-c089-4a2b-9b84-b14129630601,Task,f,System,2025-03-21 09:13:12.007,3NH2Q57QKQWJE37V,2025-06-25 06:08:21.925,,
f8eb7ca9-a0f4-5bfb-bbf4-f0f7488aa579,bf996092-8d66-408a-8d8e-5065ca3330c2,f679f4cf-c089-4a2b-9b84-b14129630601,Work Orders,f,System,2025-03-21 09:13:11.796,3NH2Q57QKQWJE37V,2025-06-25 06:09:13.226,,
58c90ce6-5ee4-4d08-b66d-bfb6c3496b33,bf996092-8d66-408a-8d8e-5065ca3330c2,61c6206e-6e04-428a-836e-f68959d2a057,Design,t,System,2025-07-16 11:22:47.054,System,2025-07-16 11:22:47.067,,
42840c32-51e8-4b52-846e-1ffbedb65967,bf996092-8d66-408a-8d8e-5065ca3330c2,61c6206e-6e04-428a-836e-f68959d2a057,Quality,t,System,2025-07-16 11:22:47.054,System,2025-07-16 11:22:47.054,,
ef0f598c-943c-492e-a8ce-5ced9cce5a96,bf996092-8d66-408a-8d8e-5065ca3330c2,61c6206e-6e04-428a-836e-f68959d2a057,General,t,System,2025-07-16 11:22:47.054,System,2025-07-16 11:22:47.054,,
1e0ff02f-0657-40ae-a7d0-bbb71a7601a4,bf996092-8d66-408a-8d8e-5065ca3330c2,61c6206e-6e04-428a-836e-f68959d2a057,Safety,t,System,2025-07-16 11:22:47.054,System,2025-07-16 11:22:47.054,,
abbcdbcd-793e-4f1f-9470-e8b82ee75447,bf996092-8d66-408a-8d8e-5065ca3330c2,61c6206e-6e04-428a-836e-f68959d2a057,Punch List,t,System,2025-07-16 11:22:47.054,System,2025-07-16 11:22:47.054,,
63712cd0-de77-4263-a55c-a7ab9253ac07,bf996092-8d66-408a-8d8e-5065ca3330c2,61c6206e-6e04-428a-836e-f68959d2a057,Commissioning,t,System,2025-07-16 11:22:47.054,System,2025-07-16 11:22:47.054,,
2a1dfbb2-c9de-4a87-b553-65bcbbf3f643,bf996092-8d66-408a-8d8e-5065ca3330c2,61c6206e-6e04-428a-836e-f68959d2a057,Work List,f,System,2025-07-16 11:22:47.054,System,2025-07-16 11:22:47.054,,
97a6118a-9d81-4f00-a84b-89f3296b536c,bf996092-8d66-408a-8d8e-5065ca3330c2,61c6206e-6e04-428a-836e-f68959d2a057,Observation,t,System,2025-07-16 11:22:47.054,System,2025-07-16 11:22:47.054,,
ca7bfe29-4d0c-47a1-abf2-e4e51289bcb2,bf996092-8d66-408a-8d8e-5065ca3330c2,61c6206e-6e04-428a-836e-f68959d2a057,Warranty,f,System,2025-07-16 11:22:47.054,System,2025-07-16 11:22:47.054,,
e9fd7082-9036-496c-ad76-e9e90078f7ee,bf996092-8d66-408a-8d8e-5065ca3330c2,61c6206e-6e04-428a-836e-f68959d2a057,Coordination,t,System,2025-07-16 11:22:47.054,System,2025-07-16 11:22:47.054,,
a6ea54bb-cfa8-5d7e-845e-61e021598998,bf996092-8d66-408a-8d8e-5065ca3330c2,967e785d-d83c-490b-8d6a-2ed926c956ac,General,f,System,2025-03-21 06:44:53.941,V9Q2X946QA52XTJG,2025-04-30 11:04:18.364,,
73f362e6-0dfb-5542-bf8c-a1766e64d41a,bf996092-8d66-408a-8d8e-5065ca3330c2,967e785d-d83c-490b-8d6a-2ed926c956ac,Design Task,t,System,2025-03-21 06:44:53.945,System,2025-06-18 05:46:33.583,,
f0b9b0c7-5a75-560b-a9e3-1ed931e98e9e,bf996092-8d66-408a-8d8e-5065ca3330c2,967e785d-d83c-490b-8d6a-2ed926c956ac,Work List,f,System,2025-03-21 06:44:53.966,System,2025-03-21 06:44:54.004,,
30a3b17d-51f1-5386-8096-9ea413a83cfa,bf996092-8d66-408a-8d8e-5065ca3330c2,967e785d-d83c-490b-8d6a-2ed926c956ac,Design,t,System,2025-03-21 06:44:53.927,System,2025-04-30 11:03:52.915,,
f84b303d-14f9-59e2-99c9-3601e3cc989e,bf996092-8d66-408a-8d8e-5065ca3330c2,967e785d-d83c-490b-8d6a-2ed926c956ac,Coordination,t,System,2025-03-21 06:44:53.946,System,2025-04-30 11:01:45.534,,
8c4b2e49-93e8-5aa3-b9f3-682c6ab54cc6,bf996092-8d66-408a-8d8e-5065ca3330c2,967e785d-d83c-490b-8d6a-2ed926c956ac,QS/Estimation,t,System,2025-03-21 06:44:53.929,System,2025-04-30 11:44:44.596,,
c915fcf7-6ceb-5324-a1f8-59893e6411dd,bf996092-8d66-408a-8d8e-5065ca3330c2,967e785d-d83c-490b-8d6a-2ed926c956ac,Commissioning,f,System,2025-03-21 06:44:53.95,V9Q2X946QA52XTJG,2025-04-30 10:30:08.941,,
8afcb26f-3b4d-594c-9490-0bba4104acbc,bf996092-8d66-408a-8d8e-5065ca3330c2,967e785d-d83c-490b-8d6a-2ed926c956ac,CDE,t,System,2025-03-21 06:44:54.289,System,2025-04-30 10:51:03.546,,
d4e86957-849a-5b0a-b792-ae218018a44a,bf996092-8d66-408a-8d8e-5065ca3330c2,967e785d-d83c-490b-8d6a-2ed926c956ac,Billing,t,System,2025-03-21 06:44:54.311,System,2025-04-30 10:32:46.458,,
fdacd151-ddd6-5470-b569-643759f660ba,bf996092-8d66-408a-8d8e-5065ca3330c2,967e785d-d83c-490b-8d6a-2ed926c956ac,Warranty,f,System,2025-03-21 06:44:54.397,System,2025-03-21 06:44:54.788,,
215b1958-c80f-5e54-81fd-a850ebcd6871,bf996092-8d66-408a-8d8e-5065ca3330c2,967e785d-d83c-490b-8d6a-2ed926c956ac,Observation,f,System,2025-03-21 06:44:53.951,V9Q2X946QA52XTJG,2025-04-30 11:04:25.101,,
d7e3672e-19d3-5859-b87f-a0ecd6fec002,bf996092-8d66-408a-8d8e-5065ca3330c2,967e785d-d83c-490b-8d6a-2ed926c956ac,Old Issues,f,System,2025-03-21 06:44:53.937,V9Q2X946QA52XTJG,2025-04-30 11:04:34.78,,
82887517-f04c-5630-b28a-e4da20bca92f,bf996092-8d66-408a-8d8e-5065ca3330c2,967e785d-d83c-490b-8d6a-2ed926c956ac,Punch List,f,System,2025-03-21 06:44:54.522,V9Q2X946QA52XTJG,2025-04-30 11:05:28.937,,
3455a535-6a79-583f-bd34-babec83c6823,bf996092-8d66-408a-8d8e-5065ca3330c2,967e785d-d83c-490b-8d6a-2ed926c956ac,Planning,f,System,2025-03-21 06:44:54.292,V9Q2X946QA52XTJG,2025-04-30 11:05:44.712,,
3c5cb721-860a-5cd3-84ab-9b3647fe0ca8,bf996092-8d66-408a-8d8e-5065ca3330c2,967e785d-d83c-490b-8d6a-2ed926c956ac,Task,f,System,2025-03-21 06:44:53.876,V9Q2X946QA52XTJG,2025-04-30 11:05:55.816,,
e6e24945-5640-578e-9655-3b7094855a45,bf996092-8d66-408a-8d8e-5065ca3330c2,967e785d-d83c-490b-8d6a-2ed926c956ac,Snag,f,System,2025-03-21 06:44:53.879,V9Q2X946QA52XTJG,2025-04-30 11:06:08.786,,
ef5912f4-c5c3-5b14-bab4-29596f7ff320,bf996092-8d66-408a-8d8e-5065ca3330c2,967e785d-d83c-490b-8d6a-2ed926c956ac,Quality,t,System,2025-03-21 06:44:53.96,System,2025-04-30 11:44:06.452,,
834ef3ea-978b-5e6f-bc7f-ec1aec9cbec7,bf996092-8d66-408a-8d8e-5065ca3330c2,967e785d-d83c-490b-8d6a-2ed926c956ac,Safety,t,System,2025-03-21 06:44:54.128,System,2025-04-30 11:43:08.526,,
37cdc129-414f-5e45-9565-d0bcb12474f5,bf996092-8d66-408a-8d8e-5065ca3330c2,967e785d-d83c-490b-8d6a-2ed926c956ac,Contracts & Procurement,t,System,2025-03-21 06:44:54.395,System,2025-04-30 11:20:07.212,,
9cbe0a30-c29b-5256-b1f2-f7e4bd9a53af,bf996092-8d66-408a-8d8e-5065ca3330c2,967e785d-d83c-490b-8d6a-2ed926c956ac,Work Orders,f,System,2025-03-21 06:44:54.11,V9Q2X946QA52XTJG,2025-04-30 11:20:39.989,,
1ffcab6a-02aa-5222-afa9-14994ba4f74f,bf996092-8d66-408a-8d8e-5065ca3330c2,f6ab14eb-1a66-4ea5-8a0f-0afbda444403,Coordination,t,System,2025-05-21 10:51:24.389,System,2025-05-21 10:51:24.457,,
405b0146-8735-5b4b-a363-ccd3fddf8f1d,bf996092-8d66-408a-8d8e-5065ca3330c2,f6ab14eb-1a66-4ea5-8a0f-0afbda444403,General,f,System,2025-05-21 10:51:24.469,System,2025-05-21 10:51:24.581,,
7de33e39-2137-58a8-b2e7-afa0fd816982,bf996092-8d66-408a-8d8e-5065ca3330c2,f6ab14eb-1a66-4ea5-8a0f-0afbda444403,CDE,t,System,2025-05-21 10:51:24.468,System,2025-05-21 10:51:24.582,,
c15df524-4980-5ca2-bf01-091be6c2e358,bf996092-8d66-408a-8d8e-5065ca3330c2,f6ab14eb-1a66-4ea5-8a0f-0afbda444403,Planning,f,System,2025-05-21 10:51:24.437,System,2025-05-21 10:51:24.598,,
f0874cc2-86e1-5016-b900-ac7c70040710,bf996092-8d66-408a-8d8e-5065ca3330c2,f6ab14eb-1a66-4ea5-8a0f-0afbda444403,Task,f,System,2025-05-21 10:51:24.394,System,2025-05-21 10:51:24.58,,
3ab5a25a-1fe6-5ed1-b62c-1c783f565afd,bf996092-8d66-408a-8d8e-5065ca3330c2,f6ab14eb-1a66-4ea5-8a0f-0afbda444403,Billing,t,System,2025-05-21 10:51:24.609,System,2025-05-21 10:51:24.945,,
443287d3-6189-5deb-83f3-604a257f2086,bf996092-8d66-408a-8d8e-5065ca3330c2,f6ab14eb-1a66-4ea5-8a0f-0afbda444403,Warranty,f,System,2025-05-21 10:51:24.824,System,2025-05-21 10:51:24.951,,
4ef2d573-a357-5ef3-aabc-26be4d3ca6a5,bf996092-8d66-408a-8d8e-5065ca3330c2,f6ab14eb-1a66-4ea5-8a0f-0afbda444403,Punch List,f,System,2025-05-21 10:51:24.685,System,2025-05-21 10:51:24.981,,
8963d24e-d37d-57c9-8809-5fe673aec93c,bf996092-8d66-408a-8d8e-5065ca3330c2,f6ab14eb-1a66-4ea5-8a0f-0afbda444403,Old Issues,f,System,2025-05-21 10:51:24.682,System,2025-05-21 10:51:24.982,,
6c8d6f33-8a7e-5a60-990e-7c4bc0c6f628,bf996092-8d66-408a-8d8e-5065ca3330c2,f6ab14eb-1a66-4ea5-8a0f-0afbda444403,QS/Estimation,t,System,2025-05-21 10:51:24.683,System,2025-05-21 10:51:24.991,,
d5447c10-3a6d-53f3-aa68-b03d2541d7f7,bf996092-8d66-408a-8d8e-5065ca3330c2,f6ab14eb-1a66-4ea5-8a0f-0afbda444403,Safety,t,System,2025-05-21 10:51:24.685,System,2025-05-21 10:51:25.014,,
b2c4ebc7-0ad4-5204-b1c0-e3eba32a7d31,bf996092-8d66-408a-8d8e-5065ca3330c2,f6ab14eb-1a66-4ea5-8a0f-0afbda444403,Work List,f,System,2025-05-21 10:51:24.599,System,2025-05-21 10:51:25.354,,
842977b7-4eb6-5f10-85db-f210058bb6f4,bf996092-8d66-408a-8d8e-5065ca3330c2,f6ab14eb-1a66-4ea5-8a0f-0afbda444403,Contracts & Procurement,t,System,2025-05-21 10:51:25.269,System,2025-05-21 10:51:25.357,,
88feae23-10ee-55b5-8ccb-9ff2e61a242d,bf996092-8d66-408a-8d8e-5065ca3330c2,f6ab14eb-1a66-4ea5-8a0f-0afbda444403,Work Orders,f,System,2025-05-21 10:51:25.205,System,2025-05-21 10:51:25.372,,
d6232a91-09ae-5ee6-93df-19cbb2293fa8,bf996092-8d66-408a-8d8e-5065ca3330c2,f6ab14eb-1a66-4ea5-8a0f-0afbda444403,Snag,f,System,2025-05-21 10:51:25.315,System,2025-05-21 10:51:25.387,,
28e8041d-2425-577f-bb99-09d8d315d22b,bf996092-8d66-408a-8d8e-5065ca3330c2,f6ab14eb-1a66-4ea5-8a0f-0afbda444403,Commissioning,f,System,2025-05-21 10:51:25.321,System,2025-05-21 10:51:25.393,,
5d902a44-4ad7-5780-81ef-305c9148bd36,bf996092-8d66-408a-8d8e-5065ca3330c2,f6ab14eb-1a66-4ea5-8a0f-0afbda444403,Design,t,System,2025-05-21 10:51:25.318,System,2025-05-21 10:51:25.405,,
ad3a9963-dfaf-56d0-bfd6-979e91167b70,bf996092-8d66-408a-8d8e-5065ca3330c2,f6ab14eb-1a66-4ea5-8a0f-0afbda444403,Design Task,f,System,2025-05-21 10:51:25.317,System,2025-05-21 10:51:25.423,,
4a17d557-ae79-51a8-b5fb-9030e4e98dae,bf996092-8d66-408a-8d8e-5065ca3330c2,f6ab14eb-1a66-4ea5-8a0f-0afbda444403,Quality,t,System,2025-05-21 10:51:25.32,System,2025-05-21 10:51:25.424,,
d706b3e8-cfe2-597a-86a6-965a705efc56,bf996092-8d66-408a-8d8e-5065ca3330c2,f6ab14eb-1a66-4ea5-8a0f-0afbda444403,Observation,f,System,2025-05-21 10:51:25.322,System,2025-05-21 10:51:25.425,,
99b79ba9-6e9b-4c2c-b44a-1f4c3def9e0e,bf996092-8d66-408a-8d8e-5065ca3330c2,5f478d4c-bbba-42cf-9532-4c830f687b31,Quality,t,System,2025-06-09 07:21:50.217,System,2025-06-09 07:21:50.217,,
95d9db86-e3c2-4e35-a316-14027cd03dec,bf996092-8d66-408a-8d8e-5065ca3330c2,5f478d4c-bbba-42cf-9532-4c830f687b31,General,t,System,2025-06-09 07:21:50.217,System,2025-06-09 07:21:50.217,,
045719b5-ae0a-4cb6-9fb9-83d8dbe16555,bf996092-8d66-408a-8d8e-5065ca3330c2,5f478d4c-bbba-42cf-9532-4c830f687b31,Safety,t,System,2025-06-09 07:21:50.217,System,2025-06-09 07:21:50.217,,
e3640a2b-ea39-447f-b0a8-3dce4ffd6105,bf996092-8d66-408a-8d8e-5065ca3330c2,5f478d4c-bbba-42cf-9532-4c830f687b31,Punch List,t,System,2025-06-09 07:21:50.217,System,2025-06-09 07:21:50.217,,
a4423ae7-2e15-4619-82b0-4b7284a86be1,bf996092-8d66-408a-8d8e-5065ca3330c2,5f478d4c-bbba-42cf-9532-4c830f687b31,Commissioning,t,System,2025-06-09 07:21:50.217,System,2025-06-09 07:21:50.217,,
131fd461-e96a-4040-a3fb-946387564795,bf996092-8d66-408a-8d8e-5065ca3330c2,5f478d4c-bbba-42cf-9532-4c830f687b31,Work List,f,System,2025-06-09 07:21:50.217,System,2025-06-09 07:21:50.217,,
6c116569-3150-4453-91ea-6db3568cc79b,bf996092-8d66-408a-8d8e-5065ca3330c2,5f478d4c-bbba-42cf-9532-4c830f687b31,Observation,t,System,2025-06-09 07:21:50.217,System,2025-06-09 07:21:50.217,,
ea09d771-eece-4958-9073-cf11af581878,bf996092-8d66-408a-8d8e-5065ca3330c2,5f478d4c-bbba-42cf-9532-4c830f687b31,Warranty,f,System,2025-06-09 07:21:50.217,System,2025-06-09 07:21:50.217,,
62889337-2d84-4252-a3c6-0444a3a8cc7d,bf996092-8d66-408a-8d8e-5065ca3330c2,5f478d4c-bbba-42cf-9532-4c830f687b31,Coordination,t,System,2025-06-09 07:21:50.217,System,2025-06-09 09:17:05.824,,
dce55c43-0a1d-475a-a234-8b7b117f357c,bf996092-8d66-408a-8d8e-5065ca3330c2,5f478d4c-bbba-42cf-9532-4c830f687b31,Design,t,System,2025-06-09 07:21:50.217,System,2025-06-09 07:21:50.231,,
e3e11481-bf61-40a1-8b61-565082fbc8b7,bf996092-8d66-408a-8d8e-5065ca3330c2,d3e63b56-0fd8-48c4-a595-b59dec992cd7,Design,t,System,2025-02-21 13:16:52.436,System,2025-02-21 13:16:52.462,,
c37cc2d3-7f00-4ad8-8a23-de5ed6e56fc9,bf996092-8d66-408a-8d8e-5065ca3330c2,d3e63b56-0fd8-48c4-a595-b59dec992cd7,Quality,t,System,2025-02-21 13:16:52.436,System,2025-02-21 13:16:52.436,,
6b848254-8bcf-49b3-9885-6a7e84f1cbc1,bf996092-8d66-408a-8d8e-5065ca3330c2,d3e63b56-0fd8-48c4-a595-b59dec992cd7,General,t,System,2025-02-21 13:16:52.436,System,2025-02-21 13:16:52.436,,
1f2d50f4-6766-4806-b4a7-c2064c4e8583,bf996092-8d66-408a-8d8e-5065ca3330c2,d3e63b56-0fd8-48c4-a595-b59dec992cd7,Safety,t,System,2025-02-21 13:16:52.436,System,2025-02-21 13:16:52.436,,
aefe0960-b649-4c9b-ac87-a1cd3d0e0ddb,bf996092-8d66-408a-8d8e-5065ca3330c2,d3e63b56-0fd8-48c4-a595-b59dec992cd7,Punch List,t,System,2025-02-21 13:16:52.436,System,2025-02-21 13:16:52.436,,
1653c0d3-c008-466c-81d5-55338b3ddb1f,bf996092-8d66-408a-8d8e-5065ca3330c2,d3e63b56-0fd8-48c4-a595-b59dec992cd7,Commissioning,t,System,2025-02-21 13:16:52.436,System,2025-02-21 13:16:52.436,,
19161bce-0109-4596-a1b0-ca1b1783ccf8,bf996092-8d66-408a-8d8e-5065ca3330c2,d3e63b56-0fd8-48c4-a595-b59dec992cd7,Work List,f,System,2025-02-21 13:16:52.436,System,2025-02-21 13:16:52.436,,
790d14ec-1d0c-43a5-85e0-9f22bfea3d2c,bf996092-8d66-408a-8d8e-5065ca3330c2,d3e63b56-0fd8-48c4-a595-b59dec992cd7,Observation,t,System,2025-02-21 13:16:52.436,System,2025-02-21 13:16:52.436,,
7115c49e-0c92-4ea5-aa0b-96259c531c93,bf996092-8d66-408a-8d8e-5065ca3330c2,d3e63b56-0fd8-48c4-a595-b59dec992cd7,Warranty,f,System,2025-02-21 13:16:52.436,System,2025-02-21 13:16:52.436,,
e369078b-111b-42f1-99d7-e08d85bd1980,bf996092-8d66-408a-8d8e-5065ca3330c2,d3e63b56-0fd8-48c4-a595-b59dec992cd7,Coordination,t,System,2025-02-21 13:16:52.436,System,2025-02-21 13:16:52.436,,
2dafd9b2-e7d4-44de-b8cc-65934e4eff62,bf996092-8d66-408a-8d8e-5065ca3330c2,3473261e-0400-4f3f-881d-b12012018bee,Design,t,System,2025-02-01 04:02:07.476,System,2025-02-01 04:02:07.484,,
f3f427eb-478c-4297-8280-22088bc904d5,bf996092-8d66-408a-8d8e-5065ca3330c2,3473261e-0400-4f3f-881d-b12012018bee,Quality,t,System,2025-02-01 04:02:07.476,System,2025-02-01 04:02:07.476,,
828251b3-5eb9-4d70-8ade-fa1dc675bcb3,bf996092-8d66-408a-8d8e-5065ca3330c2,3473261e-0400-4f3f-881d-b12012018bee,General,t,System,2025-02-01 04:02:07.476,System,2025-02-01 04:02:07.476,,
f02bbd97-fb3d-4f7d-8939-e18a16a1437f,bf996092-8d66-408a-8d8e-5065ca3330c2,3473261e-0400-4f3f-881d-b12012018bee,Safety,t,System,2025-02-01 04:02:07.476,System,2025-02-01 04:02:07.476,,
ac4ad740-d736-4067-9ce2-b7b6daf49c52,bf996092-8d66-408a-8d8e-5065ca3330c2,3473261e-0400-4f3f-881d-b12012018bee,Punch List,t,System,2025-02-01 04:02:07.476,System,2025-02-01 04:02:07.476,,
203952d0-873e-4951-bea9-fa4161f1fc9a,bf996092-8d66-408a-8d8e-5065ca3330c2,3473261e-0400-4f3f-881d-b12012018bee,Commissioning,t,System,2025-02-01 04:02:07.476,System,2025-02-01 04:02:07.476,,
52289a54-6c5c-43a9-846a-6c1a70241254,bf996092-8d66-408a-8d8e-5065ca3330c2,3473261e-0400-4f3f-881d-b12012018bee,Work List,f,System,2025-02-01 04:02:07.476,System,2025-02-01 04:02:07.476,,
0272f6b2-2d45-4ddd-a580-708cc0649fc1,bf996092-8d66-408a-8d8e-5065ca3330c2,3473261e-0400-4f3f-881d-b12012018bee,Observation,t,System,2025-02-01 04:02:07.476,System,2025-02-01 04:02:07.476,,
40e68c9a-6e26-464e-9cc4-392191ccd561,bf996092-8d66-408a-8d8e-5065ca3330c2,3473261e-0400-4f3f-881d-b12012018bee,Warranty,f,System,2025-02-01 04:02:07.476,System,2025-02-01 04:02:07.476,,
320448a7-1cc3-4e99-993f-62125a99fbdc,bf996092-8d66-408a-8d8e-5065ca3330c2,3473261e-0400-4f3f-881d-b12012018bee,Coordination,t,System,2025-02-01 04:02:07.476,System,2025-02-01 04:02:07.476,,
b13e2f12-f51d-57aa-9465-edd0cee8238e,bf996092-8d66-408a-8d8e-5065ca3330c2,a53412bd-7461-4097-8404-e9dca9bf8ebe,General,f,System,2025-06-10 11:53:30.663,System,2025-06-10 11:53:30.698,,
5d4aec29-8872-527f-9a5e-34f26f3e3431,bf996092-8d66-408a-8d8e-5065ca3330c2,a53412bd-7461-4097-8404-e9dca9bf8ebe,Quality,t,System,2025-06-10 11:53:30.67,System,2025-06-10 11:53:30.759,,
f7bc8b1b-2b22-5746-8773-0f9fc3426ed8,bf996092-8d66-408a-8d8e-5065ca3330c2,a53412bd-7461-4097-8404-e9dca9bf8ebe,Snag,f,System,2025-06-10 11:53:30.701,System,2025-06-10 11:53:30.765,,
b67de9cf-dbd2-581e-a2bc-d9ca6f8fb844,bf996092-8d66-408a-8d8e-5065ca3330c2,a53412bd-7461-4097-8404-e9dca9bf8ebe,Work List,f,System,2025-06-10 11:53:30.675,System,2025-06-10 11:53:30.756,,
6f260341-8d6d-5b45-8f76-5c1ac1e65cbf,bf996092-8d66-408a-8d8e-5065ca3330c2,a53412bd-7461-4097-8404-e9dca9bf8ebe,Design,t,System,2025-06-10 11:53:30.718,System,2025-06-10 11:53:30.811,,
725ecae3-319c-5904-bcab-1fddd59364cb,bf996092-8d66-408a-8d8e-5065ca3330c2,a53412bd-7461-4097-8404-e9dca9bf8ebe,Billing,t,System,2025-06-10 11:53:30.725,System,2025-06-10 11:53:30.822,,
a6c6ca18-17e5-57aa-9a0d-3f487ef48122,bf996092-8d66-408a-8d8e-5065ca3330c2,a53412bd-7461-4097-8404-e9dca9bf8ebe,Planning,f,System,2025-06-10 11:53:30.745,System,2025-06-10 11:53:30.827,,
48b28385-cf79-5ca2-ac6b-27ca55807dcc,bf996092-8d66-408a-8d8e-5065ca3330c2,a53412bd-7461-4097-8404-e9dca9bf8ebe,Observation,f,System,2025-06-10 11:53:30.753,System,2025-06-10 11:53:30.828,,
0cae505c-fc56-530f-9ccd-34e1d1d2d610,bf996092-8d66-408a-8d8e-5065ca3330c2,a53412bd-7461-4097-8404-e9dca9bf8ebe,Commissioning,f,System,2025-06-10 11:53:30.754,System,2025-06-10 11:53:30.89,,
9833411b-cbc5-5b96-9937-58419d7d6a17,bf996092-8d66-408a-8d8e-5065ca3330c2,a53412bd-7461-4097-8404-e9dca9bf8ebe,Warranty,f,System,2025-06-10 11:53:30.826,System,2025-06-10 11:53:30.891,,
9fafdd78-c63b-56f9-a0cd-af7d2689a3d0,bf996092-8d66-408a-8d8e-5065ca3330c2,a53412bd-7461-4097-8404-e9dca9bf8ebe,Work Orders,f,System,2025-06-10 11:53:30.818,System,2025-06-10 11:53:30.896,,
7c9c3ea9-10db-5a7c-ae92-4fd9d6fd21e8,bf996092-8d66-408a-8d8e-5065ca3330c2,a53412bd-7461-4097-8404-e9dca9bf8ebe,Punch List,f,System,2025-06-10 11:53:30.834,System,2025-06-10 11:53:30.923,,
3a421d48-92c6-567d-9afb-7ab6d4a3613d,bf996092-8d66-408a-8d8e-5065ca3330c2,a53412bd-7461-4097-8404-e9dca9bf8ebe,Task,f,System,2025-06-10 11:53:30.736,System,2025-06-10 11:53:30.962,,
b9bb8d13-2b71-5435-a505-19ff81213607,bf996092-8d66-408a-8d8e-5065ca3330c2,a53412bd-7461-4097-8404-e9dca9bf8ebe,Coordination,t,System,2025-06-10 11:53:30.742,System,2025-06-10 11:53:30.986,,
6b8143e7-53ed-50dc-bd64-f1685ce68b7c,bf996092-8d66-408a-8d8e-5065ca3330c2,a53412bd-7461-4097-8404-e9dca9bf8ebe,CDE,t,System,2025-06-10 11:53:30.799,System,2025-06-10 11:53:31.016,,
8f6682b2-885f-5e36-9736-4464dd4a5d7c,bf996092-8d66-408a-8d8e-5065ca3330c2,a53412bd-7461-4097-8404-e9dca9bf8ebe,Safety,t,System,2025-06-10 11:53:30.793,System,2025-06-10 11:53:31.018,,
c2d74a30-8220-5a08-8ca6-f005cd2f7ecb,bf996092-8d66-408a-8d8e-5065ca3330c2,a53412bd-7461-4097-8404-e9dca9bf8ebe,Design Task,f,System,2025-06-10 11:53:30.803,System,2025-06-10 11:53:31.063,,
ab27c4f3-6679-5157-9605-6584807fcf37,bf996092-8d66-408a-8d8e-5065ca3330c2,a53412bd-7461-4097-8404-e9dca9bf8ebe,QS/Estimation,t,System,2025-06-10 11:53:31.001,System,2025-06-10 11:53:31.116,,
cd1fc0a1-921e-5f31-8d57-4272cfd29fb3,bf996092-8d66-408a-8d8e-5065ca3330c2,a53412bd-7461-4097-8404-e9dca9bf8ebe,Contracts & Procurement,t,System,2025-06-10 11:53:30.981,System,2025-06-10 11:53:31.121,,
ef129f55-e830-507f-add9-4d7fb7f1d838,bf996092-8d66-408a-8d8e-5065ca3330c2,a53412bd-7461-4097-8404-e9dca9bf8ebe,Old Issues,f,System,2025-06-10 11:53:31.035,System,2025-06-10 11:53:31.122,,
69f0c793-95c5-46c6-92ce-eb3e3f7816a5,bf996092-8d66-408a-8d8e-5065ca3330c2,1b9ab417-1b67-460b-a854-2e443d5b6f4f,Quality,t,System,2025-02-10 11:53:25.538,System,2025-02-10 11:53:25.538,,
1a5071f5-9d36-4089-9f9b-5f00aa0b8b67,bf996092-8d66-408a-8d8e-5065ca3330c2,1b9ab417-1b67-460b-a854-2e443d5b6f4f,General,t,System,2025-02-10 11:53:25.538,System,2025-02-10 11:53:25.538,,
9a895861-bc71-4245-b25e-9c94d09b74ba,bf996092-8d66-408a-8d8e-5065ca3330c2,1b9ab417-1b67-460b-a854-2e443d5b6f4f,Safety,t,System,2025-02-10 11:53:25.538,System,2025-02-10 11:53:25.538,,
3945c508-9831-4ba9-a51f-addb33ddb5b8,bf996092-8d66-408a-8d8e-5065ca3330c2,1b9ab417-1b67-460b-a854-2e443d5b6f4f,Punch List,t,System,2025-02-10 11:53:25.538,System,2025-02-10 11:53:25.538,,
97a184f1-1b75-4b79-9b9d-b39f43cc1a97,bf996092-8d66-408a-8d8e-5065ca3330c2,1b9ab417-1b67-460b-a854-2e443d5b6f4f,Commissioning,t,System,2025-02-10 11:53:25.538,System,2025-02-10 11:53:25.538,,
0873f169-ca4c-4269-aef5-cfdf43dc5896,bf996092-8d66-408a-8d8e-5065ca3330c2,1b9ab417-1b67-460b-a854-2e443d5b6f4f,Work List,f,System,2025-02-10 11:53:25.538,System,2025-02-10 11:53:25.538,,
4faa9164-65be-4d0f-9948-47503ded4294,bf996092-8d66-408a-8d8e-5065ca3330c2,1b9ab417-1b67-460b-a854-2e443d5b6f4f,Observation,t,System,2025-02-10 11:53:25.538,System,2025-02-10 11:53:25.538,,
6c058b25-e6b3-4a70-9cc9-127cc2a6f56a,bf996092-8d66-408a-8d8e-5065ca3330c2,1b9ab417-1b67-460b-a854-2e443d5b6f4f,Warranty,f,System,2025-02-10 11:53:25.538,System,2025-02-10 11:53:25.538,,
83b9ae50-21a2-4545-a8ec-1f73f3a81279,bf996092-8d66-408a-8d8e-5065ca3330c2,1b9ab417-1b67-460b-a854-2e443d5b6f4f,Coordination,t,System,2025-02-10 11:53:25.538,System,2025-02-10 11:53:25.538,,
5b190fdc-d1ae-4ab1-94fd-4cac72e20a87,bf996092-8d66-408a-8d8e-5065ca3330c2,1b9ab417-1b67-460b-a854-2e443d5b6f4f,Design,t,System,2025-02-10 11:53:25.538,System,2025-02-10 11:53:25.548,,
6ed33755-ed95-488d-a168-d0c97f5bac6c,bf996092-8d66-408a-8d8e-5065ca3330c2,85aceded-1588-4f99-bfba-6fe212b8cb9a,Design,t,System,2025-02-18 04:42:16.922,EHAJMY6KJEY6BP5Y,2025-03-05 10:38:06.9,,
b0590211-cb26-4c5e-acd9-537302751ec0,bf996092-8d66-408a-8d8e-5065ca3330c2,85aceded-1588-4f99-bfba-6fe212b8cb9a,General,t,System,2025-02-18 04:42:16.922,System,2025-02-18 04:42:16.922,,
eedb7f28-163e-4fa0-ba31-235d8c7ec492,bf996092-8d66-408a-8d8e-5065ca3330c2,85aceded-1588-4f99-bfba-6fe212b8cb9a,Punch List,t,System,2025-02-18 04:42:16.922,System,2025-02-18 04:42:16.922,,
56910985-fa99-4fcb-86fe-2aa8e2b37470,bf996092-8d66-408a-8d8e-5065ca3330c2,85aceded-1588-4f99-bfba-6fe212b8cb9a,Commissioning,t,System,2025-02-18 04:42:16.922,System,2025-02-18 04:42:16.922,,
b2515139-34c1-4a19-9b37-f27e317eb422,bf996092-8d66-408a-8d8e-5065ca3330c2,85aceded-1588-4f99-bfba-6fe212b8cb9a,Work List,f,System,2025-02-18 04:42:16.922,System,2025-02-18 04:42:16.922,,
058e1b9b-03f1-459f-a637-6b722505eecd,bf996092-8d66-408a-8d8e-5065ca3330c2,85aceded-1588-4f99-bfba-6fe212b8cb9a,Observation,t,System,2025-02-18 04:42:16.922,System,2025-02-18 04:42:16.922,,
673cf8e0-47e2-4e0e-b3de-b3a3039e3299,bf996092-8d66-408a-8d8e-5065ca3330c2,85aceded-1588-4f99-bfba-6fe212b8cb9a,Warranty,f,System,2025-02-18 04:42:16.922,System,2025-02-18 04:42:16.922,,
e42ab206-66e7-4ada-a868-a5534e263884,bf996092-8d66-408a-8d8e-5065ca3330c2,85aceded-1588-4f99-bfba-6fe212b8cb9a,Coordination,t,System,2025-02-18 04:42:16.922,EHAJMY6KJEY6BP5Y,2025-03-05 10:36:31.883,,
5eb0448c-e287-4503-a030-e068afa9eb83,bf996092-8d66-408a-8d8e-5065ca3330c2,85aceded-1588-4f99-bfba-6fe212b8cb9a,Safety,t,System,2025-02-18 04:42:16.922,EHAJMY6KJEY6BP5Y,2025-03-05 11:13:01.884,,
146aab44-7182-4dfa-baf6-8cee35f094a6,bf996092-8d66-408a-8d8e-5065ca3330c2,85aceded-1588-4f99-bfba-6fe212b8cb9a,Billing,t,EHAJMY6KJEY6BP5Y,2025-03-05 11:27:17.386,EHAJMY6KJEY6BP5Y,2025-03-05 11:30:17.446,,
53b5196c-112b-490b-82cf-0bda32f82b1b,bf996092-8d66-408a-8d8e-5065ca3330c2,85aceded-1588-4f99-bfba-6fe212b8cb9a,Contracts & Procurement,t,EHAJMY6KJEY6BP5Y,2025-03-05 11:30:57.525,EHAJMY6KJEY6BP5Y,2025-03-05 11:34:03.889,,
04e914ef-13df-46a9-b071-9a020e3da2b4,bf996092-8d66-408a-8d8e-5065ca3330c2,85aceded-1588-4f99-bfba-6fe212b8cb9a,Design Task,t,EHAJMY6KJEY6BP5Y,2025-03-05 11:34:28.336,EHAJMY6KJEY6BP5Y,2025-03-05 11:35:52.55,,
e15f8799-0555-4b05-8944-dc226af6f8b4,bf996092-8d66-408a-8d8e-5065ca3330c2,85aceded-1588-4f99-bfba-6fe212b8cb9a,QS/Estimation,t,EHAJMY6KJEY6BP5Y,2025-03-05 11:36:34.729,EHAJMY6KJEY6BP5Y,2025-03-05 11:43:45.866,,
fdf1b835-e3a9-4b9b-8f8a-903063669717,bf996092-8d66-408a-8d8e-5065ca3330c2,85aceded-1588-4f99-bfba-6fe212b8cb9a,Quality,t,System,2025-02-18 04:42:16.922,EHAJMY6KJEY6BP5Y,2025-03-05 11:48:12.961,,
667a57ce-9342-43d2-9c2a-b296397824f7,bf996092-8d66-408a-8d8e-5065ca3330c2,85aceded-1588-4f99-bfba-6fe212b8cb9a,Work Orders,t,EHAJMY6KJEY6BP5Y,2025-03-05 11:48:41.467,EHAJMY6KJEY6BP5Y,2025-03-05 11:49:40.683,,
67164a33-4df3-4268-b063-a88f2272032a,bf996092-8d66-408a-8d8e-5065ca3330c2,85aceded-1588-4f99-bfba-6fe212b8cb9a,Task,t,EHAJMY6KJEY6BP5Y,2025-03-05 11:50:05.112,EHAJMY6KJEY6BP5Y,2025-03-05 11:52:48.668,,
c349a4b2-34b3-4af8-8fdd-05d3db172bb6,bf996092-8d66-408a-8d8e-5065ca3330c2,85aceded-1588-4f99-bfba-6fe212b8cb9a,Old Issues,t,EHAJMY6KJEY6BP5Y,2025-03-05 11:53:31.546,System,2025-03-05 11:53:38.311,,
469e91ec-824a-411d-9608-239c8c31b37b,bf996092-8d66-408a-8d8e-5065ca3330c2,85aceded-1588-4f99-bfba-6fe212b8cb9a,Planning,t,EHAJMY6KJEY6BP5Y,2025-03-05 11:54:04.548,EHAJMY6KJEY6BP5Y,2025-03-05 11:54:30.264,,
33202c6a-7254-48ee-8e10-359dd1cdd5c9,bf996092-8d66-408a-8d8e-5065ca3330c2,85aceded-1588-4f99-bfba-6fe212b8cb9a,Snag,t,EHAJMY6KJEY6BP5Y,2025-03-05 11:54:54.064,System,2025-03-05 11:55:07.801,,
7b96ba72-122e-47cc-be4b-e53a9d7d2fdd,bf996092-8d66-408a-8d8e-5065ca3330c2,85aceded-1588-4f99-bfba-6fe212b8cb9a,CDE,t,EHAJMY6KJEY6BP5Y,2025-03-05 11:55:33.514,EHAJMY6KJEY6BP5Y,2025-03-05 11:56:45.568,,
8202d4f0-b92d-5403-9dfc-79fddb50ed80,bf996092-8d66-408a-8d8e-5065ca3330c2,23142979-9fb6-4fd3-bd82-62d7e0add75f,Planning,t,System,2025-03-07 10:08:41.156,CMJ2N3U8MSMRM8ZA,2025-03-21 06:28:39.063,,
55fd63c4-ffcd-50fc-bb8c-950a2f210ba3,bf996092-8d66-408a-8d8e-5065ca3330c2,23142979-9fb6-4fd3-bd82-62d7e0add75f,Design Task,t,System,2025-03-07 10:08:41.158,System,2025-03-07 10:08:41.273,,
ff97a711-2cb2-5b4f-ac82-554a0187bca4,bf996092-8d66-408a-8d8e-5065ca3330c2,23142979-9fb6-4fd3-bd82-62d7e0add75f,Old Issues,t,System,2025-03-07 10:08:41.17,System,2025-03-07 10:08:41.298,,
0306a7c2-6947-51a0-935d-64a0ade2cd16,bf996092-8d66-408a-8d8e-5065ca3330c2,23142979-9fb6-4fd3-bd82-62d7e0add75f,Coordination,t,System,2025-03-07 10:08:41.208,System,2025-03-07 10:08:41.365,,
70159175-3f22-521a-a820-9b2f6a62e079,bf996092-8d66-408a-8d8e-5065ca3330c2,23142979-9fb6-4fd3-bd82-62d7e0add75f,Design,t,System,2025-03-07 10:08:41.214,System,2025-03-07 10:08:41.382,,
a754787f-4d39-5322-a900-a4bca0947d1c,bf996092-8d66-408a-8d8e-5065ca3330c2,23142979-9fb6-4fd3-bd82-62d7e0add75f,Billing,t,System,2025-03-07 10:08:41.441,System,2025-03-07 10:08:41.761,,
8d727dfe-fa2e-5f8a-abfd-e4fe5375aa8f,bf996092-8d66-408a-8d8e-5065ca3330c2,23142979-9fb6-4fd3-bd82-62d7e0add75f,CDE,t,System,2025-03-07 10:08:41.706,System,2025-03-07 10:08:41.836,,
c7a701ea-bd21-5907-8246-03a042883984,bf996092-8d66-408a-8d8e-5065ca3330c2,23142979-9fb6-4fd3-bd82-62d7e0add75f,Work Orders,t,System,2025-03-07 10:08:41.615,System,2025-03-07 10:08:41.87,,
9a6d8218-290f-5080-a3de-bf0aae4528e7,bf996092-8d66-408a-8d8e-5065ca3330c2,23142979-9fb6-4fd3-bd82-62d7e0add75f,Snag,t,System,2025-03-07 10:08:41.788,System,2025-03-07 10:08:41.896,,
f9ce37ff-a8a9-5caf-a5e6-ce060991bd40,bf996092-8d66-408a-8d8e-5065ca3330c2,23142979-9fb6-4fd3-bd82-62d7e0add75f,Warranty,f,System,2025-03-07 10:08:41.815,System,2025-03-07 10:08:41.9,,
05b9b556-ae8d-5b05-8b4f-1bcc761a35b6,bf996092-8d66-408a-8d8e-5065ca3330c2,23142979-9fb6-4fd3-bd82-62d7e0add75f,Work List,t,System,2025-03-07 10:08:41.821,V9Q2X946QA52XTJG,2025-04-25 08:14:24.932,,
d05f19bf-5814-5f81-969b-0790285e4bab,bf996092-8d66-408a-8d8e-5065ca3330c2,23142979-9fb6-4fd3-bd82-62d7e0add75f,Quality,t,System,2025-03-07 10:08:41.819,System,2025-03-07 10:08:41.947,,
63c05227-678d-5524-8dda-cbbd210d7b48,bf996092-8d66-408a-8d8e-5065ca3330c2,23142979-9fb6-4fd3-bd82-62d7e0add75f,Safety,t,System,2025-03-07 10:08:41.792,System,2025-03-07 10:08:41.954,,
e68cd818-b794-50f0-96ea-fcfa48116d1a,bf996092-8d66-408a-8d8e-5065ca3330c2,23142979-9fb6-4fd3-bd82-62d7e0add75f,Commissioning,t,System,2025-03-07 10:08:41.816,System,2025-03-07 10:08:41.951,,
56b4a4de-60ff-5718-b3df-ff7dc7306528,bf996092-8d66-408a-8d8e-5065ca3330c2,23142979-9fb6-4fd3-bd82-62d7e0add75f,Punch List,t,System,2025-03-07 10:08:41.82,System,2025-03-07 10:08:41.966,,
ab0384a0-69ec-5fe6-8511-985e453e6417,bf996092-8d66-408a-8d8e-5065ca3330c2,23142979-9fb6-4fd3-bd82-62d7e0add75f,Procurement,t,System,2025-03-07 10:08:41.708,V9Q2X946QA52XTJG,2025-05-12 12:29:54.523,,
97869b38-7d35-5262-97f9-ed15e3a5a8eb,bf996092-8d66-408a-8d8e-5065ca3330c2,23142979-9fb6-4fd3-bd82-62d7e0add75f,General,t,System,2025-03-07 10:08:41.707,System,2025-03-07 10:08:41.91,,
29962c40-c65b-5de8-b754-4941daa71348,bf996092-8d66-408a-8d8e-5065ca3330c2,23142979-9fb6-4fd3-bd82-62d7e0add75f,QS/Estimation,t,System,2025-03-07 10:08:41.458,System,2025-03-07 10:08:41.855,,
1fa03a01-d0e5-54ef-8d7f-22f34685b0a0,bf996092-8d66-408a-8d8e-5065ca3330c2,23142979-9fb6-4fd3-bd82-62d7e0add75f,Observation,t,System,2025-03-07 10:08:41.671,System,2025-03-07 10:08:41.859,,
dc2b3175-16df-52b3-8eb8-8cac93a54e11,bf996092-8d66-408a-8d8e-5065ca3330c2,23142979-9fb6-4fd3-bd82-62d7e0add75f,Task,t,System,2025-03-07 10:08:41.455,System,2025-03-07 10:08:41.857,,
061b45c9-f719-42d8-961b-5b8f90682318,bf996092-8d66-408a-8d8e-5065ca3330c2,23142979-9fb6-4fd3-bd82-62d7e0add75f,Contracts,t,V9Q2X946QA52XTJG,2025-05-12 12:31:20.2,V9Q2X946QA52XTJG,2025-05-13 05:26:59.139,,
e30473d0-de1d-4ea3-b146-f7a4b089c2f7,bf996092-8d66-408a-8d8e-5065ca3330c2,23142979-9fb6-4fd3-bd82-62d7e0add75f,NC,t,V9Q2X946QA52XTJG,2025-05-13 05:30:01.656,V9Q2X946QA52XTJG,2025-05-13 05:30:03.033,,
cb95dae5-75d4-5b33-afea-80503feda56e,bf996092-8d66-408a-8d8e-5065ca3330c2,b8edcd70-28bb-4319-af76-e8f8c0a1cd67,Old Issues,f,System,2025-05-21 10:38:40.884,System,2025-05-21 10:38:40.956,,
c5c8725b-b9b7-594a-8149-a7f17e216359,bf996092-8d66-408a-8d8e-5065ca3330c2,b8edcd70-28bb-4319-af76-e8f8c0a1cd67,Snag,f,System,2025-05-21 10:38:40.909,System,2025-05-21 10:38:41.011,,
5aad20e6-3f5a-56d7-9dc7-15b51ede0bea,bf996092-8d66-408a-8d8e-5065ca3330c2,b8edcd70-28bb-4319-af76-e8f8c0a1cd67,Billing,t,System,2025-05-21 10:38:41.195,System,2025-05-21 10:38:41.29,,
4c8cf889-71e0-5141-9274-afcf12ec96b1,bf996092-8d66-408a-8d8e-5065ca3330c2,b8edcd70-28bb-4319-af76-e8f8c0a1cd67,Quality,t,System,2025-05-21 10:38:41.237,System,2025-05-21 10:38:41.316,,
2dcff299-3454-545f-819f-101010649442,bf996092-8d66-408a-8d8e-5065ca3330c2,b8edcd70-28bb-4319-af76-e8f8c0a1cd67,Design,t,System,2025-05-21 10:38:41.237,System,2025-05-21 10:38:41.319,,
9640a5fe-456d-5c4e-a9ab-6ce7eab0b68e,bf996092-8d66-408a-8d8e-5065ca3330c2,b8edcd70-28bb-4319-af76-e8f8c0a1cd67,Design Task,f,System,2025-05-21 10:38:41.229,System,2025-05-21 10:38:41.323,,
c60b1d6e-d488-5ac9-b198-fa2506be9db3,bf996092-8d66-408a-8d8e-5065ca3330c2,b8edcd70-28bb-4319-af76-e8f8c0a1cd67,QS/Estimation,t,System,2025-05-21 10:38:41.196,System,2025-05-21 10:38:41.349,,
5261250b-4a23-54c6-a16b-082bba664307,bf996092-8d66-408a-8d8e-5065ca3330c2,b8edcd70-28bb-4319-af76-e8f8c0a1cd67,General,f,System,2025-05-21 10:38:41.236,System,2025-05-21 10:38:41.374,,
572bb812-b96b-5aef-a050-5991176edbf2,bf996092-8d66-408a-8d8e-5065ca3330c2,b8edcd70-28bb-4319-af76-e8f8c0a1cd67,Warranty,f,System,2025-05-21 10:38:41.23,System,2025-05-21 10:38:41.397,,
08167908-9cee-56e0-8615-8294d535939e,bf996092-8d66-408a-8d8e-5065ca3330c2,b8edcd70-28bb-4319-af76-e8f8c0a1cd67,Work Orders,f,System,2025-05-21 10:38:41.539,System,2025-05-21 10:38:41.611,,
6d5788ad-f091-578c-bdd2-4c7eeb1b3bb7,bf996092-8d66-408a-8d8e-5065ca3330c2,b8edcd70-28bb-4319-af76-e8f8c0a1cd67,Safety,t,System,2025-05-21 10:38:40.967,System,2025-05-21 10:38:41.633,,
f4743b07-f9f0-57eb-982c-eb5a5afd317a,bf996092-8d66-408a-8d8e-5065ca3330c2,b8edcd70-28bb-4319-af76-e8f8c0a1cd67,Planning,f,System,2025-05-21 10:38:41.523,System,2025-05-21 10:38:41.629,,
5bc7a248-6876-5c6c-81d3-5cbf297156e6,bf996092-8d66-408a-8d8e-5065ca3330c2,b8edcd70-28bb-4319-af76-e8f8c0a1cd67,Task,f,System,2025-05-21 10:38:41.522,System,2025-05-21 10:38:41.666,,
9ae465ac-941f-5876-908c-c79d17c4c21d,bf996092-8d66-408a-8d8e-5065ca3330c2,b8edcd70-28bb-4319-af76-e8f8c0a1cd67,Observation,f,System,2025-05-21 10:38:40.92,System,2025-05-21 10:38:41.806,,
8687d696-7078-5941-9e16-8f49354c1562,bf996092-8d66-408a-8d8e-5065ca3330c2,b8edcd70-28bb-4319-af76-e8f8c0a1cd67,Contracts & Procurement,t,System,2025-05-21 10:38:41.555,System,2025-05-21 10:38:41.872,,
ed146fc3-249a-5627-a42c-d1d10769c2a3,bf996092-8d66-408a-8d8e-5065ca3330c2,b8edcd70-28bb-4319-af76-e8f8c0a1cd67,Punch List,f,System,2025-05-21 10:38:41.369,System,2025-05-21 10:38:41.874,,
e28b64ef-4425-5744-b261-6e1d477f89fb,bf996092-8d66-408a-8d8e-5065ca3330c2,b8edcd70-28bb-4319-af76-e8f8c0a1cd67,Commissioning,f,System,2025-05-21 10:38:41.677,System,2025-05-21 10:38:41.93,,
20add3fe-ccee-5820-96dd-2aad138a6b4b,bf996092-8d66-408a-8d8e-5065ca3330c2,b8edcd70-28bb-4319-af76-e8f8c0a1cd67,Coordination,t,System,2025-05-21 10:38:41.68,System,2025-05-21 10:38:41.94,,
a3327b3c-578c-5133-97f0-6f0a8d3c0ddc,bf996092-8d66-408a-8d8e-5065ca3330c2,b8edcd70-28bb-4319-af76-e8f8c0a1cd67,CDE,t,System,2025-05-21 10:38:41.613,System,2025-05-21 10:38:41.946,,
ccc03930-4aa4-5b71-8822-605c45a474f7,bf996092-8d66-408a-8d8e-5065ca3330c2,b8edcd70-28bb-4319-af76-e8f8c0a1cd67,Work List,f,System,2025-05-21 10:38:41.703,System,2025-05-21 10:38:41.943,,
8397962d-da0f-4c66-b94c-5a5469a99e5f,bf996092-8d66-408a-8d8e-5065ca3330c2,2407fb98-b0ae-4470-944d-73b14ccc6347,Design,t,System,2025-05-21 11:29:32,System,2025-05-21 11:29:32.014,,
8501614f-7eb1-4e43-9b86-13590f11dbae,bf996092-8d66-408a-8d8e-5065ca3330c2,2407fb98-b0ae-4470-944d-73b14ccc6347,Quality,t,System,2025-05-21 11:29:32,System,2025-05-21 11:29:32,,
5eeec256-16ad-4d7f-b615-2ff20b80445b,bf996092-8d66-408a-8d8e-5065ca3330c2,2407fb98-b0ae-4470-944d-73b14ccc6347,General,t,System,2025-05-21 11:29:32,System,2025-05-21 11:29:32,,
1219ca83-7b68-4b39-81dc-8b50b57cfd80,bf996092-8d66-408a-8d8e-5065ca3330c2,2407fb98-b0ae-4470-944d-73b14ccc6347,Safety,t,System,2025-05-21 11:29:32,System,2025-05-21 11:29:32,,
57ca7dab-c776-45d1-8ea0-cd95f6de9106,bf996092-8d66-408a-8d8e-5065ca3330c2,2407fb98-b0ae-4470-944d-73b14ccc6347,Punch List,t,System,2025-05-21 11:29:32,System,2025-05-21 11:29:32,,
25c7e0bd-8b26-45f5-b92a-85453fb91dda,bf996092-8d66-408a-8d8e-5065ca3330c2,2407fb98-b0ae-4470-944d-73b14ccc6347,Commissioning,t,System,2025-05-21 11:29:32,System,2025-05-21 11:29:32,,
b076eb61-74c4-4419-8f93-1d1b8b24bad0,bf996092-8d66-408a-8d8e-5065ca3330c2,2407fb98-b0ae-4470-944d-73b14ccc6347,Work List,f,System,2025-05-21 11:29:32,System,2025-05-21 11:29:32,,
4ec09295-35e6-4398-9965-3d1a2daf6cca,bf996092-8d66-408a-8d8e-5065ca3330c2,2407fb98-b0ae-4470-944d-73b14ccc6347,Observation,t,System,2025-05-21 11:29:32,System,2025-05-21 11:29:32,,
f980b634-bbc5-414c-b2d7-bbfd222d9207,bf996092-8d66-408a-8d8e-5065ca3330c2,2407fb98-b0ae-4470-944d-73b14ccc6347,Warranty,f,System,2025-05-21 11:29:32,System,2025-05-21 11:29:32,,
030ecb70-7ab8-40ff-bbe0-eb81462401ab,bf996092-8d66-408a-8d8e-5065ca3330c2,2407fb98-b0ae-4470-944d-73b14ccc6347,Coordination,t,System,2025-05-21 11:29:32,System,2025-05-21 11:29:32,,
6c834ee2-79af-5c8a-b7f4-2da5eda8b8e7,bf996092-8d66-408a-8d8e-5065ca3330c2,1087faa2-780e-45f2-a023-368facf7cc30,Snag,t,System,2025-03-21 06:33:13.819,System,2025-03-21 06:33:13.877,,
56308651-6727-5845-9f6a-c8428df9d0b5,bf996092-8d66-408a-8d8e-5065ca3330c2,1087faa2-780e-45f2-a023-368facf7cc30,General,t,System,2025-03-21 06:33:13.829,System,2025-03-21 06:33:13.901,,
ec8e900d-756a-5368-aa14-85a6f2ca81ef,bf996092-8d66-408a-8d8e-5065ca3330c2,1087faa2-780e-45f2-a023-368facf7cc30,Billing,t,System,2025-03-21 06:33:13.868,System,2025-03-21 06:33:14.133,,
19e1f44f-8ea9-5a66-b0ac-e7ff4ad78ce2,bf996092-8d66-408a-8d8e-5065ca3330c2,1087faa2-780e-45f2-a023-368facf7cc30,CDE,t,System,2025-03-21 06:33:13.878,System,2025-03-21 06:33:14.203,,
fc911924-7259-522a-bc15-56c0faefc559,bf996092-8d66-408a-8d8e-5065ca3330c2,1087faa2-780e-45f2-a023-368facf7cc30,Commissioning,t,System,2025-03-21 06:33:14.17,System,2025-03-21 06:33:14.31,,
5608e241-f25e-500e-b549-d26e67c80cec,bf996092-8d66-408a-8d8e-5065ca3330c2,1087faa2-780e-45f2-a023-368facf7cc30,Quality,t,System,2025-03-21 06:33:14.163,System,2025-03-21 09:17:59.859,,
61783bcb-0656-525e-98be-cc1ce8ff9aa8,bf996092-8d66-408a-8d8e-5065ca3330c2,1087faa2-780e-45f2-a023-368facf7cc30,Observation,t,System,2025-03-21 06:33:14.176,System,2025-03-21 06:33:14.338,,
a787781f-f69f-5eea-8066-8fa0b3d346f7,bf996092-8d66-408a-8d8e-5065ca3330c2,1087faa2-780e-45f2-a023-368facf7cc30,Design,t,System,2025-03-21 06:33:13.887,System,2025-03-21 06:33:14.582,,
d801fe6e-6a4d-50b8-8ef3-b942f55cbcd4,bf996092-8d66-408a-8d8e-5065ca3330c2,1087faa2-780e-45f2-a023-368facf7cc30,QS/Estimation,t,System,2025-03-21 06:33:14.29,System,2025-03-21 06:33:14.591,,
ee0b6e6c-b14d-55e6-b1b2-2ef04399e609,bf996092-8d66-408a-8d8e-5065ca3330c2,1087faa2-780e-45f2-a023-368facf7cc30,Planning,t,System,2025-03-21 06:33:14.361,System,2025-03-21 09:21:01.592,,
478de976-e157-5c7a-b736-0a2fed690761,bf996092-8d66-408a-8d8e-5065ca3330c2,1087faa2-780e-45f2-a023-368facf7cc30,Contracts & Procurement,t,System,2025-03-21 06:33:14.467,System,2025-03-21 06:33:14.613,,
1ff57d62-7190-5838-94ea-ffb1593a8a79,bf996092-8d66-408a-8d8e-5065ca3330c2,1087faa2-780e-45f2-a023-368facf7cc30,Work List,f,System,2025-03-21 06:33:14.534,System,2025-03-21 06:33:14.62,,
d6f2b892-2760-5938-8df2-973a9c5b61a2,bf996092-8d66-408a-8d8e-5065ca3330c2,1087faa2-780e-45f2-a023-368facf7cc30,Coordination,t,System,2025-03-21 06:33:13.922,System,2025-03-21 06:33:14.64,,
e30336cb-8653-5e1a-b079-a796c2351603,bf996092-8d66-408a-8d8e-5065ca3330c2,1087faa2-780e-45f2-a023-368facf7cc30,Task,t,System,2025-03-21 06:33:14.419,System,2025-03-21 06:33:14.657,,
23138a2e-80c2-5bb0-acfc-a162f7a0e6df,bf996092-8d66-408a-8d8e-5065ca3330c2,1087faa2-780e-45f2-a023-368facf7cc30,Work Orders,t,System,2025-03-21 06:33:13.91,System,2025-03-21 06:33:14.673,,
3ec6b292-c35f-5fab-bc35-10e32dadc75c,bf996092-8d66-408a-8d8e-5065ca3330c2,1087faa2-780e-45f2-a023-368facf7cc30,Design Task,t,System,2025-03-21 06:33:14.462,System,2025-03-21 06:33:14.696,,
c6234335-719b-55b9-bc2a-231d22438009,bf996092-8d66-408a-8d8e-5065ca3330c2,1087faa2-780e-45f2-a023-368facf7cc30,Warranty,f,System,2025-03-21 06:33:14.465,System,2025-03-21 06:33:14.706,,
82b836cc-4e79-5175-ab65-0bcbe1538eef,bf996092-8d66-408a-8d8e-5065ca3330c2,1087faa2-780e-45f2-a023-368facf7cc30,Punch List,t,System,2025-03-21 06:33:14.49,System,2025-03-21 06:33:14.708,,
09fa4722-258a-587c-8c3b-66c333f9fafe,bf996092-8d66-408a-8d8e-5065ca3330c2,1087faa2-780e-45f2-a023-368facf7cc30,Old Issues,t,System,2025-03-21 06:33:14.464,System,2025-03-21 06:33:14.716,,
36376a77-6ba2-5ce8-8369-a38cb640cc5a,bf996092-8d66-408a-8d8e-5065ca3330c2,1087faa2-780e-45f2-a023-368facf7cc30,Safety,t,System,2025-03-21 06:33:14.487,System,2025-03-21 06:33:14.866,,
211c8c51-648b-4944-ac6e-65abe3f146f0,bf996092-8d66-408a-8d8e-5065ca3330c2,94e46603-a987-42b3-b038-c708d5b5044f,Quality,t,System,2025-05-30 11:50:12.004,System,2025-05-30 11:50:12.004,,
80b2695d-8536-429c-a2c1-433c6a59aa7b,bf996092-8d66-408a-8d8e-5065ca3330c2,94e46603-a987-42b3-b038-c708d5b5044f,General,t,System,2025-05-30 11:50:12.004,System,2025-05-30 11:50:12.004,,
f36a581d-f538-4ad0-8228-cde5f115ac15,bf996092-8d66-408a-8d8e-5065ca3330c2,94e46603-a987-42b3-b038-c708d5b5044f,Safety,t,System,2025-05-30 11:50:12.004,System,2025-05-30 11:50:12.004,,
13a3ff81-27bc-4930-9718-905551834cd6,bf996092-8d66-408a-8d8e-5065ca3330c2,94e46603-a987-42b3-b038-c708d5b5044f,Punch List,t,System,2025-05-30 11:50:12.004,System,2025-05-30 11:50:12.004,,
ad9d1aa3-f561-4423-b2e6-217bf2a8a1cf,bf996092-8d66-408a-8d8e-5065ca3330c2,94e46603-a987-42b3-b038-c708d5b5044f,Commissioning,t,System,2025-05-30 11:50:12.004,System,2025-05-30 11:50:12.004,,
1c64daf8-ea30-4ddd-911d-bb6a4acd712e,bf996092-8d66-408a-8d8e-5065ca3330c2,94e46603-a987-42b3-b038-c708d5b5044f,Work List,f,System,2025-05-30 11:50:12.004,System,2025-05-30 11:50:12.004,,
846e37ac-094a-468a-aa79-392de7d2443a,bf996092-8d66-408a-8d8e-5065ca3330c2,94e46603-a987-42b3-b038-c708d5b5044f,Observation,t,System,2025-05-30 11:50:12.004,System,2025-05-30 11:50:12.004,,
a42b7df2-0d49-4583-9aa1-48e11d2fb661,bf996092-8d66-408a-8d8e-5065ca3330c2,94e46603-a987-42b3-b038-c708d5b5044f,Warranty,f,System,2025-05-30 11:50:12.004,System,2025-05-30 11:50:12.004,,
c0638f47-6a7a-47a1-bf1a-5940d0b51ad2,bf996092-8d66-408a-8d8e-5065ca3330c2,94e46603-a987-42b3-b038-c708d5b5044f,Coordination,t,System,2025-05-30 11:50:12.004,System,2025-05-30 11:50:12.004,,
23520aaa-f220-48db-919b-fc0dafaa2730,bf996092-8d66-408a-8d8e-5065ca3330c2,94e46603-a987-42b3-b038-c708d5b5044f,Design,t,System,2025-05-30 11:50:12.004,System,2025-05-30 11:50:12.014,,
7d4071c6-0ad8-5fb8-b2d8-c991b9234244,bf996092-8d66-408a-8d8e-5065ca3330c2,e9b596f2-48ee-419b-a199-da304b38c398,Snag,f,System,2025-05-31 06:54:57.292,System,2025-05-31 06:54:57.331,,
f9149909-1780-561e-9c07-c8d64738f351,bf996092-8d66-408a-8d8e-5065ca3330c2,e9b596f2-48ee-419b-a199-da304b38c398,Work List,f,System,2025-05-31 06:54:57.318,System,2025-05-31 06:54:57.369,,
2048e377-5e30-59da-874a-0ca64f522d13,bf996092-8d66-408a-8d8e-5065ca3330c2,e9b596f2-48ee-419b-a199-da304b38c398,Old Issues,f,System,2025-05-31 06:54:57.335,System,2025-05-31 06:54:57.401,,
6a3a0482-17bb-5182-855f-5aebea5600c4,bf996092-8d66-408a-8d8e-5065ca3330c2,e9b596f2-48ee-419b-a199-da304b38c398,Safety,t,System,2025-05-31 06:54:57.3,System,2025-05-31 06:54:57.396,,
45e87f94-1ed5-5637-843c-fa7dd8941a9a,bf996092-8d66-408a-8d8e-5065ca3330c2,e9b596f2-48ee-419b-a199-da304b38c398,Design,t,System,2025-05-31 06:54:57.32,System,2025-05-31 06:54:57.408,,
fc837c97-7a9d-5188-aa5a-80135c606000,bf996092-8d66-408a-8d8e-5065ca3330c2,e9b596f2-48ee-419b-a199-da304b38c398,Billing,t,System,2025-05-31 06:54:57.37,System,2025-05-31 06:54:57.427,,
e4651349-4bd8-52c7-8b48-5c2f3ab0174d,bf996092-8d66-408a-8d8e-5065ca3330c2,e9b596f2-48ee-419b-a199-da304b38c398,QS/Estimation,t,System,2025-05-31 06:54:57.349,System,2025-05-31 06:54:57.435,,
19b2b393-a2b4-59a8-b377-2f369836d606,bf996092-8d66-408a-8d8e-5065ca3330c2,e9b596f2-48ee-419b-a199-da304b38c398,Design Task,f,System,2025-05-31 06:54:57.336,System,2025-05-31 06:54:57.439,,
4757a8ee-2591-5047-ac39-b839ab7de881,bf996092-8d66-408a-8d8e-5065ca3330c2,e9b596f2-48ee-419b-a199-da304b38c398,Planning,f,System,2025-05-31 06:54:57.356,System,2025-05-31 06:54:57.441,,
b83eb9de-b3f4-53f4-a971-e8742b11ef2d,bf996092-8d66-408a-8d8e-5065ca3330c2,e9b596f2-48ee-419b-a199-da304b38c398,Observation,f,System,2025-05-31 06:54:57.405,System,2025-05-31 06:54:57.456,,
68d88696-0bfe-53fc-9468-fc4989ea6711,bf996092-8d66-408a-8d8e-5065ca3330c2,e9b596f2-48ee-419b-a199-da304b38c398,Warranty,f,System,2025-05-31 06:54:57.394,System,2025-05-31 06:54:57.457,,
8eed8d87-34a4-5476-bde8-2966c72e090a,bf996092-8d66-408a-8d8e-5065ca3330c2,e9b596f2-48ee-419b-a199-da304b38c398,Punch List,f,System,2025-05-31 06:54:57.398,System,2025-05-31 06:54:57.458,,
50a1fe5d-827c-5bfc-98af-a7a47b56cee9,bf996092-8d66-408a-8d8e-5065ca3330c2,e9b596f2-48ee-419b-a199-da304b38c398,Contracts & Procurement,t,System,2025-05-31 06:54:57.335,System,2025-05-31 06:54:57.474,,
aaf5a1e8-138d-587c-b711-8866e47183ee,bf996092-8d66-408a-8d8e-5065ca3330c2,e9b596f2-48ee-419b-a199-da304b38c398,Commissioning,f,System,2025-05-31 06:54:57.378,System,2025-05-31 06:54:57.584,,
836c7324-91e6-5cf0-9059-cd5d63d78e34,bf996092-8d66-408a-8d8e-5065ca3330c2,e9b596f2-48ee-419b-a199-da304b38c398,Quality,t,System,2025-05-31 06:54:57.491,System,2025-05-31 06:54:57.675,,
8c005a58-1e0e-5926-9d5e-630b1e5d9aa0,bf996092-8d66-408a-8d8e-5065ca3330c2,e9b596f2-48ee-419b-a199-da304b38c398,Task,f,System,2025-05-31 06:54:57.424,System,2025-05-31 06:54:57.765,,
4fdf4af2-ea1c-5577-8ebf-16d1cdad8753,bf996092-8d66-408a-8d8e-5065ca3330c2,e9b596f2-48ee-419b-a199-da304b38c398,General,f,System,2025-05-31 06:54:57.464,System,2025-05-31 06:54:57.766,,
162e4108-6212-5a25-8303-e37d225dcd1a,bf996092-8d66-408a-8d8e-5065ca3330c2,e9b596f2-48ee-419b-a199-da304b38c398,CDE,t,System,2025-05-31 06:54:57.582,System,2025-05-31 06:54:57.772,,
c920c7d9-ba7c-524b-adde-a50202b5015c,bf996092-8d66-408a-8d8e-5065ca3330c2,e9b596f2-48ee-419b-a199-da304b38c398,Coordination,t,System,2025-05-31 06:54:57.703,System,2025-05-31 06:54:57.777,,
cb598c05-38b2-5a92-bb60-456c688a890b,bf996092-8d66-408a-8d8e-5065ca3330c2,e9b596f2-48ee-419b-a199-da304b38c398,Work Orders,f,System,2025-05-31 06:54:57.465,System,2025-05-31 06:54:57.794,,
c7442c0c-466a-5357-9c06-246fa327a447,bf996092-8d66-408a-8d8e-5065ca3330c2,cbee6c17-cdf8-4f2c-89c3-d6d9d738603e,Design Task,f,System,2025-05-31 06:56:42.505,System,2025-05-31 06:56:42.545,,
f75e1a03-6541-50d8-bef4-7d56519f50c9,bf996092-8d66-408a-8d8e-5065ca3330c2,cbee6c17-cdf8-4f2c-89c3-d6d9d738603e,Work Orders,f,System,2025-05-31 06:56:42.565,System,2025-05-31 06:56:42.603,,
c8bfb2a5-c868-53bc-be70-37320a560e0c,bf996092-8d66-408a-8d8e-5065ca3330c2,cbee6c17-cdf8-4f2c-89c3-d6d9d738603e,Old Issues,f,System,2025-05-31 06:56:42.549,System,2025-05-31 06:56:42.619,,
9b98832e-451b-5009-a6de-9fdcf7b53b5b,bf996092-8d66-408a-8d8e-5065ca3330c2,cbee6c17-cdf8-4f2c-89c3-d6d9d738603e,Coordination,t,System,2025-05-31 06:56:42.631,System,2025-05-31 06:56:42.68,,
4ba3ad57-4b0e-5f29-bb18-f7b63737359f,bf996092-8d66-408a-8d8e-5065ca3330c2,cbee6c17-cdf8-4f2c-89c3-d6d9d738603e,General,f,System,2025-05-31 06:56:42.608,System,2025-05-31 06:56:42.681,,
24372fa0-b730-5982-b1a4-01c42b9486c7,bf996092-8d66-408a-8d8e-5065ca3330c2,cbee6c17-cdf8-4f2c-89c3-d6d9d738603e,Warranty,f,System,2025-05-31 06:56:42.637,System,2025-05-31 06:56:42.703,,
144383f0-50ff-5551-a631-f19f7feb4cd8,bf996092-8d66-408a-8d8e-5065ca3330c2,cbee6c17-cdf8-4f2c-89c3-d6d9d738603e,Commissioning,f,System,2025-05-31 06:56:42.572,System,2025-05-31 06:56:42.751,,
587a0d5a-880b-504f-9df2-a255f24b0d7c,bf996092-8d66-408a-8d8e-5065ca3330c2,cbee6c17-cdf8-4f2c-89c3-d6d9d738603e,Billing,t,System,2025-05-31 06:56:42.568,System,2025-05-31 06:56:42.855,,
ba364c42-65fd-5944-b3a9-4d940365320c,bf996092-8d66-408a-8d8e-5065ca3330c2,cbee6c17-cdf8-4f2c-89c3-d6d9d738603e,Quality,t,System,2025-05-31 06:56:42.649,System,2025-05-31 06:56:42.969,,
51ae9931-5072-592d-8da1-e840db6494d5,bf996092-8d66-408a-8d8e-5065ca3330c2,cbee6c17-cdf8-4f2c-89c3-d6d9d738603e,Task,f,System,2025-05-31 06:56:42.865,System,2025-05-31 06:56:42.982,,
1c146251-4d85-5c73-bdd6-d1e86c3bce00,bf996092-8d66-408a-8d8e-5065ca3330c2,cbee6c17-cdf8-4f2c-89c3-d6d9d738603e,Snag,f,System,2025-05-31 06:56:42.912,System,2025-05-31 06:56:43.011,,
6aa31b81-b25a-5dca-a209-0bad9190de71,bf996092-8d66-408a-8d8e-5065ca3330c2,cbee6c17-cdf8-4f2c-89c3-d6d9d738603e,CDE,t,System,2025-05-31 06:56:42.87,System,2025-05-31 06:56:43.012,,
7590b4c1-3f62-5ae2-9940-7db7dd6e03f2,bf996092-8d66-408a-8d8e-5065ca3330c2,cbee6c17-cdf8-4f2c-89c3-d6d9d738603e,Observation,f,System,2025-05-31 06:56:42.914,System,2025-05-31 06:56:43.013,,
7823ec99-c62a-5e2f-ad16-72e8ee97e0b2,bf996092-8d66-408a-8d8e-5065ca3330c2,cbee6c17-cdf8-4f2c-89c3-d6d9d738603e,Punch List,f,System,2025-05-31 06:56:42.913,System,2025-05-31 06:56:43.015,,
ed48a34c-bc3f-58dd-b50d-0b283d2e0404,bf996092-8d66-408a-8d8e-5065ca3330c2,cbee6c17-cdf8-4f2c-89c3-d6d9d738603e,Contracts & Procurement,t,System,2025-05-31 06:56:42.583,System,2025-05-31 06:56:43.019,,
b0e73556-7f41-5dd8-ba35-6673bcc86679,bf996092-8d66-408a-8d8e-5065ca3330c2,cbee6c17-cdf8-4f2c-89c3-d6d9d738603e,Work List,f,System,2025-05-31 06:56:42.756,System,2025-05-31 06:56:43.071,,
afba77c0-7099-56e0-9c8f-ac8a3768f250,bf996092-8d66-408a-8d8e-5065ca3330c2,cbee6c17-cdf8-4f2c-89c3-d6d9d738603e,QS/Estimation,t,System,2025-05-31 06:56:42.991,System,2025-05-31 06:56:43.104,,
aa514b74-b6e8-590a-aa48-bef408267f85,bf996092-8d66-408a-8d8e-5065ca3330c2,cbee6c17-cdf8-4f2c-89c3-d6d9d738603e,Planning,f,System,2025-05-31 06:56:43.026,System,2025-05-31 06:56:43.159,,
64ac3ff5-eacb-5155-a595-ec39501ba69a,bf996092-8d66-408a-8d8e-5065ca3330c2,cbee6c17-cdf8-4f2c-89c3-d6d9d738603e,Design,t,System,2025-05-31 06:56:43.036,System,2025-05-31 06:56:43.191,,
1d347752-12e9-5533-87ee-cf97f8f5e12e,bf996092-8d66-408a-8d8e-5065ca3330c2,cbee6c17-cdf8-4f2c-89c3-d6d9d738603e,Safety,t,System,2025-05-31 06:56:43.037,System,2025-05-31 06:56:43.197,,
eff78b04-46b2-5901-981c-f3de92eab362,bf996092-8d66-408a-8d8e-5065ca3330c2,77d5fb8c-5d83-4fa8-8c81-169306f7a8f7,QS/Estimation,t,System,2025-03-10 07:10:40.944,System,2025-03-10 07:10:40.984,,
84992e86-8189-57f6-a6a8-75406377f59b,bf996092-8d66-408a-8d8e-5065ca3330c2,77d5fb8c-5d83-4fa8-8c81-169306f7a8f7,Work Orders,t,System,2025-03-10 07:10:40.97,System,2025-03-10 07:10:41.029,,
40123154-82c1-5afd-a483-8c248f023575,bf996092-8d66-408a-8d8e-5065ca3330c2,77d5fb8c-5d83-4fa8-8c81-169306f7a8f7,Commissioning,t,System,2025-03-10 07:10:40.949,System,2025-03-10 07:10:41.081,,
707db591-8670-54ec-a6fb-8bed03718b96,bf996092-8d66-408a-8d8e-5065ca3330c2,77d5fb8c-5d83-4fa8-8c81-169306f7a8f7,Punch List,t,System,2025-03-10 07:10:40.955,System,2025-03-10 07:10:41.089,,
afac891e-a352-5b1b-968c-1d818936d5f9,bf996092-8d66-408a-8d8e-5065ca3330c2,77d5fb8c-5d83-4fa8-8c81-169306f7a8f7,CDE,t,System,2025-03-10 07:10:41.007,System,2025-03-10 07:10:41.257,,
3f9e1595-afb6-5391-812f-8add474792e6,bf996092-8d66-408a-8d8e-5065ca3330c2,77d5fb8c-5d83-4fa8-8c81-169306f7a8f7,Safety,t,System,2025-03-10 07:10:41.401,System,2025-03-10 07:10:41.627,,
15c98f7c-87f6-5dd0-b8f2-619363ce45b3,bf996092-8d66-408a-8d8e-5065ca3330c2,77d5fb8c-5d83-4fa8-8c81-169306f7a8f7,Work List,f,System,2025-03-10 07:10:41.402,System,2025-03-10 07:10:41.628,,
919a8acb-9e56-587d-82b4-7d06d08677af,bf996092-8d66-408a-8d8e-5065ca3330c2,77d5fb8c-5d83-4fa8-8c81-169306f7a8f7,Quality,t,System,2025-03-10 07:10:41.101,System,2025-03-10 07:10:41.582,,
f99ca53b-8be9-5c83-95bc-c81c41d4bfac,bf996092-8d66-408a-8d8e-5065ca3330c2,77d5fb8c-5d83-4fa8-8c81-169306f7a8f7,Coordination,t,System,2025-03-10 07:10:41.028,System,2025-03-10 07:10:41.645,,
5b4b35b0-298f-5a81-870c-cb7bcc86d581,bf996092-8d66-408a-8d8e-5065ca3330c2,77d5fb8c-5d83-4fa8-8c81-169306f7a8f7,Snag,t,System,2025-03-10 07:10:41.015,System,2025-03-10 07:10:41.648,,
553e0e9b-76ec-5bbc-8d7b-2bea886c2023,bf996092-8d66-408a-8d8e-5065ca3330c2,77d5fb8c-5d83-4fa8-8c81-169306f7a8f7,Old Issues,t,System,2025-03-10 07:10:41.54,System,2025-03-10 07:10:41.664,,
aaf36e76-9011-517f-aa47-dd4faf059ecc,bf996092-8d66-408a-8d8e-5065ca3330c2,77d5fb8c-5d83-4fa8-8c81-169306f7a8f7,Design Task,t,System,2025-03-10 07:10:41.256,System,2025-03-10 07:10:41.675,,
05ab8cd9-d4cf-52d0-b20a-355ad942051d,bf996092-8d66-408a-8d8e-5065ca3330c2,77d5fb8c-5d83-4fa8-8c81-169306f7a8f7,General,t,System,2025-03-10 07:10:41.464,System,2025-03-10 07:10:41.676,,
3b9c0687-2028-5754-88e4-80cb656484a1,bf996092-8d66-408a-8d8e-5065ca3330c2,77d5fb8c-5d83-4fa8-8c81-169306f7a8f7,Billing,t,System,2025-03-10 07:10:41.258,System,2025-03-10 07:10:41.685,,
a9f3d774-463b-5604-bfcf-24ce323839b7,bf996092-8d66-408a-8d8e-5065ca3330c2,77d5fb8c-5d83-4fa8-8c81-169306f7a8f7,Warranty,f,System,2025-03-10 07:10:41.601,System,2025-03-10 07:10:41.692,,
fb6601b2-e5a4-5d2e-804d-f01e41ce056e,bf996092-8d66-408a-8d8e-5065ca3330c2,77d5fb8c-5d83-4fa8-8c81-169306f7a8f7,Task,t,System,2025-03-10 07:10:41.32,System,2025-03-10 07:10:41.695,,
5bee35d5-3ad4-5d18-a21b-a6d398189347,bf996092-8d66-408a-8d8e-5065ca3330c2,77d5fb8c-5d83-4fa8-8c81-169306f7a8f7,Procurement,t,System,2025-03-10 07:10:41.642,V9Q2X946QA52XTJG,2025-05-12 12:26:13.605,,
3b7426ac-88f4-5af1-ab9d-2044ad228f4f,bf996092-8d66-408a-8d8e-5065ca3330c2,77d5fb8c-5d83-4fa8-8c81-169306f7a8f7,Design,t,System,2025-03-10 07:10:41.263,System,2025-03-10 07:10:41.671,,
519056d1-e1d9-592c-ab72-5f61d1a05ef9,bf996092-8d66-408a-8d8e-5065ca3330c2,77d5fb8c-5d83-4fa8-8c81-169306f7a8f7,Observation,t,System,2025-03-10 07:10:41.66,System,2025-03-10 07:10:41.712,,
fa3f53c3-e7e2-5256-a724-7487873b6927,bf996092-8d66-408a-8d8e-5065ca3330c2,77d5fb8c-5d83-4fa8-8c81-169306f7a8f7,Planning,t,System,2025-03-10 07:10:41.404,CMJ2N3U8MSMRM8ZA,2025-03-21 06:30:19.889,,
cc1d79c8-495d-4a93-af9a-f502d2bee666,bf996092-8d66-408a-8d8e-5065ca3330c2,77d5fb8c-5d83-4fa8-8c81-169306f7a8f7,Contracts,t,V9Q2X946QA52XTJG,2025-05-12 12:27:33.854,V9Q2X946QA52XTJG,2025-05-13 06:07:39.444,,
e920f0b2-f42e-4882-935b-77a16e9dacd3,bf996092-8d66-408a-8d8e-5065ca3330c2,77d5fb8c-5d83-4fa8-8c81-169306f7a8f7,NC,t,V9Q2X946QA52XTJG,2025-05-13 06:05:09.629,V9Q2X946QA52XTJG,2025-05-13 06:05:10.395,,
a10afc8e-0737-5cb1-a836-7162821b3ead,bf996092-8d66-408a-8d8e-5065ca3330c2,2f551e7d-05e6-4bfc-8ee1-0ef3a8487c11,General,t,System,2025-03-10 07:06:21.13,System,2025-03-10 07:06:21.176,,
8b5a5bbf-c270-5527-a39c-8ea25817c3a0,bf996092-8d66-408a-8d8e-5065ca3330c2,2f551e7d-05e6-4bfc-8ee1-0ef3a8487c11,Safety,t,System,2025-03-10 07:06:21.122,System,2025-03-10 07:06:21.178,,
6e7d5ed1-71b7-5b9f-a0b8-03223a7335f1,bf996092-8d66-408a-8d8e-5065ca3330c2,2f551e7d-05e6-4bfc-8ee1-0ef3a8487c11,Work List,f,System,2025-03-10 07:06:21.138,System,2025-03-10 07:06:21.178,,
b25ca277-6e45-5d6c-8486-3605a91062dc,bf996092-8d66-408a-8d8e-5065ca3330c2,2f551e7d-05e6-4bfc-8ee1-0ef3a8487c11,Task,t,System,2025-03-10 07:06:21.271,System,2025-03-10 07:06:21.627,,
b81c084c-0b8f-5725-b73e-9b03ca06ed2b,bf996092-8d66-408a-8d8e-5065ca3330c2,2f551e7d-05e6-4bfc-8ee1-0ef3a8487c11,Work Orders,t,System,2025-03-10 07:06:21.365,System,2025-03-10 07:06:21.776,,
8650e5b1-ca6d-5eac-968d-f7b2e6914132,bf996092-8d66-408a-8d8e-5065ca3330c2,2f551e7d-05e6-4bfc-8ee1-0ef3a8487c11,Billing,t,System,2025-03-10 07:06:21.449,System,2025-03-10 07:06:21.95,,
f8907758-779b-5cc5-a091-e42f5d1f8f56,bf996092-8d66-408a-8d8e-5065ca3330c2,2f551e7d-05e6-4bfc-8ee1-0ef3a8487c11,Coordination,t,System,2025-03-10 07:06:21.305,System,2025-03-10 07:06:21.919,,
e678a445-5718-5a52-b15d-fb25140a4fe6,bf996092-8d66-408a-8d8e-5065ca3330c2,2f551e7d-05e6-4bfc-8ee1-0ef3a8487c11,Warranty,f,System,2025-03-10 07:06:21.862,System,2025-03-10 07:06:22.029,,
0b1603a1-af2a-54ed-8a1d-9b28446aa1d1,bf996092-8d66-408a-8d8e-5065ca3330c2,2f551e7d-05e6-4bfc-8ee1-0ef3a8487c11,Design Task,t,System,2025-03-10 07:06:21.614,System,2025-03-10 07:06:21.991,,
1293d350-12e0-5be5-95c2-fdce4ab576df,bf996092-8d66-408a-8d8e-5065ca3330c2,2f551e7d-05e6-4bfc-8ee1-0ef3a8487c11,CDE,t,System,2025-03-10 07:06:21.82,System,2025-03-10 07:06:22.042,,
9edf3db7-d21c-56fc-889a-23c683ac7403,bf996092-8d66-408a-8d8e-5065ca3330c2,2f551e7d-05e6-4bfc-8ee1-0ef3a8487c11,Planning,t,System,2025-03-10 07:06:21.822,CMJ2N3U8MSMRM8ZA,2025-03-21 06:24:55.985,,
08b01e24-3772-5875-ac94-e13792fbeb16,bf996092-8d66-408a-8d8e-5065ca3330c2,2f551e7d-05e6-4bfc-8ee1-0ef3a8487c11,Procurement,t,System,2025-03-10 07:06:21.817,V9Q2X946QA52XTJG,2025-05-12 12:23:14.637,,
1def642b-6532-5ba5-b716-900adabbbac0,bf996092-8d66-408a-8d8e-5065ca3330c2,2f551e7d-05e6-4bfc-8ee1-0ef3a8487c11,Snag,t,System,2025-03-10 07:06:21.861,System,2025-03-10 07:06:22.073,,
2a287337-9e87-5809-aa43-c3fc5101491c,bf996092-8d66-408a-8d8e-5065ca3330c2,2f551e7d-05e6-4bfc-8ee1-0ef3a8487c11,Commissioning,t,System,2025-03-10 07:06:21.864,System,2025-03-10 07:06:22.08,,
0335673e-ad37-5fb2-9460-bf08d55961f3,bf996092-8d66-408a-8d8e-5065ca3330c2,2f551e7d-05e6-4bfc-8ee1-0ef3a8487c11,Old Issues,t,System,2025-03-10 07:06:22.058,System,2025-03-10 07:06:22.176,,
92c460de-c095-55d5-b584-ed8e66d56f8a,bf996092-8d66-408a-8d8e-5065ca3330c2,2f551e7d-05e6-4bfc-8ee1-0ef3a8487c11,Quality,t,System,2025-03-10 07:06:22.057,System,2025-03-10 07:06:22.186,,
0ccd71bf-46bb-57c5-824a-d50d4938f2e3,bf996092-8d66-408a-8d8e-5065ca3330c2,2f551e7d-05e6-4bfc-8ee1-0ef3a8487c11,Observation,t,System,2025-03-10 07:06:21.987,System,2025-03-10 07:06:22.2,,
8481373a-83e4-5f53-9bf6-5428833c20dd,bf996092-8d66-408a-8d8e-5065ca3330c2,2f551e7d-05e6-4bfc-8ee1-0ef3a8487c11,Punch List,t,System,2025-03-10 07:06:22.075,System,2025-03-10 07:06:22.191,,
8dd93183-6de5-56ea-b89f-c1e40d8982cb,bf996092-8d66-408a-8d8e-5065ca3330c2,2f551e7d-05e6-4bfc-8ee1-0ef3a8487c11,Design,t,System,2025-03-10 07:06:22.061,System,2025-03-10 07:06:22.192,,
7cbe7cb8-23a8-54f6-9519-a94914e43fdd,bf996092-8d66-408a-8d8e-5065ca3330c2,2f551e7d-05e6-4bfc-8ee1-0ef3a8487c11,QS/Estimation,t,System,2025-03-10 07:06:21.986,System,2025-03-10 07:06:22.225,,
8b1a5d4c-bee1-420a-80fe-1cb8d7b862cb,bf996092-8d66-408a-8d8e-5065ca3330c2,2f551e7d-05e6-4bfc-8ee1-0ef3a8487c11,Contracts,t,V9Q2X946QA52XTJG,2025-05-12 12:23:44.252,V9Q2X946QA52XTJG,2025-05-13 06:04:32.665,,
8af06a59-252f-40d7-8d69-5df9105b912a,bf996092-8d66-408a-8d8e-5065ca3330c2,2f551e7d-05e6-4bfc-8ee1-0ef3a8487c11,NC,t,V9Q2X946QA52XTJG,2025-05-13 06:01:39.145,V9Q2X946QA52XTJG,2025-05-13 06:01:39.816,,
