tree_id,bim360_account_id,bim360_project_id,parent_id,id,name,order,created_at,updated_at
babc9d55-6079-422a-873e-7e0b9df11e8b,bf996092-8d66-408a-8d8e-5065ca3330c2,1b9ab417-1b67-460b-a854-2e443d5b6f4f,,b0d7bb9e-c7c9-46e1-9381-facce49b5ac0,Project,0,2025-02-10 11:53:25.658,2025-02-10 11:53:25.658
40d2f07f-e70f-408b-bf4f-9fa88cfdc789,bf996092-8d66-408a-8d8e-5065ca3330c2,d3e63b56-0fd8-48c4-a595-b59dec992cd7,,10797b7e-e5bb-40cc-9d86-8c8ee977d4d7,Project,0,2025-02-21 13:16:52.636,2025-02-21 13:16:52.636
336262ec-c102-45b0-8b96-536419b6d0ab,bf996092-8d66-408a-8d8e-5065ca3330c2,1087faa2-780e-45f2-a023-368facf7cc30,,8c65d0bb-7b45-4c54-883a-3c781b03c6a7,Project,0,2025-03-21 06:33:05.251,2025-03-21 06:33:05.251
c3ada1b6-97ba-416b-82e8-22598e5f57df,bf996092-8d66-408a-8d8e-5065ca3330c2,967e785d-d83c-490b-8d6a-2ed926c956ac,,9bbe04db-b78e-4053-8e63-1b263b04e792,Project,0,2025-06-16 07:17:16.414,2025-06-16 07:17:16.414
9b1f144b-5813-4b5c-9c35-34ef60bb0898,bf996092-8d66-408a-8d8e-5065ca3330c2,3473261e-0400-4f3f-881d-b12012018bee,,ef78dae4-7eaa-4c15-ac53-58557fbaaf09,Project,0,2025-02-01 04:02:07.915,2025-02-01 04:02:07.915
24e05fbb-8e0b-4793-9e94-9ccd46879b11,bf996092-8d66-408a-8d8e-5065ca3330c2,23142979-9fb6-4fd3-bd82-62d7e0add75f,,be71510e-f8b1-4ef1-a366-65f6666b9600,Project,0,2025-03-20 05:20:08.209,2025-03-20 05:20:08.209
24e05fbb-8e0b-4793-9e94-9ccd46879b11,bf996092-8d66-408a-8d8e-5065ca3330c2,23142979-9fb6-4fd3-bd82-62d7e0add75f,be71510e-f8b1-4ef1-a366-65f6666b9600,1b6e0f56-2d73-4ead-92ce-ade08db2d750,Integrated Sports Arena,0,2025-03-20 05:20:08.209,2025-03-20 05:20:08.209
24e05fbb-8e0b-4793-9e94-9ccd46879b11,bf996092-8d66-408a-8d8e-5065ca3330c2,23142979-9fb6-4fd3-bd82-62d7e0add75f,1b6e0f56-2d73-4ead-92ce-ade08db2d750,39acda6f-52f5-4a9a-97b1-d06e71e94488,Outdoor Statidum,0,2025-03-20 05:20:08.209,2025-03-20 05:20:08.209
24e05fbb-8e0b-4793-9e94-9ccd46879b11,bf996092-8d66-408a-8d8e-5065ca3330c2,23142979-9fb6-4fd3-bd82-62d7e0add75f,39acda6f-52f5-4a9a-97b1-d06e71e94488,29806e1c-4cb2-4546-8ef8-a6581eaffaf6,East Stand,0,2025-03-20 05:20:08.209,2025-03-20 05:20:08.209
24e05fbb-8e0b-4793-9e94-9ccd46879b11,bf996092-8d66-408a-8d8e-5065ca3330c2,23142979-9fb6-4fd3-bd82-62d7e0add75f,29806e1c-4cb2-4546-8ef8-a6581eaffaf6,3602b7dc-4c61-4912-a71e-53679078fe96,Foundation,0,2025-03-20 05:20:08.209,2025-03-20 05:20:08.209
24e05fbb-8e0b-4793-9e94-9ccd46879b11,bf996092-8d66-408a-8d8e-5065ca3330c2,23142979-9fb6-4fd3-bd82-62d7e0add75f,29806e1c-4cb2-4546-8ef8-a6581eaffaf6,d513e6ed-644c-40b6-9509-5004879f085c,Ground Floor Level,1,2025-03-20 05:20:08.209,2025-03-20 05:20:08.209
24e05fbb-8e0b-4793-9e94-9ccd46879b11,bf996092-8d66-408a-8d8e-5065ca3330c2,23142979-9fb6-4fd3-bd82-62d7e0add75f,29806e1c-4cb2-4546-8ef8-a6581eaffaf6,b55dca92-2296-4a4f-9b9b-6a0a1ba44b6a,Podium Level,2,2025-03-20 05:20:08.209,2025-03-20 05:20:08.209
24e05fbb-8e0b-4793-9e94-9ccd46879b11,bf996092-8d66-408a-8d8e-5065ca3330c2,23142979-9fb6-4fd3-bd82-62d7e0add75f,29806e1c-4cb2-4546-8ef8-a6581eaffaf6,dd58c691-1fbb-4a9b-9090-4b411513ed73,First Row of Upper Bowl,3,2025-03-20 05:20:08.209,2025-03-20 05:20:08.209
24e05fbb-8e0b-4793-9e94-9ccd46879b11,bf996092-8d66-408a-8d8e-5065ca3330c2,23142979-9fb6-4fd3-bd82-62d7e0add75f,29806e1c-4cb2-4546-8ef8-a6581eaffaf6,1413cda2-71dd-4939-9650-f628be4dac21,2nd Floor Level,4,2025-03-20 05:20:08.209,2025-03-20 05:20:08.209
24e05fbb-8e0b-4793-9e94-9ccd46879b11,bf996092-8d66-408a-8d8e-5065ca3330c2,23142979-9fb6-4fd3-bd82-62d7e0add75f,29806e1c-4cb2-4546-8ef8-a6581eaffaf6,0052bfef-c9d4-4128-af20-ccfd653e87a8,Last Seat of Upper Bowl,5,2025-03-20 05:20:08.209,2025-03-20 05:20:08.209
24e05fbb-8e0b-4793-9e94-9ccd46879b11,bf996092-8d66-408a-8d8e-5065ca3330c2,23142979-9fb6-4fd3-bd82-62d7e0add75f,39acda6f-52f5-4a9a-97b1-d06e71e94488,a689427c-e081-4116-84bb-8ab59fb45cac,West Stand,1,2025-03-20 05:20:08.209,2025-03-20 05:20:08.209
24e05fbb-8e0b-4793-9e94-9ccd46879b11,bf996092-8d66-408a-8d8e-5065ca3330c2,23142979-9fb6-4fd3-bd82-62d7e0add75f,a689427c-e081-4116-84bb-8ab59fb45cac,0700a1f3-d72d-449a-addd-80010e424e9b,Foundation,0,2025-03-20 05:20:08.209,2025-03-20 05:20:08.209
24e05fbb-8e0b-4793-9e94-9ccd46879b11,bf996092-8d66-408a-8d8e-5065ca3330c2,23142979-9fb6-4fd3-bd82-62d7e0add75f,a689427c-e081-4116-84bb-8ab59fb45cac,1f938749-0309-47e3-ba6e-a32ca54b77b0,Ground Floor Level,1,2025-03-20 05:20:08.209,2025-03-20 05:20:08.209
24e05fbb-8e0b-4793-9e94-9ccd46879b11,bf996092-8d66-408a-8d8e-5065ca3330c2,23142979-9fb6-4fd3-bd82-62d7e0add75f,a689427c-e081-4116-84bb-8ab59fb45cac,57fb93c3-765d-4407-b8e3-741417626663,Podium Level,2,2025-03-20 05:20:08.209,2025-03-20 05:20:08.209
24e05fbb-8e0b-4793-9e94-9ccd46879b11,bf996092-8d66-408a-8d8e-5065ca3330c2,23142979-9fb6-4fd3-bd82-62d7e0add75f,a689427c-e081-4116-84bb-8ab59fb45cac,f7a04180-e531-49cd-85a1-7fe4e13da2fd,First Row of Upper Bowl,3,2025-03-20 05:20:08.209,2025-03-20 05:20:08.209
24e05fbb-8e0b-4793-9e94-9ccd46879b11,bf996092-8d66-408a-8d8e-5065ca3330c2,23142979-9fb6-4fd3-bd82-62d7e0add75f,a689427c-e081-4116-84bb-8ab59fb45cac,466291d1-da6e-4b62-a11d-05069497123f,2nd Floor Level,4,2025-03-20 05:20:08.209,2025-03-20 05:20:08.209
24e05fbb-8e0b-4793-9e94-9ccd46879b11,bf996092-8d66-408a-8d8e-5065ca3330c2,23142979-9fb6-4fd3-bd82-62d7e0add75f,a689427c-e081-4116-84bb-8ab59fb45cac,016ecba7-1b90-4a11-9b4a-a3399944e685,Last Seat of Upper Bowl,5,2025-03-20 05:20:08.209,2025-03-20 05:20:08.209
24e05fbb-8e0b-4793-9e94-9ccd46879b11,bf996092-8d66-408a-8d8e-5065ca3330c2,23142979-9fb6-4fd3-bd82-62d7e0add75f,39acda6f-52f5-4a9a-97b1-d06e71e94488,00d29eb1-a2fa-44ea-b1ed-98345d5777a7,North Stand,2,2025-03-20 05:20:08.209,2025-03-20 05:20:08.209
24e05fbb-8e0b-4793-9e94-9ccd46879b11,bf996092-8d66-408a-8d8e-5065ca3330c2,23142979-9fb6-4fd3-bd82-62d7e0add75f,00d29eb1-a2fa-44ea-b1ed-98345d5777a7,847bc1f7-3298-4872-870c-8ea12ae3370d,Foundation,0,2025-03-20 05:20:08.209,2025-03-20 05:20:08.209
24e05fbb-8e0b-4793-9e94-9ccd46879b11,bf996092-8d66-408a-8d8e-5065ca3330c2,23142979-9fb6-4fd3-bd82-62d7e0add75f,39acda6f-52f5-4a9a-97b1-d06e71e94488,27d246b0-de8d-4ee6-a8af-a45c06092957,South Stand,3,2025-03-20 05:20:08.209,2025-03-20 05:20:08.209
24e05fbb-8e0b-4793-9e94-9ccd46879b11,bf996092-8d66-408a-8d8e-5065ca3330c2,23142979-9fb6-4fd3-bd82-62d7e0add75f,27d246b0-de8d-4ee6-a8af-a45c06092957,3af93b06-f169-46b6-a2fa-6f4dfc1529ab,Foundation,0,2025-03-20 05:20:08.209,2025-03-20 05:20:08.209
24e05fbb-8e0b-4793-9e94-9ccd46879b11,bf996092-8d66-408a-8d8e-5065ca3330c2,23142979-9fb6-4fd3-bd82-62d7e0add75f,27d246b0-de8d-4ee6-a8af-a45c06092957,e8f7ca1e-187a-46b4-887b-4cc9bb9256ed,Basement-1 Level,1,2025-03-20 05:20:08.209,2025-03-20 05:20:08.209
24e05fbb-8e0b-4793-9e94-9ccd46879b11,bf996092-8d66-408a-8d8e-5065ca3330c2,23142979-9fb6-4fd3-bd82-62d7e0add75f,27d246b0-de8d-4ee6-a8af-a45c06092957,eab5c06d-fcb2-4172-b7ea-eeb6a64a959e,Ground Floor Level,2,2025-03-20 05:20:08.209,2025-03-20 05:20:08.209
24e05fbb-8e0b-4793-9e94-9ccd46879b11,bf996092-8d66-408a-8d8e-5065ca3330c2,23142979-9fb6-4fd3-bd82-62d7e0add75f,27d246b0-de8d-4ee6-a8af-a45c06092957,8481e49d-423d-497c-9584-8e674b52ad71,Mezanine Floor Level,3,2025-03-20 05:20:08.209,2025-03-20 05:20:08.209
24e05fbb-8e0b-4793-9e94-9ccd46879b11,bf996092-8d66-408a-8d8e-5065ca3330c2,23142979-9fb6-4fd3-bd82-62d7e0add75f,27d246b0-de8d-4ee6-a8af-a45c06092957,ee305ace-426a-487b-b04e-8d72e1c84e50,1st Floor Level,4,2025-03-20 05:20:08.209,2025-03-20 05:20:08.209
24e05fbb-8e0b-4793-9e94-9ccd46879b11,bf996092-8d66-408a-8d8e-5065ca3330c2,23142979-9fb6-4fd3-bd82-62d7e0add75f,27d246b0-de8d-4ee6-a8af-a45c06092957,a5083e02-4cae-4294-b37a-75ec5b19bf2d,2nd Floor Level,5,2025-03-20 05:20:08.209,2025-03-20 05:20:08.209
24e05fbb-8e0b-4793-9e94-9ccd46879b11,bf996092-8d66-408a-8d8e-5065ca3330c2,23142979-9fb6-4fd3-bd82-62d7e0add75f,27d246b0-de8d-4ee6-a8af-a45c06092957,7ff2bac0-7374-4b1c-abc6-585709b1b073,3rd Floor Level,6,2025-03-20 05:20:08.209,2025-03-20 05:20:08.209
24e05fbb-8e0b-4793-9e94-9ccd46879b11,bf996092-8d66-408a-8d8e-5065ca3330c2,23142979-9fb6-4fd3-bd82-62d7e0add75f,27d246b0-de8d-4ee6-a8af-a45c06092957,51892e12-dbc9-47a1-8322-aed4a5600466,4th Floor Level,7,2025-03-20 05:20:08.209,2025-03-20 05:20:08.209
24e05fbb-8e0b-4793-9e94-9ccd46879b11,bf996092-8d66-408a-8d8e-5065ca3330c2,23142979-9fb6-4fd3-bd82-62d7e0add75f,27d246b0-de8d-4ee6-a8af-a45c06092957,2a647d96-4fef-498e-b6e3-9872d1ff0433,5th Floor Level,8,2025-03-20 05:20:08.209,2025-03-20 05:20:08.209
24e05fbb-8e0b-4793-9e94-9ccd46879b11,bf996092-8d66-408a-8d8e-5065ca3330c2,23142979-9fb6-4fd3-bd82-62d7e0add75f,27d246b0-de8d-4ee6-a8af-a45c06092957,12a0e5d5-0ef9-4d2c-b7ca-e82bf2c65f50,6th Floor Level,9,2025-03-20 05:20:08.209,2025-03-20 05:20:08.209
24e05fbb-8e0b-4793-9e94-9ccd46879b11,bf996092-8d66-408a-8d8e-5065ca3330c2,23142979-9fb6-4fd3-bd82-62d7e0add75f,1b6e0f56-2d73-4ead-92ce-ade08db2d750,e09924c9-ca68-4a8f-8768-b5f4f81648e7,Indoor Stadium,1,2025-03-20 05:20:08.209,2025-03-20 05:20:08.209
24e05fbb-8e0b-4793-9e94-9ccd46879b11,bf996092-8d66-408a-8d8e-5065ca3330c2,23142979-9fb6-4fd3-bd82-62d7e0add75f,e09924c9-ca68-4a8f-8768-b5f4f81648e7,18c96d5d-adbb-416d-83ad-8b3425d65203,Foundation,0,2025-03-20 05:20:08.209,2025-03-20 05:20:08.209
24e05fbb-8e0b-4793-9e94-9ccd46879b11,bf996092-8d66-408a-8d8e-5065ca3330c2,23142979-9fb6-4fd3-bd82-62d7e0add75f,e09924c9-ca68-4a8f-8768-b5f4f81648e7,218865c8-8b1b-4207-8c5e-e77da8f31941,Basement-1 Level,1,2025-03-20 05:20:08.209,2025-03-20 05:20:08.209
24e05fbb-8e0b-4793-9e94-9ccd46879b11,bf996092-8d66-408a-8d8e-5065ca3330c2,23142979-9fb6-4fd3-bd82-62d7e0add75f,e09924c9-ca68-4a8f-8768-b5f4f81648e7,0a98fcde-e001-405b-a228-3b8d0c6a1798,Ground Floor Level,2,2025-03-20 05:20:08.209,2025-03-20 05:20:08.209
24e05fbb-8e0b-4793-9e94-9ccd46879b11,bf996092-8d66-408a-8d8e-5065ca3330c2,23142979-9fb6-4fd3-bd82-62d7e0add75f,e09924c9-ca68-4a8f-8768-b5f4f81648e7,e8d898fc-f775-48c5-8e3d-d22b70e613c2,Mezanine Floor Level,3,2025-03-20 05:20:08.209,2025-03-20 05:20:08.209
24e05fbb-8e0b-4793-9e94-9ccd46879b11,bf996092-8d66-408a-8d8e-5065ca3330c2,23142979-9fb6-4fd3-bd82-62d7e0add75f,e09924c9-ca68-4a8f-8768-b5f4f81648e7,da56a69f-cfd0-42c7-b856-16b964e72d7d,1st Floor Level,4,2025-03-20 05:20:08.209,2025-03-20 05:20:08.209
24e05fbb-8e0b-4793-9e94-9ccd46879b11,bf996092-8d66-408a-8d8e-5065ca3330c2,23142979-9fb6-4fd3-bd82-62d7e0add75f,e09924c9-ca68-4a8f-8768-b5f4f81648e7,047b8919-764f-42ba-9205-36d1b181356d,2nd Floor Level,5,2025-03-20 05:20:08.209,2025-03-20 05:20:08.209
24e05fbb-8e0b-4793-9e94-9ccd46879b11,bf996092-8d66-408a-8d8e-5065ca3330c2,23142979-9fb6-4fd3-bd82-62d7e0add75f,e09924c9-ca68-4a8f-8768-b5f4f81648e7,ee2fefab-95ef-4c7a-8385-2ebfa74d202f,3rd Floor Level,6,2025-03-20 05:20:08.209,2025-03-20 05:20:08.209
24e05fbb-8e0b-4793-9e94-9ccd46879b11,bf996092-8d66-408a-8d8e-5065ca3330c2,23142979-9fb6-4fd3-bd82-62d7e0add75f,e09924c9-ca68-4a8f-8768-b5f4f81648e7,96790057-9d71-4559-b553-e9677fb24280,Terrace Floor Level,7,2025-03-20 05:20:08.209,2025-03-20 05:20:08.209
24e05fbb-8e0b-4793-9e94-9ccd46879b11,bf996092-8d66-408a-8d8e-5065ca3330c2,23142979-9fb6-4fd3-bd82-62d7e0add75f,e09924c9-ca68-4a8f-8768-b5f4f81648e7,a825e5b4-9f82-41bb-a458-91a24ddbd226,Mumty Level,8,2025-03-20 05:20:08.209,2025-03-20 05:20:08.209
f656b50e-ce44-43ee-808c-92f227501ccc,bf996092-8d66-408a-8d8e-5065ca3330c2,2f551e7d-05e6-4bfc-8ee1-0ef3a8487c11,,066f6d6b-05fc-4dd1-bb67-dcf06c088012,Project,0,2025-03-20 05:20:52.001,2025-03-20 05:20:52.001
f656b50e-ce44-43ee-808c-92f227501ccc,bf996092-8d66-408a-8d8e-5065ca3330c2,2f551e7d-05e6-4bfc-8ee1-0ef3a8487c11,066f6d6b-05fc-4dd1-bb67-dcf06c088012,ea9896b3-6edc-4470-b088-8a8a1c59622f,Retail & Allied Structure,0,2025-03-20 05:20:52.001,2025-03-20 05:20:52.001
f656b50e-ce44-43ee-808c-92f227501ccc,bf996092-8d66-408a-8d8e-5065ca3330c2,2f551e7d-05e6-4bfc-8ee1-0ef3a8487c11,ea9896b3-6edc-4470-b088-8a8a1c59622f,77061d1b-ea1e-40af-83fc-2df1413e4952,Foundation,0,2025-03-20 05:20:52.001,2025-03-20 05:20:52.001
f656b50e-ce44-43ee-808c-92f227501ccc,bf996092-8d66-408a-8d8e-5065ca3330c2,2f551e7d-05e6-4bfc-8ee1-0ef3a8487c11,ea9896b3-6edc-4470-b088-8a8a1c59622f,4ec6ffc3-e19f-4506-b73f-2ae53fdb8008,Basement-2 Level,1,2025-03-20 05:20:52.001,2025-03-20 05:20:52.001
f656b50e-ce44-43ee-808c-92f227501ccc,bf996092-8d66-408a-8d8e-5065ca3330c2,2f551e7d-05e6-4bfc-8ee1-0ef3a8487c11,ea9896b3-6edc-4470-b088-8a8a1c59622f,577d46dc-35bf-4db9-9bfa-87a2d22fcdab,Basement-1 Level,2,2025-03-20 05:20:52.001,2025-03-20 05:20:52.001
f656b50e-ce44-43ee-808c-92f227501ccc,bf996092-8d66-408a-8d8e-5065ca3330c2,2f551e7d-05e6-4bfc-8ee1-0ef3a8487c11,ea9896b3-6edc-4470-b088-8a8a1c59622f,7a484aab-2a0f-467a-b2a8-9a2d2f5e8cdf,Ground Floor Level,3,2025-03-20 05:20:52.001,2025-03-20 05:20:52.001
f656b50e-ce44-43ee-808c-92f227501ccc,bf996092-8d66-408a-8d8e-5065ca3330c2,2f551e7d-05e6-4bfc-8ee1-0ef3a8487c11,ea9896b3-6edc-4470-b088-8a8a1c59622f,be3a78c6-7f69-4823-ad6a-6718a22965f3,First Floor Level,4,2025-03-20 05:20:52.001,2025-03-20 05:20:52.001
f656b50e-ce44-43ee-808c-92f227501ccc,bf996092-8d66-408a-8d8e-5065ca3330c2,2f551e7d-05e6-4bfc-8ee1-0ef3a8487c11,ea9896b3-6edc-4470-b088-8a8a1c59622f,57d7193d-7788-4cab-bf1a-11e6c28ea850,2nd Floor Level,5,2025-03-20 05:20:52.001,2025-03-20 05:20:52.001
f656b50e-ce44-43ee-808c-92f227501ccc,bf996092-8d66-408a-8d8e-5065ca3330c2,2f551e7d-05e6-4bfc-8ee1-0ef3a8487c11,ea9896b3-6edc-4470-b088-8a8a1c59622f,cd95763a-66e4-444f-ae66-0a058899bde5,Terrace Floor Level,6,2025-03-20 05:20:52.001,2025-03-20 05:20:52.001
f656b50e-ce44-43ee-808c-92f227501ccc,bf996092-8d66-408a-8d8e-5065ca3330c2,2f551e7d-05e6-4bfc-8ee1-0ef3a8487c11,ea9896b3-6edc-4470-b088-8a8a1c59622f,e181244c-0ccf-4bd4-9001-46d1836d8a1f,Mumty Level,7,2025-03-20 05:20:52.001,2025-03-20 05:20:52.001
91163e46-27c0-495f-a05e-f3d5887fa79b,bf996092-8d66-408a-8d8e-5065ca3330c2,77d5fb8c-5d83-4fa8-8c81-169306f7a8f7,,bff4fe3b-a51d-4b72-b344-9a3c394f53c1,Project,0,2025-03-20 05:18:32.432,2025-03-20 05:18:32.432
91163e46-27c0-495f-a05e-f3d5887fa79b,bf996092-8d66-408a-8d8e-5065ca3330c2,77d5fb8c-5d83-4fa8-8c81-169306f7a8f7,bff4fe3b-a51d-4b72-b344-9a3c394f53c1,78e06254-4c4b-42e8-82dd-700a80bf40e8,The Club,0,2025-03-20 05:18:32.432,2025-03-20 05:18:32.432
91163e46-27c0-495f-a05e-f3d5887fa79b,bf996092-8d66-408a-8d8e-5065ca3330c2,77d5fb8c-5d83-4fa8-8c81-169306f7a8f7,78e06254-4c4b-42e8-82dd-700a80bf40e8,d21758cc-267c-488f-b37a-1d5a05b0cfaf,Foundation,0,2025-03-20 05:18:32.432,2025-03-20 05:18:32.432
91163e46-27c0-495f-a05e-f3d5887fa79b,bf996092-8d66-408a-8d8e-5065ca3330c2,77d5fb8c-5d83-4fa8-8c81-169306f7a8f7,78e06254-4c4b-42e8-82dd-700a80bf40e8,7a10d457-f547-4370-a5e2-b7691324c11f,Basement-2 Level,1,2025-03-20 05:18:32.432,2025-03-20 05:18:32.432
91163e46-27c0-495f-a05e-f3d5887fa79b,bf996092-8d66-408a-8d8e-5065ca3330c2,77d5fb8c-5d83-4fa8-8c81-169306f7a8f7,78e06254-4c4b-42e8-82dd-700a80bf40e8,18604d04-bc72-44e1-a064-0236c20cabad,Basement-1 Level,2,2025-03-20 05:18:32.432,2025-03-20 05:18:32.432
91163e46-27c0-495f-a05e-f3d5887fa79b,bf996092-8d66-408a-8d8e-5065ca3330c2,77d5fb8c-5d83-4fa8-8c81-169306f7a8f7,78e06254-4c4b-42e8-82dd-700a80bf40e8,cd9d763a-0541-4752-a983-3bfcdce8610d,Ground Floor Level,3,2025-03-20 05:18:32.432,2025-03-20 05:18:32.432
91163e46-27c0-495f-a05e-f3d5887fa79b,bf996092-8d66-408a-8d8e-5065ca3330c2,77d5fb8c-5d83-4fa8-8c81-169306f7a8f7,78e06254-4c4b-42e8-82dd-700a80bf40e8,c6c95ef8-9b23-44a5-b6e7-8eec7762cb68,Mezanine Floor Level,4,2025-03-20 05:18:32.432,2025-03-20 05:18:32.432
91163e46-27c0-495f-a05e-f3d5887fa79b,bf996092-8d66-408a-8d8e-5065ca3330c2,77d5fb8c-5d83-4fa8-8c81-169306f7a8f7,78e06254-4c4b-42e8-82dd-700a80bf40e8,409462ff-55f5-44f6-a2a9-ca7a02e4e564,First Floor Level,5,2025-03-20 05:18:32.432,2025-03-20 05:18:32.432
91163e46-27c0-495f-a05e-f3d5887fa79b,bf996092-8d66-408a-8d8e-5065ca3330c2,77d5fb8c-5d83-4fa8-8c81-169306f7a8f7,78e06254-4c4b-42e8-82dd-700a80bf40e8,38ff17b0-fc6c-4c42-bc22-e2b9d972404e,2nd Floor Level,6,2025-03-20 05:18:32.432,2025-03-20 05:18:32.432
91163e46-27c0-495f-a05e-f3d5887fa79b,bf996092-8d66-408a-8d8e-5065ca3330c2,77d5fb8c-5d83-4fa8-8c81-169306f7a8f7,78e06254-4c4b-42e8-82dd-700a80bf40e8,7582606f-9742-4006-8c02-a1b7023b8427,3rd Floor Level,7,2025-03-20 05:18:32.432,2025-03-20 05:18:32.432
91163e46-27c0-495f-a05e-f3d5887fa79b,bf996092-8d66-408a-8d8e-5065ca3330c2,77d5fb8c-5d83-4fa8-8c81-169306f7a8f7,78e06254-4c4b-42e8-82dd-700a80bf40e8,644b652a-d5e8-4f62-96e8-dc48f6c3f291,4th Floor Level,8,2025-03-20 05:18:32.432,2025-03-20 05:18:32.432
91163e46-27c0-495f-a05e-f3d5887fa79b,bf996092-8d66-408a-8d8e-5065ca3330c2,77d5fb8c-5d83-4fa8-8c81-169306f7a8f7,78e06254-4c4b-42e8-82dd-700a80bf40e8,17598176-3653-4ad7-af5b-13eb5fef5bfb,5th Floor Level,9,2025-03-20 05:18:32.432,2025-03-20 05:18:32.432
91163e46-27c0-495f-a05e-f3d5887fa79b,bf996092-8d66-408a-8d8e-5065ca3330c2,77d5fb8c-5d83-4fa8-8c81-169306f7a8f7,78e06254-4c4b-42e8-82dd-700a80bf40e8,52011f04-96a2-48a5-a4ae-7bcda7902f9c,6th Floor Level,10,2025-03-20 05:18:32.432,2025-03-20 05:18:32.432
91163e46-27c0-495f-a05e-f3d5887fa79b,bf996092-8d66-408a-8d8e-5065ca3330c2,77d5fb8c-5d83-4fa8-8c81-169306f7a8f7,78e06254-4c4b-42e8-82dd-700a80bf40e8,64191104-87c0-4c71-a8ed-e04241b23f07,7th Floor Level,11,2025-03-20 05:18:32.432,2025-03-20 05:18:32.432
c3ada1b6-97ba-416b-82e8-22598e5f57df,bf996092-8d66-408a-8d8e-5065ca3330c2,967e785d-d83c-490b-8d6a-2ed926c956ac,9bbe04db-b78e-4053-8e63-1b263b04e792,93459eb9-8896-4b2e-8442-ead0ffd1fec2,Vrindavan Courtyard,0,2025-06-16 07:17:16.414,2025-06-16 07:17:16.414
c3ada1b6-97ba-416b-82e8-22598e5f57df,bf996092-8d66-408a-8d8e-5065ca3330c2,967e785d-d83c-490b-8d6a-2ed926c956ac,93459eb9-8896-4b2e-8442-ead0ffd1fec2,4c88d0e9-7d82-4739-a440-d2fcd3b33f5d,Audi,0,2025-06-16 07:17:16.414,2025-06-16 07:17:16.414
c3ada1b6-97ba-416b-82e8-22598e5f57df,bf996092-8d66-408a-8d8e-5065ca3330c2,967e785d-d83c-490b-8d6a-2ed926c956ac,93459eb9-8896-4b2e-8442-ead0ffd1fec2,dd232eee-df24-4078-8957-ec9f257f8519,Basement-1,1,2025-06-16 07:17:16.414,2025-06-16 07:17:16.414
c3ada1b6-97ba-416b-82e8-22598e5f57df,bf996092-8d66-408a-8d8e-5065ca3330c2,967e785d-d83c-490b-8d6a-2ed926c956ac,93459eb9-8896-4b2e-8442-ead0ffd1fec2,76cbd1fe-eaab-40a2-8e17-048951d9c277,Basement-2,2,2025-06-16 07:17:16.414,2025-06-16 07:17:16.414
c3ada1b6-97ba-416b-82e8-22598e5f57df,bf996092-8d66-408a-8d8e-5065ca3330c2,967e785d-d83c-490b-8d6a-2ed926c956ac,93459eb9-8896-4b2e-8442-ead0ffd1fec2,7c027642-074f-4632-8f3c-18a8810f41b0,Boundary Wall,3,2025-06-16 07:17:16.414,2025-06-16 07:17:16.414
c3ada1b6-97ba-416b-82e8-22598e5f57df,bf996092-8d66-408a-8d8e-5065ca3330c2,967e785d-d83c-490b-8d6a-2ed926c956ac,93459eb9-8896-4b2e-8442-ead0ffd1fec2,526c8455-aec3-4878-9f28-0312372069c4,Canopy,4,2025-06-16 07:17:16.414,2025-06-16 07:17:16.414
c3ada1b6-97ba-416b-82e8-22598e5f57df,bf996092-8d66-408a-8d8e-5065ca3330c2,967e785d-d83c-490b-8d6a-2ed926c956ac,93459eb9-8896-4b2e-8442-ead0ffd1fec2,44a1dc35-9225-4d02-96b9-d3b10598e8d3,Diaphragm Wall,5,2025-06-16 07:17:16.414,2025-06-16 07:17:16.414
c3ada1b6-97ba-416b-82e8-22598e5f57df,bf996092-8d66-408a-8d8e-5065ca3330c2,967e785d-d83c-490b-8d6a-2ed926c956ac,93459eb9-8896-4b2e-8442-ead0ffd1fec2,d6ba3dde-d17d-411d-8543-8bfcb5ebbd19,Eight Floor,6,2025-06-16 07:17:16.414,2025-06-16 07:17:16.414
c3ada1b6-97ba-416b-82e8-22598e5f57df,bf996092-8d66-408a-8d8e-5065ca3330c2,967e785d-d83c-490b-8d6a-2ed926c956ac,93459eb9-8896-4b2e-8442-ead0ffd1fec2,92402bcc-154c-4267-8053-e487bb155a09,Elevation,7,2025-06-16 07:17:16.414,2025-06-16 07:17:16.414
c3ada1b6-97ba-416b-82e8-22598e5f57df,bf996092-8d66-408a-8d8e-5065ca3330c2,967e785d-d83c-490b-8d6a-2ed926c956ac,93459eb9-8896-4b2e-8442-ead0ffd1fec2,3688af69-eb53-4411-940e-b3465811317c,Fifth Floor,8,2025-06-16 07:17:16.414,2025-06-16 07:17:16.414
c3ada1b6-97ba-416b-82e8-22598e5f57df,bf996092-8d66-408a-8d8e-5065ca3330c2,967e785d-d83c-490b-8d6a-2ed926c956ac,93459eb9-8896-4b2e-8442-ead0ffd1fec2,a5633d9f-a245-4f87-a6fc-7be402dbadfd,Fifth Floor Audi,9,2025-06-16 07:17:16.414,2025-06-16 07:17:16.414
c3ada1b6-97ba-416b-82e8-22598e5f57df,bf996092-8d66-408a-8d8e-5065ca3330c2,967e785d-d83c-490b-8d6a-2ed926c956ac,93459eb9-8896-4b2e-8442-ead0ffd1fec2,47a7d8fc-51f8-4776-9022-df5f99060198,Firsr Floor,10,2025-06-16 07:17:16.414,2025-06-16 07:17:16.414
c3ada1b6-97ba-416b-82e8-22598e5f57df,bf996092-8d66-408a-8d8e-5065ca3330c2,967e785d-d83c-490b-8d6a-2ed926c956ac,93459eb9-8896-4b2e-8442-ead0ffd1fec2,d1cd4489-3e9c-451d-bfd9-dea34dfe379b,Foundation,11,2025-06-16 07:17:16.414,2025-06-16 07:17:16.414
c3ada1b6-97ba-416b-82e8-22598e5f57df,bf996092-8d66-408a-8d8e-5065ca3330c2,967e785d-d83c-490b-8d6a-2ed926c956ac,93459eb9-8896-4b2e-8442-ead0ffd1fec2,3d9c9861-28bf-4c6b-8371-152a2b3163f0,Fourth Floor,12,2025-06-16 07:17:16.414,2025-06-16 07:17:16.414
c3ada1b6-97ba-416b-82e8-22598e5f57df,bf996092-8d66-408a-8d8e-5065ca3330c2,967e785d-d83c-490b-8d6a-2ed926c956ac,93459eb9-8896-4b2e-8442-ead0ffd1fec2,3c186c30-d4c1-4575-b7eb-fa49f5f43b75,G. Floor,13,2025-06-16 07:17:16.414,2025-06-16 07:17:16.414
c3ada1b6-97ba-416b-82e8-22598e5f57df,bf996092-8d66-408a-8d8e-5065ca3330c2,967e785d-d83c-490b-8d6a-2ed926c956ac,93459eb9-8896-4b2e-8442-ead0ffd1fec2,a9b3386c-cb07-4312-bcfd-1e2d36f3b75c,Landscape,14,2025-06-16 07:17:16.414,2025-06-16 07:17:16.414
c3ada1b6-97ba-416b-82e8-22598e5f57df,bf996092-8d66-408a-8d8e-5065ca3330c2,967e785d-d83c-490b-8d6a-2ed926c956ac,93459eb9-8896-4b2e-8442-ead0ffd1fec2,4aed8e54-b620-4771-87fd-b5ca2292d585,Lower Ground Floor,15,2025-06-16 07:17:16.414,2025-06-16 07:17:16.414
c3ada1b6-97ba-416b-82e8-22598e5f57df,bf996092-8d66-408a-8d8e-5065ca3330c2,967e785d-d83c-490b-8d6a-2ed926c956ac,93459eb9-8896-4b2e-8442-ead0ffd1fec2,4b5738b2-5449-4007-b3a1-69fc3addab98,Mezzanine Floor,16,2025-06-16 07:17:16.414,2025-06-16 07:17:16.414
c3ada1b6-97ba-416b-82e8-22598e5f57df,bf996092-8d66-408a-8d8e-5065ca3330c2,967e785d-d83c-490b-8d6a-2ed926c956ac,93459eb9-8896-4b2e-8442-ead0ffd1fec2,13ea4f89-a766-4fb0-aee9-938a92253918,Mumty Terrace,17,2025-06-16 07:17:16.414,2025-06-16 07:17:16.414
c3ada1b6-97ba-416b-82e8-22598e5f57df,bf996092-8d66-408a-8d8e-5065ca3330c2,967e785d-d83c-490b-8d6a-2ed926c956ac,93459eb9-8896-4b2e-8442-ead0ffd1fec2,4c4f7f60-eb29-40bc-814c-ca53a2bd4526,Nineth Floor,18,2025-06-16 07:17:16.414,2025-06-16 07:17:16.414
c3ada1b6-97ba-416b-82e8-22598e5f57df,bf996092-8d66-408a-8d8e-5065ca3330c2,967e785d-d83c-490b-8d6a-2ed926c956ac,93459eb9-8896-4b2e-8442-ead0ffd1fec2,dcf94f93-b400-4e23-82b6-94d55dc736a7,OHT,19,2025-06-16 07:17:16.414,2025-06-16 07:17:16.414
c3ada1b6-97ba-416b-82e8-22598e5f57df,bf996092-8d66-408a-8d8e-5065ca3330c2,967e785d-d83c-490b-8d6a-2ed926c956ac,93459eb9-8896-4b2e-8442-ead0ffd1fec2,5517eb81-cad7-400d-bcb0-5edf81ed8bf1,Railing,20,2025-06-16 07:17:16.414,2025-06-16 07:17:16.414
c3ada1b6-97ba-416b-82e8-22598e5f57df,bf996092-8d66-408a-8d8e-5065ca3330c2,967e785d-d83c-490b-8d6a-2ed926c956ac,93459eb9-8896-4b2e-8442-ead0ffd1fec2,86703b22-81be-4388-9f9f-d47aef3ffda3,Ramp,21,2025-06-16 07:17:16.414,2025-06-16 07:17:16.414
c3ada1b6-97ba-416b-82e8-22598e5f57df,bf996092-8d66-408a-8d8e-5065ca3330c2,967e785d-d83c-490b-8d6a-2ed926c956ac,93459eb9-8896-4b2e-8442-ead0ffd1fec2,2cb1e188-1041-484b-a595-a26a7558706b,Retaining Wall,22,2025-06-16 07:17:16.414,2025-06-16 07:17:16.414
c3ada1b6-97ba-416b-82e8-22598e5f57df,bf996092-8d66-408a-8d8e-5065ca3330c2,967e785d-d83c-490b-8d6a-2ed926c956ac,93459eb9-8896-4b2e-8442-ead0ffd1fec2,adf5b717-3525-4c49-b001-1c8530b811f1,Second Floor,23,2025-06-16 07:17:16.414,2025-06-16 07:17:16.414
c3ada1b6-97ba-416b-82e8-22598e5f57df,bf996092-8d66-408a-8d8e-5065ca3330c2,967e785d-d83c-490b-8d6a-2ed926c956ac,93459eb9-8896-4b2e-8442-ead0ffd1fec2,98e9bb5d-0fe4-40da-9296-6ac4c5be3e40,Service Floor,24,2025-06-16 07:17:16.414,2025-06-16 07:17:16.414
c3ada1b6-97ba-416b-82e8-22598e5f57df,bf996092-8d66-408a-8d8e-5065ca3330c2,967e785d-d83c-490b-8d6a-2ed926c956ac,93459eb9-8896-4b2e-8442-ead0ffd1fec2,26ea0d57-cfab-4693-8196-8fe0982c7d03,Seventh Floor,25,2025-06-16 07:17:16.414,2025-06-16 07:17:16.414
c3ada1b6-97ba-416b-82e8-22598e5f57df,bf996092-8d66-408a-8d8e-5065ca3330c2,967e785d-d83c-490b-8d6a-2ed926c956ac,93459eb9-8896-4b2e-8442-ead0ffd1fec2,17a52b0f-86c0-4e5f-84f6-843587d20fc9,Seventh Floor Audi,26,2025-06-16 07:17:16.414,2025-06-16 07:17:16.414
c3ada1b6-97ba-416b-82e8-22598e5f57df,bf996092-8d66-408a-8d8e-5065ca3330c2,967e785d-d83c-490b-8d6a-2ed926c956ac,93459eb9-8896-4b2e-8442-ead0ffd1fec2,9f583553-55de-4b1b-93fc-5020b6684f91,Sixth Floor,27,2025-06-16 07:17:16.414,2025-06-16 07:17:16.414
c3ada1b6-97ba-416b-82e8-22598e5f57df,bf996092-8d66-408a-8d8e-5065ca3330c2,967e785d-d83c-490b-8d6a-2ed926c956ac,93459eb9-8896-4b2e-8442-ead0ffd1fec2,d80a9ef5-ad35-4f33-a5a6-e24d39cdae06,Sixth Floor Audi,28,2025-06-16 07:17:16.414,2025-06-16 07:17:16.414
c3ada1b6-97ba-416b-82e8-22598e5f57df,bf996092-8d66-408a-8d8e-5065ca3330c2,967e785d-d83c-490b-8d6a-2ed926c956ac,93459eb9-8896-4b2e-8442-ead0ffd1fec2,9aa79873-f6d5-41bb-a30f-455a921a665f,Staircase 1,29,2025-06-16 07:17:16.414,2025-06-16 07:17:16.414
c3ada1b6-97ba-416b-82e8-22598e5f57df,bf996092-8d66-408a-8d8e-5065ca3330c2,967e785d-d83c-490b-8d6a-2ed926c956ac,93459eb9-8896-4b2e-8442-ead0ffd1fec2,185a605c-4f27-4cb8-942c-8afa9bc0f419,Staircase 2,30,2025-06-16 07:17:16.414,2025-06-16 07:17:16.414
c3ada1b6-97ba-416b-82e8-22598e5f57df,bf996092-8d66-408a-8d8e-5065ca3330c2,967e785d-d83c-490b-8d6a-2ed926c956ac,93459eb9-8896-4b2e-8442-ead0ffd1fec2,06b7ace8-bd36-463b-acad-89a47a6cc648,Staircase 2A,31,2025-06-16 07:17:16.414,2025-06-16 07:17:16.414
c3ada1b6-97ba-416b-82e8-22598e5f57df,bf996092-8d66-408a-8d8e-5065ca3330c2,967e785d-d83c-490b-8d6a-2ed926c956ac,93459eb9-8896-4b2e-8442-ead0ffd1fec2,989a0d50-68ae-4ec3-afb1-0e15b7aba52d,Staircase 3,32,2025-06-16 07:17:16.414,2025-06-16 07:17:16.414
c3ada1b6-97ba-416b-82e8-22598e5f57df,bf996092-8d66-408a-8d8e-5065ca3330c2,967e785d-d83c-490b-8d6a-2ed926c956ac,93459eb9-8896-4b2e-8442-ead0ffd1fec2,f9aa24bf-decd-4d65-830e-c19e385f3d18,Staircase 4,33,2025-06-16 07:17:16.414,2025-06-16 07:17:16.414
c3ada1b6-97ba-416b-82e8-22598e5f57df,bf996092-8d66-408a-8d8e-5065ca3330c2,967e785d-d83c-490b-8d6a-2ed926c956ac,93459eb9-8896-4b2e-8442-ead0ffd1fec2,2f6d0ba8-2f24-4655-83bf-840fee44a40f,Staircase 5,34,2025-06-16 07:17:16.414,2025-06-16 07:17:16.414
c3ada1b6-97ba-416b-82e8-22598e5f57df,bf996092-8d66-408a-8d8e-5065ca3330c2,967e785d-d83c-490b-8d6a-2ed926c956ac,93459eb9-8896-4b2e-8442-ead0ffd1fec2,2541174f-f5b3-44b8-9809-17e4df416c68,STP,35,2025-06-16 07:17:16.414,2025-06-16 07:17:16.414
c3ada1b6-97ba-416b-82e8-22598e5f57df,bf996092-8d66-408a-8d8e-5065ca3330c2,967e785d-d83c-490b-8d6a-2ed926c956ac,93459eb9-8896-4b2e-8442-ead0ffd1fec2,7dc94f93-0869-4dbc-bfd3-0f7bd847ba72,Terrace Floor,36,2025-06-16 07:17:16.414,2025-06-16 07:17:16.414
c3ada1b6-97ba-416b-82e8-22598e5f57df,bf996092-8d66-408a-8d8e-5065ca3330c2,967e785d-d83c-490b-8d6a-2ed926c956ac,93459eb9-8896-4b2e-8442-ead0ffd1fec2,7bff73b1-b337-4315-8290-38927504b473,Third Floor,37,2025-06-16 07:17:16.414,2025-06-16 07:17:16.414
c3ada1b6-97ba-416b-82e8-22598e5f57df,bf996092-8d66-408a-8d8e-5065ca3330c2,967e785d-d83c-490b-8d6a-2ed926c956ac,93459eb9-8896-4b2e-8442-ead0ffd1fec2,01d0cadd-7b51-4d37-8d99-4900dc4a8f79,UGT,38,2025-06-16 07:17:16.414,2025-06-16 07:17:16.414
a0b8940c-96d3-49d1-87d5-d3bc669d1c66,bf996092-8d66-408a-8d8e-5065ca3330c2,f679f4cf-c089-4a2b-9b84-b14129630601,,72fec701-5748-447e-9d22-531ea33036a4,Project,0,2025-06-16 07:26:49.674,2025-06-16 07:26:49.674
a0b8940c-96d3-49d1-87d5-d3bc669d1c66,bf996092-8d66-408a-8d8e-5065ca3330c2,f679f4cf-c089-4a2b-9b84-b14129630601,72fec701-5748-447e-9d22-531ea33036a4,8dd7807e-e644-45ca-b47e-aa20abfd8b76,Centre Point Ghaziabad,0,2025-06-16 07:26:49.674,2025-06-16 07:26:49.674
a0b8940c-96d3-49d1-87d5-d3bc669d1c66,bf996092-8d66-408a-8d8e-5065ca3330c2,f679f4cf-c089-4a2b-9b84-b14129630601,8dd7807e-e644-45ca-b47e-aa20abfd8b76,f5ca8e9a-9a3b-4695-bd6c-7a658ff83e1d,Basement-1,0,2025-06-16 07:26:49.674,2025-06-16 07:26:49.674
a0b8940c-96d3-49d1-87d5-d3bc669d1c66,bf996092-8d66-408a-8d8e-5065ca3330c2,f679f4cf-c089-4a2b-9b84-b14129630601,8dd7807e-e644-45ca-b47e-aa20abfd8b76,82699733-2e39-4feb-97f5-e8250ac24c3a,Basement-2,1,2025-06-16 07:26:49.674,2025-06-16 07:26:49.674
a0b8940c-96d3-49d1-87d5-d3bc669d1c66,bf996092-8d66-408a-8d8e-5065ca3330c2,f679f4cf-c089-4a2b-9b84-b14129630601,8dd7807e-e644-45ca-b47e-aa20abfd8b76,dc87a30d-3323-4230-a264-4bfabb5f2354,Basement-3,2,2025-06-16 07:26:49.674,2025-06-16 07:26:49.674
a0b8940c-96d3-49d1-87d5-d3bc669d1c66,bf996092-8d66-408a-8d8e-5065ca3330c2,f679f4cf-c089-4a2b-9b84-b14129630601,8dd7807e-e644-45ca-b47e-aa20abfd8b76,1cf54c8a-62c1-4fcb-b440-3140d15a6401,Boundary Wall,3,2025-06-16 07:26:49.674,2025-06-16 07:26:49.674
a0b8940c-96d3-49d1-87d5-d3bc669d1c66,bf996092-8d66-408a-8d8e-5065ca3330c2,f679f4cf-c089-4a2b-9b84-b14129630601,8dd7807e-e644-45ca-b47e-aa20abfd8b76,94db8468-4fe1-4f96-a460-7b2a7268d920,Canopy,4,2025-06-16 07:26:49.674,2025-06-16 07:26:49.674
a0b8940c-96d3-49d1-87d5-d3bc669d1c66,bf996092-8d66-408a-8d8e-5065ca3330c2,f679f4cf-c089-4a2b-9b84-b14129630601,8dd7807e-e644-45ca-b47e-aa20abfd8b76,9f596bd4-5e40-40c6-b23c-729bab26a0c2,Diaphragm Wall,5,2025-06-16 07:26:49.674,2025-06-16 07:26:49.674
a0b8940c-96d3-49d1-87d5-d3bc669d1c66,bf996092-8d66-408a-8d8e-5065ca3330c2,f679f4cf-c089-4a2b-9b84-b14129630601,8dd7807e-e644-45ca-b47e-aa20abfd8b76,cb94bf80-ba8f-410d-95e5-90c1f45ae54f,Eight Floor,6,2025-06-16 07:26:49.674,2025-06-16 07:26:49.674
a0b8940c-96d3-49d1-87d5-d3bc669d1c66,bf996092-8d66-408a-8d8e-5065ca3330c2,f679f4cf-c089-4a2b-9b84-b14129630601,8dd7807e-e644-45ca-b47e-aa20abfd8b76,7b20046e-8258-40ad-804c-0a630e7a90f7,Elevation,7,2025-06-16 07:26:49.674,2025-06-16 07:26:49.674
a0b8940c-96d3-49d1-87d5-d3bc669d1c66,bf996092-8d66-408a-8d8e-5065ca3330c2,f679f4cf-c089-4a2b-9b84-b14129630601,8dd7807e-e644-45ca-b47e-aa20abfd8b76,5424123c-9f73-4242-9b62-7aefb2737002,Fifth Floor,8,2025-06-16 07:26:49.674,2025-06-16 07:26:49.674
a0b8940c-96d3-49d1-87d5-d3bc669d1c66,bf996092-8d66-408a-8d8e-5065ca3330c2,f679f4cf-c089-4a2b-9b84-b14129630601,8dd7807e-e644-45ca-b47e-aa20abfd8b76,55a2b2f5-7e29-4bc9-8384-66459b58b3c8,Firsr Floor,9,2025-06-16 07:26:49.674,2025-06-16 07:26:49.674
a0b8940c-96d3-49d1-87d5-d3bc669d1c66,bf996092-8d66-408a-8d8e-5065ca3330c2,f679f4cf-c089-4a2b-9b84-b14129630601,8dd7807e-e644-45ca-b47e-aa20abfd8b76,7574db7e-87b9-4afc-adae-fe44b67ee8e2,Foundation,10,2025-06-16 07:26:49.674,2025-06-16 07:26:49.674
a0b8940c-96d3-49d1-87d5-d3bc669d1c66,bf996092-8d66-408a-8d8e-5065ca3330c2,f679f4cf-c089-4a2b-9b84-b14129630601,8dd7807e-e644-45ca-b47e-aa20abfd8b76,c05b6b0e-a228-4f43-86f5-9f24b97d578e,Fourth Floor,11,2025-06-16 07:26:49.674,2025-06-16 07:26:49.674
a0b8940c-96d3-49d1-87d5-d3bc669d1c66,bf996092-8d66-408a-8d8e-5065ca3330c2,f679f4cf-c089-4a2b-9b84-b14129630601,8dd7807e-e644-45ca-b47e-aa20abfd8b76,eb95a055-97b6-42e4-be4e-88fa6805211d,G. Floor,12,2025-06-16 07:26:49.674,2025-06-16 07:26:49.674
a0b8940c-96d3-49d1-87d5-d3bc669d1c66,bf996092-8d66-408a-8d8e-5065ca3330c2,f679f4cf-c089-4a2b-9b84-b14129630601,8dd7807e-e644-45ca-b47e-aa20abfd8b76,af12d3b1-c4c5-4a47-9811-a690ba4259d8,Landscape,13,2025-06-16 07:26:49.674,2025-06-16 07:26:49.674
a0b8940c-96d3-49d1-87d5-d3bc669d1c66,bf996092-8d66-408a-8d8e-5065ca3330c2,f679f4cf-c089-4a2b-9b84-b14129630601,8dd7807e-e644-45ca-b47e-aa20abfd8b76,ee0d08ce-5fd5-40eb-ab9d-f365969ffe11,Mezzanine Floor,14,2025-06-16 07:26:49.674,2025-06-16 07:26:49.674
a0b8940c-96d3-49d1-87d5-d3bc669d1c66,bf996092-8d66-408a-8d8e-5065ca3330c2,f679f4cf-c089-4a2b-9b84-b14129630601,8dd7807e-e644-45ca-b47e-aa20abfd8b76,70684a88-3739-4e51-9ceb-2de2d8d34fcf,Mumty Terrace,15,2025-06-16 07:26:49.674,2025-06-16 07:26:49.674
a0b8940c-96d3-49d1-87d5-d3bc669d1c66,bf996092-8d66-408a-8d8e-5065ca3330c2,f679f4cf-c089-4a2b-9b84-b14129630601,8dd7807e-e644-45ca-b47e-aa20abfd8b76,fb36b774-6012-4b60-b2a4-83523bf5c5ce,Nineth Floor,16,2025-06-16 07:26:49.674,2025-06-16 07:26:49.674
a0b8940c-96d3-49d1-87d5-d3bc669d1c66,bf996092-8d66-408a-8d8e-5065ca3330c2,f679f4cf-c089-4a2b-9b84-b14129630601,8dd7807e-e644-45ca-b47e-aa20abfd8b76,23809b45-eb9e-4334-b5ca-fb3e6e25a42f,OHT,17,2025-06-16 07:26:49.674,2025-06-16 07:26:49.674
a0b8940c-96d3-49d1-87d5-d3bc669d1c66,bf996092-8d66-408a-8d8e-5065ca3330c2,f679f4cf-c089-4a2b-9b84-b14129630601,8dd7807e-e644-45ca-b47e-aa20abfd8b76,de07386b-ea14-4eeb-9309-aeee22661965,Railing,18,2025-06-16 07:26:49.674,2025-06-16 07:26:49.674
a0b8940c-96d3-49d1-87d5-d3bc669d1c66,bf996092-8d66-408a-8d8e-5065ca3330c2,f679f4cf-c089-4a2b-9b84-b14129630601,8dd7807e-e644-45ca-b47e-aa20abfd8b76,7fb562dc-bf85-497b-a407-614e9e6140f7,Ramp,19,2025-06-16 07:26:49.674,2025-06-16 07:26:49.674
a0b8940c-96d3-49d1-87d5-d3bc669d1c66,bf996092-8d66-408a-8d8e-5065ca3330c2,f679f4cf-c089-4a2b-9b84-b14129630601,8dd7807e-e644-45ca-b47e-aa20abfd8b76,05b70e82-0683-4dff-b666-9af449386934,Retaining Wall,20,2025-06-16 07:26:49.674,2025-06-16 07:26:49.674
a0b8940c-96d3-49d1-87d5-d3bc669d1c66,bf996092-8d66-408a-8d8e-5065ca3330c2,f679f4cf-c089-4a2b-9b84-b14129630601,8dd7807e-e644-45ca-b47e-aa20abfd8b76,185186ed-f44d-41f3-bb2e-5e31210ceab8,Second Floor,21,2025-06-16 07:26:49.674,2025-06-16 07:26:49.674
a0b8940c-96d3-49d1-87d5-d3bc669d1c66,bf996092-8d66-408a-8d8e-5065ca3330c2,f679f4cf-c089-4a2b-9b84-b14129630601,8dd7807e-e644-45ca-b47e-aa20abfd8b76,f45021a0-6afa-48c9-a901-876d8c09ac7b,Service Floor,22,2025-06-16 07:26:49.674,2025-06-16 07:26:49.674
a0b8940c-96d3-49d1-87d5-d3bc669d1c66,bf996092-8d66-408a-8d8e-5065ca3330c2,f679f4cf-c089-4a2b-9b84-b14129630601,8dd7807e-e644-45ca-b47e-aa20abfd8b76,f502ae7e-fe8d-4471-9591-ac3b7313623c,Seventh Floor,23,2025-06-16 07:26:49.674,2025-06-16 07:26:49.674
a0b8940c-96d3-49d1-87d5-d3bc669d1c66,bf996092-8d66-408a-8d8e-5065ca3330c2,f679f4cf-c089-4a2b-9b84-b14129630601,8dd7807e-e644-45ca-b47e-aa20abfd8b76,4d08b164-ed22-4980-803d-31fa6e7dc690,Sixth Floor,24,2025-06-16 07:26:49.674,2025-06-16 07:26:49.674
a0b8940c-96d3-49d1-87d5-d3bc669d1c66,bf996092-8d66-408a-8d8e-5065ca3330c2,f679f4cf-c089-4a2b-9b84-b14129630601,8dd7807e-e644-45ca-b47e-aa20abfd8b76,45cf4151-d8dd-435e-abec-569832243572,Staircase 1,25,2025-06-16 07:26:49.674,2025-06-16 07:26:49.674
a0b8940c-96d3-49d1-87d5-d3bc669d1c66,bf996092-8d66-408a-8d8e-5065ca3330c2,f679f4cf-c089-4a2b-9b84-b14129630601,8dd7807e-e644-45ca-b47e-aa20abfd8b76,033c2ac8-e0bb-43f0-8435-3081395eeeb3,Staircase 2,26,2025-06-16 07:26:49.674,2025-06-16 07:26:49.674
a0b8940c-96d3-49d1-87d5-d3bc669d1c66,bf996092-8d66-408a-8d8e-5065ca3330c2,f679f4cf-c089-4a2b-9b84-b14129630601,8dd7807e-e644-45ca-b47e-aa20abfd8b76,ec7645cf-51fa-402d-bc0e-a61dd9c08522,Staircase 3,27,2025-06-16 07:26:49.674,2025-06-16 07:26:49.674
a0b8940c-96d3-49d1-87d5-d3bc669d1c66,bf996092-8d66-408a-8d8e-5065ca3330c2,f679f4cf-c089-4a2b-9b84-b14129630601,8dd7807e-e644-45ca-b47e-aa20abfd8b76,52b417c4-0c4a-4fc2-9dca-646b694c76e9,Staircase 4,28,2025-06-16 07:26:49.674,2025-06-16 07:26:49.674
a0b8940c-96d3-49d1-87d5-d3bc669d1c66,bf996092-8d66-408a-8d8e-5065ca3330c2,f679f4cf-c089-4a2b-9b84-b14129630601,8dd7807e-e644-45ca-b47e-aa20abfd8b76,ba075b99-b869-474b-a09a-c1bc28d12d8d,Staircase 5,29,2025-06-16 07:26:49.674,2025-06-16 07:26:49.674
a0b8940c-96d3-49d1-87d5-d3bc669d1c66,bf996092-8d66-408a-8d8e-5065ca3330c2,f679f4cf-c089-4a2b-9b84-b14129630601,8dd7807e-e644-45ca-b47e-aa20abfd8b76,64984477-8a02-41f9-a92e-920bb80f7000,Staircase 6,30,2025-06-16 07:26:49.674,2025-06-16 07:26:49.674
a0b8940c-96d3-49d1-87d5-d3bc669d1c66,bf996092-8d66-408a-8d8e-5065ca3330c2,f679f4cf-c089-4a2b-9b84-b14129630601,8dd7807e-e644-45ca-b47e-aa20abfd8b76,5141246a-4b75-4caa-ac2c-7f55f714834e,Staircase 7,31,2025-06-16 07:26:49.674,2025-06-16 07:26:49.674
a0b8940c-96d3-49d1-87d5-d3bc669d1c66,bf996092-8d66-408a-8d8e-5065ca3330c2,f679f4cf-c089-4a2b-9b84-b14129630601,8dd7807e-e644-45ca-b47e-aa20abfd8b76,889d34b9-a0d4-4ef8-b466-2838bbf94aed,STP,32,2025-06-16 07:26:49.674,2025-06-16 07:26:49.674
a0b8940c-96d3-49d1-87d5-d3bc669d1c66,bf996092-8d66-408a-8d8e-5065ca3330c2,f679f4cf-c089-4a2b-9b84-b14129630601,8dd7807e-e644-45ca-b47e-aa20abfd8b76,afc172b1-4036-4c10-86c4-1045ec1a9e51,Terrace Floor,33,2025-06-16 07:26:49.674,2025-06-16 07:26:49.674
a0b8940c-96d3-49d1-87d5-d3bc669d1c66,bf996092-8d66-408a-8d8e-5065ca3330c2,f679f4cf-c089-4a2b-9b84-b14129630601,8dd7807e-e644-45ca-b47e-aa20abfd8b76,eb2acddb-18d0-4763-994c-d6cf978f85ce,Third Floor,34,2025-06-16 07:26:49.674,2025-06-16 07:26:49.674
a0b8940c-96d3-49d1-87d5-d3bc669d1c66,bf996092-8d66-408a-8d8e-5065ca3330c2,f679f4cf-c089-4a2b-9b84-b14129630601,8dd7807e-e644-45ca-b47e-aa20abfd8b76,ebc2b603-b2c3-4e61-afd1-6ab1710fdcc9,UGT,35,2025-06-16 07:26:49.674,2025-06-16 07:26:49.674
f77bb5b4-0324-4337-a4af-99db6c5b330e,bf996092-8d66-408a-8d8e-5065ca3330c2,ada6015d-9fce-4f2c-b20f-fc9122d2face,,0c76bc8c-df33-4de1-8825-cd7df09232f3,Project,0,2025-02-25 06:04:18.902,2025-02-25 06:04:18.902
f77bb5b4-0324-4337-a4af-99db6c5b330e,bf996092-8d66-408a-8d8e-5065ca3330c2,ada6015d-9fce-4f2c-b20f-fc9122d2face,0c76bc8c-df33-4de1-8825-cd7df09232f3,f0082b67-11b1-434e-b1b3-72fc53ea8ea7,Club,3,2025-02-25 06:25:12.615,2025-02-25 06:25:19.245424
f77bb5b4-0324-4337-a4af-99db6c5b330e,bf996092-8d66-408a-8d8e-5065ca3330c2,ada6015d-9fce-4f2c-b20f-fc9122d2face,0c76bc8c-df33-4de1-8825-cd7df09232f3,ff0d854b-5b56-45fc-87ab-6ee969bbd83d,Integrated Sports Arena,1,2025-02-25 06:22:37.913,2025-02-25 06:26:19.604001
f77bb5b4-0324-4337-a4af-99db6c5b330e,bf996092-8d66-408a-8d8e-5065ca3330c2,ada6015d-9fce-4f2c-b20f-fc9122d2face,0c76bc8c-df33-4de1-8825-cd7df09232f3,a015125e-b466-43c8-a73a-8a430df848f0,Retail & Allied Structure,2,2025-02-25 06:24:52.022,2025-02-25 06:26:19.604001
f77bb5b4-0324-4337-a4af-99db6c5b330e,bf996092-8d66-408a-8d8e-5065ca3330c2,ada6015d-9fce-4f2c-b20f-fc9122d2face,0c76bc8c-df33-4de1-8825-cd7df09232f3,e4115bda-bd83-4545-ac55-98e16412dda5,New Location,4,2025-05-27 10:54:32.203,2025-05-27 10:54:32.203
f77bb5b4-0324-4337-a4af-99db6c5b330e,bf996092-8d66-408a-8d8e-5065ca3330c2,ada6015d-9fce-4f2c-b20f-fc9122d2face,a015125e-b466-43c8-a73a-8a430df848f0,10082042-c56c-49e4-accd-6facdae50a00,Floor1,1,2025-05-27 10:57:24.354,2025-05-27 10:57:34.939809
c6f4a02e-8be0-4d17-b57f-2dd09ce2a5c7,bf996092-8d66-408a-8d8e-5065ca3330c2,5f478d4c-bbba-42cf-9532-4c830f687b31,,5b3688ed-79c7-4ea1-85ec-b9f523f9bb52,Project,0,2025-06-09 07:21:50.135,2025-06-09 07:21:50.135
aec163aa-8087-4707-b79c-9559bd92a4be,bf996092-8d66-408a-8d8e-5065ca3330c2,85aceded-1588-4f99-bfba-6fe212b8cb9a,,6c30d290-4125-40a7-b405-9580a9ab4f60,Project,0,2025-02-18 04:42:16.956,2025-02-18 04:42:16.956
abd9f714-e6e6-42fe-8bb8-cb4568017797,bf996092-8d66-408a-8d8e-5065ca3330c2,b8edcd70-28bb-4319-af76-e8f8c0a1cd67,,70e668f9-1c94-4753-9131-b8773c323d63,Project,0,2025-05-21 10:38:32.659,2025-05-21 10:38:32.659
c5ed0e43-8552-4654-a211-783bba3d16e9,bf996092-8d66-408a-8d8e-5065ca3330c2,f6ab14eb-1a66-4ea5-8a0f-0afbda444403,,26ae3d9a-f4fd-4d4a-b26a-85fd5bce6fd5,Project,0,2025-06-13 11:51:18.331,2025-06-13 11:51:18.331
c5ed0e43-8552-4654-a211-783bba3d16e9,bf996092-8d66-408a-8d8e-5065ca3330c2,f6ab14eb-1a66-4ea5-8a0f-0afbda444403,26ae3d9a-f4fd-4d4a-b26a-85fd5bce6fd5,9345131c-2669-4a60-83d8-42ec834cc2b6,Centre Point-Gomtinagar,0,2025-06-13 11:51:18.331,2025-06-13 11:51:18.331
c5ed0e43-8552-4654-a211-783bba3d16e9,bf996092-8d66-408a-8d8e-5065ca3330c2,f6ab14eb-1a66-4ea5-8a0f-0afbda444403,9345131c-2669-4a60-83d8-42ec834cc2b6,d35f95c9-e560-4c28-9658-091f62e07521,Basement-1,0,2025-06-13 11:51:18.331,2025-06-13 11:51:18.331
c5ed0e43-8552-4654-a211-783bba3d16e9,bf996092-8d66-408a-8d8e-5065ca3330c2,f6ab14eb-1a66-4ea5-8a0f-0afbda444403,9345131c-2669-4a60-83d8-42ec834cc2b6,470dfc8a-76cd-41bd-86e9-c677a70d7b9e,Basement-2,1,2025-06-13 11:51:18.331,2025-06-13 11:51:18.331
c5ed0e43-8552-4654-a211-783bba3d16e9,bf996092-8d66-408a-8d8e-5065ca3330c2,f6ab14eb-1a66-4ea5-8a0f-0afbda444403,9345131c-2669-4a60-83d8-42ec834cc2b6,050a07de-7074-4e65-b1c0-43fef0a8a5b1,Basement-3,2,2025-06-13 11:51:18.331,2025-06-13 11:51:18.331
c5ed0e43-8552-4654-a211-783bba3d16e9,bf996092-8d66-408a-8d8e-5065ca3330c2,f6ab14eb-1a66-4ea5-8a0f-0afbda444403,9345131c-2669-4a60-83d8-42ec834cc2b6,5fa9ca37-13fe-4c41-97f0-64893540efb9,Boundary Wall,3,2025-06-13 11:51:18.331,2025-06-13 11:51:18.331
c5ed0e43-8552-4654-a211-783bba3d16e9,bf996092-8d66-408a-8d8e-5065ca3330c2,f6ab14eb-1a66-4ea5-8a0f-0afbda444403,9345131c-2669-4a60-83d8-42ec834cc2b6,5b534ef1-6889-40cb-bb7c-de22bfdcf629,Canopy,4,2025-06-13 11:51:18.331,2025-06-13 11:51:18.331
c5ed0e43-8552-4654-a211-783bba3d16e9,bf996092-8d66-408a-8d8e-5065ca3330c2,f6ab14eb-1a66-4ea5-8a0f-0afbda444403,9345131c-2669-4a60-83d8-42ec834cc2b6,2a74b279-064f-4ecf-8fae-6c7a2d76e768,Diaphragm Wall,5,2025-06-13 11:51:18.331,2025-06-13 11:51:18.331
c5ed0e43-8552-4654-a211-783bba3d16e9,bf996092-8d66-408a-8d8e-5065ca3330c2,f6ab14eb-1a66-4ea5-8a0f-0afbda444403,9345131c-2669-4a60-83d8-42ec834cc2b6,570b51b8-7554-4f8e-ab9b-64659c099e0d,Eight Floor,6,2025-06-13 11:51:18.331,2025-06-13 11:51:18.331
c5ed0e43-8552-4654-a211-783bba3d16e9,bf996092-8d66-408a-8d8e-5065ca3330c2,f6ab14eb-1a66-4ea5-8a0f-0afbda444403,9345131c-2669-4a60-83d8-42ec834cc2b6,8bf3c0d3-952c-4f64-b052-47688a54e2b8,Elevation,7,2025-06-13 11:51:18.331,2025-06-13 11:51:18.331
c5ed0e43-8552-4654-a211-783bba3d16e9,bf996092-8d66-408a-8d8e-5065ca3330c2,f6ab14eb-1a66-4ea5-8a0f-0afbda444403,9345131c-2669-4a60-83d8-42ec834cc2b6,e46631b4-7d82-43cb-b711-e05129f31a6e,Eleventh Floor,8,2025-06-13 11:51:18.331,2025-06-13 11:51:18.331
c5ed0e43-8552-4654-a211-783bba3d16e9,bf996092-8d66-408a-8d8e-5065ca3330c2,f6ab14eb-1a66-4ea5-8a0f-0afbda444403,9345131c-2669-4a60-83d8-42ec834cc2b6,4ca299bd-189c-4ac3-81ba-47faf88fd4ab,Fifth Floor,9,2025-06-13 11:51:18.331,2025-06-13 11:51:18.331
c5ed0e43-8552-4654-a211-783bba3d16e9,bf996092-8d66-408a-8d8e-5065ca3330c2,f6ab14eb-1a66-4ea5-8a0f-0afbda444403,9345131c-2669-4a60-83d8-42ec834cc2b6,0b5bda04-e7f2-4dfd-8e65-ff6f60d9da94,Firsr Floor,10,2025-06-13 11:51:18.331,2025-06-13 11:51:18.331
c5ed0e43-8552-4654-a211-783bba3d16e9,bf996092-8d66-408a-8d8e-5065ca3330c2,f6ab14eb-1a66-4ea5-8a0f-0afbda444403,9345131c-2669-4a60-83d8-42ec834cc2b6,ea1b2d39-d68d-40e7-b5dd-86a36c56e758,Foundation,11,2025-06-13 11:51:18.331,2025-06-13 11:51:18.331
c5ed0e43-8552-4654-a211-783bba3d16e9,bf996092-8d66-408a-8d8e-5065ca3330c2,f6ab14eb-1a66-4ea5-8a0f-0afbda444403,9345131c-2669-4a60-83d8-42ec834cc2b6,94da3af0-e0d7-4ef7-b8e7-ed75bc2c8dd0,Fourteen Floor,12,2025-06-13 11:51:18.331,2025-06-13 11:51:18.331
c5ed0e43-8552-4654-a211-783bba3d16e9,bf996092-8d66-408a-8d8e-5065ca3330c2,f6ab14eb-1a66-4ea5-8a0f-0afbda444403,9345131c-2669-4a60-83d8-42ec834cc2b6,47f60efb-098d-4cb4-b6b8-26b1b3ab6163,Fourth Floor,13,2025-06-13 11:51:18.331,2025-06-13 11:51:18.331
c5ed0e43-8552-4654-a211-783bba3d16e9,bf996092-8d66-408a-8d8e-5065ca3330c2,f6ab14eb-1a66-4ea5-8a0f-0afbda444403,9345131c-2669-4a60-83d8-42ec834cc2b6,2fec62e4-87d7-4d6c-a822-80128fd947ab,G. Floor,14,2025-06-13 11:51:18.331,2025-06-13 11:51:18.331
c5ed0e43-8552-4654-a211-783bba3d16e9,bf996092-8d66-408a-8d8e-5065ca3330c2,f6ab14eb-1a66-4ea5-8a0f-0afbda444403,9345131c-2669-4a60-83d8-42ec834cc2b6,b6eacf58-b436-446d-abb9-8a89aae99efa,Landscape,15,2025-06-13 11:51:18.331,2025-06-13 11:51:18.331
c5ed0e43-8552-4654-a211-783bba3d16e9,bf996092-8d66-408a-8d8e-5065ca3330c2,f6ab14eb-1a66-4ea5-8a0f-0afbda444403,9345131c-2669-4a60-83d8-42ec834cc2b6,ed869997-ef2c-41f2-8da2-cdab2b3c851b,Mezzanine Floor,16,2025-06-13 11:51:18.331,2025-06-13 11:51:18.331
c5ed0e43-8552-4654-a211-783bba3d16e9,bf996092-8d66-408a-8d8e-5065ca3330c2,f6ab14eb-1a66-4ea5-8a0f-0afbda444403,9345131c-2669-4a60-83d8-42ec834cc2b6,8adfdc55-3699-4c93-858e-fffa887b3ed0,Mumty Terrace,17,2025-06-13 11:51:18.331,2025-06-13 11:51:18.331
c5ed0e43-8552-4654-a211-783bba3d16e9,bf996092-8d66-408a-8d8e-5065ca3330c2,f6ab14eb-1a66-4ea5-8a0f-0afbda444403,9345131c-2669-4a60-83d8-42ec834cc2b6,1a5dd28e-7053-4563-b13b-14310cf48aeb,Nineth Floor,18,2025-06-13 11:51:18.331,2025-06-13 11:51:18.331
c5ed0e43-8552-4654-a211-783bba3d16e9,bf996092-8d66-408a-8d8e-5065ca3330c2,f6ab14eb-1a66-4ea5-8a0f-0afbda444403,9345131c-2669-4a60-83d8-42ec834cc2b6,7bea7eee-e586-43b3-bf16-6e1f485a997d,OHT,19,2025-06-13 11:51:18.331,2025-06-13 11:51:18.331
c5ed0e43-8552-4654-a211-783bba3d16e9,bf996092-8d66-408a-8d8e-5065ca3330c2,f6ab14eb-1a66-4ea5-8a0f-0afbda444403,9345131c-2669-4a60-83d8-42ec834cc2b6,2a59bde0-af2c-4033-8587-28464aac63a9,Railing,20,2025-06-13 11:51:18.331,2025-06-13 11:51:18.331
c5ed0e43-8552-4654-a211-783bba3d16e9,bf996092-8d66-408a-8d8e-5065ca3330c2,f6ab14eb-1a66-4ea5-8a0f-0afbda444403,9345131c-2669-4a60-83d8-42ec834cc2b6,11cb1ce4-72dd-46db-85df-27bfc42a2fe3,Ramp,21,2025-06-13 11:51:18.331,2025-06-13 11:51:18.331
c5ed0e43-8552-4654-a211-783bba3d16e9,bf996092-8d66-408a-8d8e-5065ca3330c2,f6ab14eb-1a66-4ea5-8a0f-0afbda444403,9345131c-2669-4a60-83d8-42ec834cc2b6,10f5a566-94bb-4057-8f55-4c83026c2123,Retaining Wall,22,2025-06-13 11:51:18.331,2025-06-13 11:51:18.331
c5ed0e43-8552-4654-a211-783bba3d16e9,bf996092-8d66-408a-8d8e-5065ca3330c2,f6ab14eb-1a66-4ea5-8a0f-0afbda444403,9345131c-2669-4a60-83d8-42ec834cc2b6,b78228f2-c730-4378-b82b-7a62b299e91c,Second Floor,23,2025-06-13 11:51:18.331,2025-06-13 11:51:18.331
c5ed0e43-8552-4654-a211-783bba3d16e9,bf996092-8d66-408a-8d8e-5065ca3330c2,f6ab14eb-1a66-4ea5-8a0f-0afbda444403,9345131c-2669-4a60-83d8-42ec834cc2b6,78ce4df8-13e6-4c35-92eb-463f50604037,Service Floor,24,2025-06-13 11:51:18.331,2025-06-13 11:51:18.331
c5ed0e43-8552-4654-a211-783bba3d16e9,bf996092-8d66-408a-8d8e-5065ca3330c2,f6ab14eb-1a66-4ea5-8a0f-0afbda444403,9345131c-2669-4a60-83d8-42ec834cc2b6,17ac6532-19c0-4078-9d89-cf56bb009ee6,Seventh Floor,25,2025-06-13 11:51:18.331,2025-06-13 11:51:18.331
c5ed0e43-8552-4654-a211-783bba3d16e9,bf996092-8d66-408a-8d8e-5065ca3330c2,f6ab14eb-1a66-4ea5-8a0f-0afbda444403,9345131c-2669-4a60-83d8-42ec834cc2b6,3d64312a-dd4f-4a0e-a429-1efc1728306e,Sixth Floor,26,2025-06-13 11:51:18.331,2025-06-13 11:51:18.331
c5ed0e43-8552-4654-a211-783bba3d16e9,bf996092-8d66-408a-8d8e-5065ca3330c2,f6ab14eb-1a66-4ea5-8a0f-0afbda444403,9345131c-2669-4a60-83d8-42ec834cc2b6,93ec0bec-c720-434d-9f05-3db327335837,Staircase 1,27,2025-06-13 11:51:18.331,2025-06-13 11:51:18.331
c5ed0e43-8552-4654-a211-783bba3d16e9,bf996092-8d66-408a-8d8e-5065ca3330c2,f6ab14eb-1a66-4ea5-8a0f-0afbda444403,9345131c-2669-4a60-83d8-42ec834cc2b6,2c7ded4c-4142-4f46-97d9-deead75540ce,Staircase 10,28,2025-06-13 11:51:18.331,2025-06-13 11:51:18.331
c5ed0e43-8552-4654-a211-783bba3d16e9,bf996092-8d66-408a-8d8e-5065ca3330c2,f6ab14eb-1a66-4ea5-8a0f-0afbda444403,9345131c-2669-4a60-83d8-42ec834cc2b6,f4879bae-d592-4b2d-9ee9-6420b4234eef,Staircase 11,29,2025-06-13 11:51:18.331,2025-06-13 11:51:18.331
c5ed0e43-8552-4654-a211-783bba3d16e9,bf996092-8d66-408a-8d8e-5065ca3330c2,f6ab14eb-1a66-4ea5-8a0f-0afbda444403,9345131c-2669-4a60-83d8-42ec834cc2b6,1540d936-6c09-47f5-953c-1e463f3bfa67,Staircase 12,30,2025-06-13 11:51:18.331,2025-06-13 11:51:18.331
c5ed0e43-8552-4654-a211-783bba3d16e9,bf996092-8d66-408a-8d8e-5065ca3330c2,f6ab14eb-1a66-4ea5-8a0f-0afbda444403,9345131c-2669-4a60-83d8-42ec834cc2b6,fee8edb8-851a-4faa-9278-6bad2a29f26f,Staircase 2,31,2025-06-13 11:51:18.331,2025-06-13 11:51:18.331
c5ed0e43-8552-4654-a211-783bba3d16e9,bf996092-8d66-408a-8d8e-5065ca3330c2,f6ab14eb-1a66-4ea5-8a0f-0afbda444403,9345131c-2669-4a60-83d8-42ec834cc2b6,c4ae8d59-1a53-4ca0-9e70-fa168418fbd7,Staircase 3,32,2025-06-13 11:51:18.331,2025-06-13 11:51:18.331
c5ed0e43-8552-4654-a211-783bba3d16e9,bf996092-8d66-408a-8d8e-5065ca3330c2,f6ab14eb-1a66-4ea5-8a0f-0afbda444403,9345131c-2669-4a60-83d8-42ec834cc2b6,7550d958-dd66-40c6-a0fd-a75d3bad7622,Staircase 3A,33,2025-06-13 11:51:18.331,2025-06-13 11:51:18.331
c5ed0e43-8552-4654-a211-783bba3d16e9,bf996092-8d66-408a-8d8e-5065ca3330c2,f6ab14eb-1a66-4ea5-8a0f-0afbda444403,9345131c-2669-4a60-83d8-42ec834cc2b6,7a6dc39d-d93e-4f99-af3e-fbf47d577e2f,Staircase 4,34,2025-06-13 11:51:18.331,2025-06-13 11:51:18.331
c5ed0e43-8552-4654-a211-783bba3d16e9,bf996092-8d66-408a-8d8e-5065ca3330c2,f6ab14eb-1a66-4ea5-8a0f-0afbda444403,9345131c-2669-4a60-83d8-42ec834cc2b6,ffe74c68-4a21-43f9-aa88-50396cb42f71,Staircase 4A,35,2025-06-13 11:51:18.331,2025-06-13 11:51:18.331
c5ed0e43-8552-4654-a211-783bba3d16e9,bf996092-8d66-408a-8d8e-5065ca3330c2,f6ab14eb-1a66-4ea5-8a0f-0afbda444403,9345131c-2669-4a60-83d8-42ec834cc2b6,5c5c655d-330a-414a-8033-b5d0eaf329e4,Staircase 5,36,2025-06-13 11:51:18.331,2025-06-13 11:51:18.331
c5ed0e43-8552-4654-a211-783bba3d16e9,bf996092-8d66-408a-8d8e-5065ca3330c2,f6ab14eb-1a66-4ea5-8a0f-0afbda444403,9345131c-2669-4a60-83d8-42ec834cc2b6,897015d9-9095-4dfa-833d-c10531c25523,Staircase 6,37,2025-06-13 11:51:18.331,2025-06-13 11:51:18.331
c5ed0e43-8552-4654-a211-783bba3d16e9,bf996092-8d66-408a-8d8e-5065ca3330c2,f6ab14eb-1a66-4ea5-8a0f-0afbda444403,9345131c-2669-4a60-83d8-42ec834cc2b6,51a95669-f389-40e6-96eb-12e301d58129,Staircase 7,38,2025-06-13 11:51:18.331,2025-06-13 11:51:18.331
c5ed0e43-8552-4654-a211-783bba3d16e9,bf996092-8d66-408a-8d8e-5065ca3330c2,f6ab14eb-1a66-4ea5-8a0f-0afbda444403,9345131c-2669-4a60-83d8-42ec834cc2b6,77ae93fe-60f9-49d2-994e-8b6dc91e0a78,Staircase 7A,39,2025-06-13 11:51:18.331,2025-06-13 11:51:18.331
c5ed0e43-8552-4654-a211-783bba3d16e9,bf996092-8d66-408a-8d8e-5065ca3330c2,f6ab14eb-1a66-4ea5-8a0f-0afbda444403,9345131c-2669-4a60-83d8-42ec834cc2b6,dd76ef31-93cc-4916-93f1-41a44203f7c8,Staircase 8,40,2025-06-13 11:51:18.331,2025-06-13 11:51:18.331
c5ed0e43-8552-4654-a211-783bba3d16e9,bf996092-8d66-408a-8d8e-5065ca3330c2,f6ab14eb-1a66-4ea5-8a0f-0afbda444403,9345131c-2669-4a60-83d8-42ec834cc2b6,87a17488-810c-412f-81fe-90454d8158c7,Staircase 9,41,2025-06-13 11:51:18.331,2025-06-13 11:51:18.331
c5ed0e43-8552-4654-a211-783bba3d16e9,bf996092-8d66-408a-8d8e-5065ca3330c2,f6ab14eb-1a66-4ea5-8a0f-0afbda444403,9345131c-2669-4a60-83d8-42ec834cc2b6,44d64b61-c4f2-44c2-b3af-4049ca17217e,STP,42,2025-06-13 11:51:18.331,2025-06-13 11:51:18.331
c5ed0e43-8552-4654-a211-783bba3d16e9,bf996092-8d66-408a-8d8e-5065ca3330c2,f6ab14eb-1a66-4ea5-8a0f-0afbda444403,9345131c-2669-4a60-83d8-42ec834cc2b6,ac19659a-0214-4977-9c49-d2028b1d6a4b,Tenth Floor,43,2025-06-13 11:51:18.331,2025-06-13 11:51:18.331
c5ed0e43-8552-4654-a211-783bba3d16e9,bf996092-8d66-408a-8d8e-5065ca3330c2,f6ab14eb-1a66-4ea5-8a0f-0afbda444403,9345131c-2669-4a60-83d8-42ec834cc2b6,db0b56f7-ba32-4a83-8148-668fb51e0df4,Terrace Floor,44,2025-06-13 11:51:18.331,2025-06-13 11:51:18.331
c5ed0e43-8552-4654-a211-783bba3d16e9,bf996092-8d66-408a-8d8e-5065ca3330c2,f6ab14eb-1a66-4ea5-8a0f-0afbda444403,9345131c-2669-4a60-83d8-42ec834cc2b6,5faf0e38-9352-413a-82fc-3f3ebb5f4171,Third Floor,45,2025-06-13 11:51:18.331,2025-06-13 11:51:18.331
c5ed0e43-8552-4654-a211-783bba3d16e9,bf996092-8d66-408a-8d8e-5065ca3330c2,f6ab14eb-1a66-4ea5-8a0f-0afbda444403,9345131c-2669-4a60-83d8-42ec834cc2b6,a98745a6-af51-4be3-b93b-746c53ee10f2,Thirteen Floor,46,2025-06-13 11:51:18.331,2025-06-13 11:51:18.331
c5ed0e43-8552-4654-a211-783bba3d16e9,bf996092-8d66-408a-8d8e-5065ca3330c2,f6ab14eb-1a66-4ea5-8a0f-0afbda444403,9345131c-2669-4a60-83d8-42ec834cc2b6,dc8bc5ac-4f58-48c9-ac92-6a3fc9b315aa,Twelfth Floor,47,2025-06-13 11:51:18.331,2025-06-13 11:51:18.331
c5ed0e43-8552-4654-a211-783bba3d16e9,bf996092-8d66-408a-8d8e-5065ca3330c2,f6ab14eb-1a66-4ea5-8a0f-0afbda444403,9345131c-2669-4a60-83d8-42ec834cc2b6,e707e6ad-a013-47a2-9220-2efe5d5efa5b,UGT,48,2025-06-13 11:51:18.331,2025-06-13 11:51:18.331
66e2dcce-4a08-4104-8bda-4d211093661c,bf996092-8d66-408a-8d8e-5065ca3330c2,2407fb98-b0ae-4470-944d-73b14ccc6347,,a1a62846-c060-44e3-8a15-fc9fae340ad1,Project,0,2025-05-21 11:29:32.739,2025-05-21 11:29:32.739
35d48c7b-500f-4d56-bce8-d8e4337a0fd3,bf996092-8d66-408a-8d8e-5065ca3330c2,94e46603-a987-42b3-b038-c708d5b5044f,,eb26d3b3-f6c9-4180-94dc-10ddbb2586b3,Project,0,2025-05-30 11:50:12.331,2025-05-30 11:50:12.331
6d777fea-1b3f-46de-9513-eebc4212e792,bf996092-8d66-408a-8d8e-5065ca3330c2,e9b596f2-48ee-419b-a199-da304b38c398,,86207761-8a7b-4485-b468-febf03bc1fc1,Project,0,2025-06-16 04:52:11.446,2025-06-16 04:52:11.446
6d777fea-1b3f-46de-9513-eebc4212e792,bf996092-8d66-408a-8d8e-5065ca3330c2,e9b596f2-48ee-419b-a199-da304b38c398,86207761-8a7b-4485-b468-febf03bc1fc1,015dc965-3134-4946-89b5-b58f83e585ce,Centre Point-Prayagraj,0,2025-06-16 04:52:11.446,2025-06-16 04:52:11.446
6d777fea-1b3f-46de-9513-eebc4212e792,bf996092-8d66-408a-8d8e-5065ca3330c2,e9b596f2-48ee-419b-a199-da304b38c398,015dc965-3134-4946-89b5-b58f83e585ce,f235aeb6-e926-472d-bc40-b32b5ada618d,Basement-1,0,2025-06-16 04:52:11.446,2025-06-16 04:52:11.446
6d777fea-1b3f-46de-9513-eebc4212e792,bf996092-8d66-408a-8d8e-5065ca3330c2,e9b596f2-48ee-419b-a199-da304b38c398,015dc965-3134-4946-89b5-b58f83e585ce,df72dd42-995e-4c3f-b832-e971bf3f4b15,Basement-2,1,2025-06-16 04:52:11.446,2025-06-16 04:52:11.446
6d777fea-1b3f-46de-9513-eebc4212e792,bf996092-8d66-408a-8d8e-5065ca3330c2,e9b596f2-48ee-419b-a199-da304b38c398,015dc965-3134-4946-89b5-b58f83e585ce,52ae63c4-ca72-4677-af1c-fcf485053700,Basement-3,2,2025-06-16 04:52:11.446,2025-06-16 04:52:11.446
6d777fea-1b3f-46de-9513-eebc4212e792,bf996092-8d66-408a-8d8e-5065ca3330c2,e9b596f2-48ee-419b-a199-da304b38c398,015dc965-3134-4946-89b5-b58f83e585ce,090eadde-518c-490e-a06e-e2429b254279,Boundary Wall,3,2025-06-16 04:52:11.446,2025-06-16 04:52:11.446
6d777fea-1b3f-46de-9513-eebc4212e792,bf996092-8d66-408a-8d8e-5065ca3330c2,e9b596f2-48ee-419b-a199-da304b38c398,015dc965-3134-4946-89b5-b58f83e585ce,3f4a3baa-7042-4edb-871e-3cc094778833,Canopy,4,2025-06-16 04:52:11.446,2025-06-16 04:52:11.446
6d777fea-1b3f-46de-9513-eebc4212e792,bf996092-8d66-408a-8d8e-5065ca3330c2,e9b596f2-48ee-419b-a199-da304b38c398,015dc965-3134-4946-89b5-b58f83e585ce,d6f52351-37a8-4a19-9347-ecf0640004a5,Diaphragm Wall,5,2025-06-16 04:52:11.446,2025-06-16 04:52:11.446
6d777fea-1b3f-46de-9513-eebc4212e792,bf996092-8d66-408a-8d8e-5065ca3330c2,e9b596f2-48ee-419b-a199-da304b38c398,015dc965-3134-4946-89b5-b58f83e585ce,ae6af633-68c8-4cf1-86ab-fab3fee91ffc,Eight Floor,6,2025-06-16 04:52:11.446,2025-06-16 04:52:11.446
6d777fea-1b3f-46de-9513-eebc4212e792,bf996092-8d66-408a-8d8e-5065ca3330c2,e9b596f2-48ee-419b-a199-da304b38c398,015dc965-3134-4946-89b5-b58f83e585ce,a98846cf-5aa0-451a-8277-8607af8150ef,Elevation,7,2025-06-16 04:52:11.446,2025-06-16 04:52:11.446
6d777fea-1b3f-46de-9513-eebc4212e792,bf996092-8d66-408a-8d8e-5065ca3330c2,e9b596f2-48ee-419b-a199-da304b38c398,015dc965-3134-4946-89b5-b58f83e585ce,9548e70c-b393-444e-9fce-4323d6aef639,Eleventh Floor,8,2025-06-16 04:52:11.446,2025-06-16 04:52:11.446
6d777fea-1b3f-46de-9513-eebc4212e792,bf996092-8d66-408a-8d8e-5065ca3330c2,e9b596f2-48ee-419b-a199-da304b38c398,015dc965-3134-4946-89b5-b58f83e585ce,77f9af2d-18a8-4ec0-ab7f-b12bc2bb11a9,Fifth Floor,9,2025-06-16 04:52:11.446,2025-06-16 04:52:11.446
91163e46-27c0-495f-a05e-f3d5887fa79b,bf996092-8d66-408a-8d8e-5065ca3330c2,77d5fb8c-5d83-4fa8-8c81-169306f7a8f7,78e06254-4c4b-42e8-82dd-700a80bf40e8,318f3f5c-9bdd-45fe-9403-bb322390a681,8th Floor Level,12,2025-03-20 05:18:32.432,2025-03-20 05:18:32.432
91163e46-27c0-495f-a05e-f3d5887fa79b,bf996092-8d66-408a-8d8e-5065ca3330c2,77d5fb8c-5d83-4fa8-8c81-169306f7a8f7,78e06254-4c4b-42e8-82dd-700a80bf40e8,366e5a33-c223-47c7-a19d-85efb6ebb3b3,9th Floor Level,13,2025-03-20 05:18:32.432,2025-03-20 05:18:32.432
91163e46-27c0-495f-a05e-f3d5887fa79b,bf996092-8d66-408a-8d8e-5065ca3330c2,77d5fb8c-5d83-4fa8-8c81-169306f7a8f7,78e06254-4c4b-42e8-82dd-700a80bf40e8,c37ede68-1711-4d6b-b892-133d3f37f548,Terrace Floor Level,14,2025-03-20 05:18:32.432,2025-03-20 05:18:32.432
91163e46-27c0-495f-a05e-f3d5887fa79b,bf996092-8d66-408a-8d8e-5065ca3330c2,77d5fb8c-5d83-4fa8-8c81-169306f7a8f7,78e06254-4c4b-42e8-82dd-700a80bf40e8,052f7224-58ea-45dd-96dd-a081b100df8e,Mumty Level,15,2025-03-20 05:18:32.432,2025-03-20 05:18:32.432
09efc8bb-dcf5-4881-97a5-97424ba262ee,bf996092-8d66-408a-8d8e-5065ca3330c2,a53412bd-7461-4097-8404-e9dca9bf8ebe,,758cc4d3-e498-4688-8004-5844d9ae4af3,Project,0,2025-06-10 11:53:23.403,2025-06-10 11:53:23.403
10680964-4fd6-4f43-a99e-4023dc6623c9,bf996092-8d66-408a-8d8e-5065ca3330c2,61c6206e-6e04-428a-836e-f68959d2a057,,94750834-07a6-4f87-9724-5375bd4b806a,Project,0,2025-07-16 11:22:47.253,2025-07-16 11:22:47.253
6d777fea-1b3f-46de-9513-eebc4212e792,bf996092-8d66-408a-8d8e-5065ca3330c2,e9b596f2-48ee-419b-a199-da304b38c398,015dc965-3134-4946-89b5-b58f83e585ce,f436dc01-f664-47a8-abf6-6fa289476fc7,Firsr Floor,10,2025-06-16 04:52:11.446,2025-06-16 04:52:11.446
6d777fea-1b3f-46de-9513-eebc4212e792,bf996092-8d66-408a-8d8e-5065ca3330c2,e9b596f2-48ee-419b-a199-da304b38c398,015dc965-3134-4946-89b5-b58f83e585ce,64f49528-501a-43f5-90a9-c67265982ddf,Foundation,11,2025-06-16 04:52:11.446,2025-06-16 04:52:11.446
6d777fea-1b3f-46de-9513-eebc4212e792,bf996092-8d66-408a-8d8e-5065ca3330c2,e9b596f2-48ee-419b-a199-da304b38c398,015dc965-3134-4946-89b5-b58f83e585ce,654a4276-9bf2-4b8d-b1e1-6a7c9199c837,Fourth Floor,12,2025-06-16 04:52:11.446,2025-06-16 04:52:11.446
6d777fea-1b3f-46de-9513-eebc4212e792,bf996092-8d66-408a-8d8e-5065ca3330c2,e9b596f2-48ee-419b-a199-da304b38c398,015dc965-3134-4946-89b5-b58f83e585ce,4afa8487-2191-4f19-a36c-67ad99e7c461,G. Floor,13,2025-06-16 04:52:11.446,2025-06-16 04:52:11.446
6d777fea-1b3f-46de-9513-eebc4212e792,bf996092-8d66-408a-8d8e-5065ca3330c2,e9b596f2-48ee-419b-a199-da304b38c398,015dc965-3134-4946-89b5-b58f83e585ce,cd86ce0f-b302-4786-813c-2eedc36fecaa,Landscape,14,2025-06-16 04:52:11.446,2025-06-16 04:52:11.446
6d777fea-1b3f-46de-9513-eebc4212e792,bf996092-8d66-408a-8d8e-5065ca3330c2,e9b596f2-48ee-419b-a199-da304b38c398,015dc965-3134-4946-89b5-b58f83e585ce,c1ce0ad4-bce7-4ee2-b796-f9597ea7f746,Mezzanine Floor,15,2025-06-16 04:52:11.446,2025-06-16 04:52:11.446
6d777fea-1b3f-46de-9513-eebc4212e792,bf996092-8d66-408a-8d8e-5065ca3330c2,e9b596f2-48ee-419b-a199-da304b38c398,015dc965-3134-4946-89b5-b58f83e585ce,b85f82e3-38d1-4a45-99d1-022fef5dc735,Mumty Terrace,16,2025-06-16 04:52:11.446,2025-06-16 04:52:11.446
6d777fea-1b3f-46de-9513-eebc4212e792,bf996092-8d66-408a-8d8e-5065ca3330c2,e9b596f2-48ee-419b-a199-da304b38c398,015dc965-3134-4946-89b5-b58f83e585ce,5cbb7304-e4b9-44e5-8f85-15b0f74c3131,Nineth Floor,17,2025-06-16 04:52:11.446,2025-06-16 04:52:11.446
6d777fea-1b3f-46de-9513-eebc4212e792,bf996092-8d66-408a-8d8e-5065ca3330c2,e9b596f2-48ee-419b-a199-da304b38c398,015dc965-3134-4946-89b5-b58f83e585ce,d2025785-69ad-48a3-8eb8-0388249a4a32,OHT,18,2025-06-16 04:52:11.446,2025-06-16 04:52:11.446
6d777fea-1b3f-46de-9513-eebc4212e792,bf996092-8d66-408a-8d8e-5065ca3330c2,e9b596f2-48ee-419b-a199-da304b38c398,015dc965-3134-4946-89b5-b58f83e585ce,89567a4f-db0d-4a9d-8632-300734909fd3,Railing,19,2025-06-16 04:52:11.446,2025-06-16 04:52:11.446
6d777fea-1b3f-46de-9513-eebc4212e792,bf996092-8d66-408a-8d8e-5065ca3330c2,e9b596f2-48ee-419b-a199-da304b38c398,015dc965-3134-4946-89b5-b58f83e585ce,26b61336-a408-4a7d-911a-dafbf648ee62,Ramp,20,2025-06-16 04:52:11.446,2025-06-16 04:52:11.446
6d777fea-1b3f-46de-9513-eebc4212e792,bf996092-8d66-408a-8d8e-5065ca3330c2,e9b596f2-48ee-419b-a199-da304b38c398,015dc965-3134-4946-89b5-b58f83e585ce,d121ccf6-116f-4be6-81cb-4f4c7ac85353,Retaining Wall,21,2025-06-16 04:52:11.446,2025-06-16 04:52:11.446
6d777fea-1b3f-46de-9513-eebc4212e792,bf996092-8d66-408a-8d8e-5065ca3330c2,e9b596f2-48ee-419b-a199-da304b38c398,015dc965-3134-4946-89b5-b58f83e585ce,a4e3f0d9-69ce-42e5-bc28-605f3d97612e,Second Floor,22,2025-06-16 04:52:11.446,2025-06-16 04:52:11.446
6d777fea-1b3f-46de-9513-eebc4212e792,bf996092-8d66-408a-8d8e-5065ca3330c2,e9b596f2-48ee-419b-a199-da304b38c398,015dc965-3134-4946-89b5-b58f83e585ce,630f4d76-4290-4ccd-94d4-c1a2b69e798d,Service Floor,23,2025-06-16 04:52:11.446,2025-06-16 04:52:11.446
6d777fea-1b3f-46de-9513-eebc4212e792,bf996092-8d66-408a-8d8e-5065ca3330c2,e9b596f2-48ee-419b-a199-da304b38c398,015dc965-3134-4946-89b5-b58f83e585ce,5c6f5343-91d7-40e5-8357-36c0a02b5421,Seventh Floor,24,2025-06-16 04:52:11.446,2025-06-16 04:52:11.446
6d777fea-1b3f-46de-9513-eebc4212e792,bf996092-8d66-408a-8d8e-5065ca3330c2,e9b596f2-48ee-419b-a199-da304b38c398,015dc965-3134-4946-89b5-b58f83e585ce,5bd43ec7-1657-46cf-bf4a-88d0aaee27a4,Sixth Floor,25,2025-06-16 04:52:11.446,2025-06-16 04:52:11.446
6d777fea-1b3f-46de-9513-eebc4212e792,bf996092-8d66-408a-8d8e-5065ca3330c2,e9b596f2-48ee-419b-a199-da304b38c398,015dc965-3134-4946-89b5-b58f83e585ce,4aeffbda-f8a2-490d-b16e-4ac443436df5,Staircase 1,26,2025-06-16 04:52:11.446,2025-06-16 04:52:11.446
6d777fea-1b3f-46de-9513-eebc4212e792,bf996092-8d66-408a-8d8e-5065ca3330c2,e9b596f2-48ee-419b-a199-da304b38c398,015dc965-3134-4946-89b5-b58f83e585ce,48615b0d-0388-467c-b6cc-1c8bf2462b47,Staircase 10,27,2025-06-16 04:52:11.446,2025-06-16 04:52:11.446
6d777fea-1b3f-46de-9513-eebc4212e792,bf996092-8d66-408a-8d8e-5065ca3330c2,e9b596f2-48ee-419b-a199-da304b38c398,015dc965-3134-4946-89b5-b58f83e585ce,a3c4f6a8-c52b-4d51-b115-059378535bb4,Staircase 2,28,2025-06-16 04:52:11.446,2025-06-16 04:52:11.446
6d777fea-1b3f-46de-9513-eebc4212e792,bf996092-8d66-408a-8d8e-5065ca3330c2,e9b596f2-48ee-419b-a199-da304b38c398,015dc965-3134-4946-89b5-b58f83e585ce,f0678b01-ffa3-4337-9f6b-97bd4ee42ffe,Staircase 3,29,2025-06-16 04:52:11.446,2025-06-16 04:52:11.446
6d777fea-1b3f-46de-9513-eebc4212e792,bf996092-8d66-408a-8d8e-5065ca3330c2,e9b596f2-48ee-419b-a199-da304b38c398,015dc965-3134-4946-89b5-b58f83e585ce,c046776a-1c14-4ec0-8284-50185767fea6,Staircase 4,30,2025-06-16 04:52:11.446,2025-06-16 04:52:11.446
6d777fea-1b3f-46de-9513-eebc4212e792,bf996092-8d66-408a-8d8e-5065ca3330c2,e9b596f2-48ee-419b-a199-da304b38c398,015dc965-3134-4946-89b5-b58f83e585ce,8d7a190c-ebf6-42a5-a940-497a0e3ce2e3,Staircase 5,31,2025-06-16 04:52:11.446,2025-06-16 04:52:11.446
6d777fea-1b3f-46de-9513-eebc4212e792,bf996092-8d66-408a-8d8e-5065ca3330c2,e9b596f2-48ee-419b-a199-da304b38c398,015dc965-3134-4946-89b5-b58f83e585ce,fe530368-fa8b-496a-8228-9aa966d74053,Staircase 6,32,2025-06-16 04:52:11.446,2025-06-16 04:52:11.446
6d777fea-1b3f-46de-9513-eebc4212e792,bf996092-8d66-408a-8d8e-5065ca3330c2,e9b596f2-48ee-419b-a199-da304b38c398,015dc965-3134-4946-89b5-b58f83e585ce,ca67aebb-70f2-4c66-85a6-98f22d11be8b,Staircase 7,33,2025-06-16 04:52:11.446,2025-06-16 04:52:11.446
6d777fea-1b3f-46de-9513-eebc4212e792,bf996092-8d66-408a-8d8e-5065ca3330c2,e9b596f2-48ee-419b-a199-da304b38c398,015dc965-3134-4946-89b5-b58f83e585ce,a8ded025-7690-493a-a149-cfb6470051c7,Staircase 8,34,2025-06-16 04:52:11.446,2025-06-16 04:52:11.446
6d777fea-1b3f-46de-9513-eebc4212e792,bf996092-8d66-408a-8d8e-5065ca3330c2,e9b596f2-48ee-419b-a199-da304b38c398,015dc965-3134-4946-89b5-b58f83e585ce,7cadaf0c-7da1-4956-9458-3190f55fedd5,Staircase 9,35,2025-06-16 04:52:11.446,2025-06-16 04:52:11.446
6d777fea-1b3f-46de-9513-eebc4212e792,bf996092-8d66-408a-8d8e-5065ca3330c2,e9b596f2-48ee-419b-a199-da304b38c398,015dc965-3134-4946-89b5-b58f83e585ce,62dbfece-8e06-4dbd-9979-62740353cb44,STP,36,2025-06-16 04:52:11.446,2025-06-16 04:52:11.446
6d777fea-1b3f-46de-9513-eebc4212e792,bf996092-8d66-408a-8d8e-5065ca3330c2,e9b596f2-48ee-419b-a199-da304b38c398,015dc965-3134-4946-89b5-b58f83e585ce,7f1d89cc-930e-46c2-b0f8-e99de63eec32,Tenth Floor,37,2025-06-16 04:52:11.446,2025-06-16 04:52:11.446
6d777fea-1b3f-46de-9513-eebc4212e792,bf996092-8d66-408a-8d8e-5065ca3330c2,e9b596f2-48ee-419b-a199-da304b38c398,015dc965-3134-4946-89b5-b58f83e585ce,91163df8-ede4-4fe3-a7e2-a7815b29ac4d,Terrace Floor,38,2025-06-16 04:52:11.446,2025-06-16 04:52:11.446
6d777fea-1b3f-46de-9513-eebc4212e792,bf996092-8d66-408a-8d8e-5065ca3330c2,e9b596f2-48ee-419b-a199-da304b38c398,015dc965-3134-4946-89b5-b58f83e585ce,fbdba028-91dd-4d59-b8be-b6abd0194681,Third Floor,39,2025-06-16 04:52:11.446,2025-06-16 04:52:11.446
6d777fea-1b3f-46de-9513-eebc4212e792,bf996092-8d66-408a-8d8e-5065ca3330c2,e9b596f2-48ee-419b-a199-da304b38c398,015dc965-3134-4946-89b5-b58f83e585ce,c54d4fcf-4090-4d1a-b0ce-60fa4f81358a,Thirteen Floor,40,2025-06-16 04:52:11.446,2025-06-16 04:52:11.446
6d777fea-1b3f-46de-9513-eebc4212e792,bf996092-8d66-408a-8d8e-5065ca3330c2,e9b596f2-48ee-419b-a199-da304b38c398,015dc965-3134-4946-89b5-b58f83e585ce,95f9cd3f-48bc-438d-8ab7-7a8a2b2eebdf,Twelfth Floor,41,2025-06-16 04:52:11.446,2025-06-16 04:52:11.446
6d777fea-1b3f-46de-9513-eebc4212e792,bf996092-8d66-408a-8d8e-5065ca3330c2,e9b596f2-48ee-419b-a199-da304b38c398,015dc965-3134-4946-89b5-b58f83e585ce,62c1f1b2-1325-4f9e-ad3c-59f2734db6c7,UGT,42,2025-06-16 04:52:11.446,2025-06-16 04:52:11.446
f05f36b4-5652-4be6-bf00-f744da334958,bf996092-8d66-408a-8d8e-5065ca3330c2,cbee6c17-cdf8-4f2c-89c3-d6d9d738603e,,1aaa1cbc-44f0-4b02-87c1-3493fce817eb,Project,0,2025-05-31 06:56:32.593,2025-05-31 06:56:32.593
