bim360_account_id,bim360_project_id,uid,surface_uid,name,promotable,surface_type,base_entity_urn,base_entity_uid
bf996092-8d66-408a-8d8e-5065ca3330c2,ada6015d-9fce-4f2c-b20f-fc9122d2face,f5a2e701-62f0-4016-aded-038d9d606a73,73a74776-96f8-3323-99f9-5765dabf5fb9,_autolinks-ce597307-d571-435a-8fff-d45379ac3256,f,acc_sheet,,73a74776-96f8-3323-99f9-5765dabf5fb9
bf996092-8d66-408a-8d8e-5065ca3330c2,ada6015d-9fce-4f2c-b20f-fc9122d2face,b6c01ac7-d725-41b7-a840-e2f14babd53d,e70420e8-3b50-31d6-bc45-e1322eb7f023,_autolinks-4e93cbb9-98ac-48ee-8d34-3d148ae193a1,f,acc_sheet,,e70420e8-3b50-31d6-bc45-e1322eb7f023
bf996092-8d66-408a-8d8e-5065ca3330c2,ada6015d-9fce-4f2c-b20f-fc9122d2face,3fb8811a-6f35-42a7-9e67-efacf67a28c6,4756e378-d3ca-30a5-893f-1ed0c020dd1a,_autolinks-919466a2-e699-4c33-b1b2-9f4c2e42cf0b,f,acc_sheet,,4756e378-d3ca-30a5-893f-1ed0c020dd1a
bf996092-8d66-408a-8d8e-5065ca3330c2,ada6015d-9fce-4f2c-b20f-fc9122d2face,48a5f791-d7ce-4fc6-b4e5-d1366b9184ff,49552571-699a-5cac-95b4-d43706691203,,t,acc_document,urn:adsk.wipprod:fs.file:vf.FOUCg8IORF2enIpPUzyneQ?version=2,c7d701fb-03c9-4f54-a7e7-a24b34cbfaf3
bf996092-8d66-408a-8d8e-5065ca3330c2,ada6015d-9fce-4f2c-b20f-fc9122d2face,a5391b50-7f56-4b90-b0eb-ad8b1141984a,e3116e1b-5108-5d1c-ad16-c3c28f6bd7c7,,t,acc_document,urn:adsk.wipprod:fs.file:vf.80rnVG0dQlm12R-OQUv3FA?version=1,84ba09f8-cee5-49e0-9b3f-2ef81484bc65
bf996092-8d66-408a-8d8e-5065ca3330c2,ada6015d-9fce-4f2c-b20f-fc9122d2face,b96d0146-aaec-4dec-8b21-231df6ea9060,76ed68ad-7116-5e17-b599-58b5df471c10,,t,acc_document,urn:adsk.wipprod:fs.file:vf.SU5Jc0igTvqoHOUoz3j_nw?version=1,ad4918f0-5e22-4b3c-93c1-0d37935f6a86
bf996092-8d66-408a-8d8e-5065ca3330c2,ada6015d-9fce-4f2c-b20f-fc9122d2face,6ed5209a-32c7-4aae-b6d2-75e2bd9cb8da,1da9c894-8260-3cc0-b1d6-5d224fa60bf8,_autolinks-e8362819-794a-4264-b35b-c64fdb06bb9c,f,acc_sheet,,1da9c894-8260-3cc0-b1d6-5d224fa60bf8
bf996092-8d66-408a-8d8e-5065ca3330c2,ada6015d-9fce-4f2c-b20f-fc9122d2face,b9469852-eb9e-41c5-8288-92babd126c31,7b3b6229-6cc9-3bf6-8958-aedacf8dd0f1,_autolinks-1c13eab2-9ef3-474e-b254-ef160b9ba593,f,acc_sheet,,7b3b6229-6cc9-3bf6-8958-aedacf8dd0f1
bf996092-8d66-408a-8d8e-5065ca3330c2,ada6015d-9fce-4f2c-b20f-fc9122d2face,e5848889-f769-49ce-9b59-51b86f03a543,c69462d8-3f78-3002-baef-0f4a6822705e,_autolinks-e59809d9-49a7-4fd4-b160-55afc38b0c22,f,acc_sheet,,c69462d8-3f78-3002-baef-0f4a6822705e
bf996092-8d66-408a-8d8e-5065ca3330c2,ada6015d-9fce-4f2c-b20f-fc9122d2face,3f207e22-ae21-4145-8897-e179dcbfbf81,2784b45e-4b87-5d79-9775-c423951dda77,,t,acc_document,urn:adsk.wipprod:fs.file:vf.ggzoWCGnTq6h14lFDz9FPA?version=1,ee9f2adf-2e1c-4941-a25a-6246630a944b
bf996092-8d66-408a-8d8e-5065ca3330c2,23142979-9fb6-4fd3-bd82-62d7e0add75f,ada34356-3ae7-4186-9444-992e39b84ed1,4c2b3f75-c920-5b43-bb94-208dfd534df3,,t,acc_document,urn:adsk.wipprod:fs.file:vf.fXJqxv1gSBWsgqxgSHrtug?version=1,5a9136ba-b5c5-4ba3-80aa-d0b2a94ae8d8
bf996092-8d66-408a-8d8e-5065ca3330c2,ada6015d-9fce-4f2c-b20f-fc9122d2face,fdced64b-3332-4d8a-a4af-f3a8af1b1ca1,0103129b-0cc8-5843-bd1b-851588117970,,t,acc_document,urn:adsk.wipprod:fs.file:vf.ZH-_R0GUQ6GpNaHmzdNwtA?version=2,12310b6a-8321-48f2-9b2a-f5d82a255bee
bf996092-8d66-408a-8d8e-5065ca3330c2,ada6015d-9fce-4f2c-b20f-fc9122d2face,211367e0-91e9-438e-a3f8-a15a54bf2613,f55f35ef-e09f-3aa7-bc6f-ba7d20b07508,_autolinks-db1322e3-fdad-47eb-a436-5a6c36df7c3e,f,acc_sheet,,f55f35ef-e09f-3aa7-bc6f-ba7d20b07508
bf996092-8d66-408a-8d8e-5065ca3330c2,2f551e7d-05e6-4bfc-8ee1-0ef3a8487c11,bfaadbc5-d4b6-4097-9777-7f90c78e3736,3a434984-a552-59d1-83b0-74f3d49fb3ba,,t,acc_document,urn:adsk.wipprod:fs.file:vf.SOCtJrdXSHeauy6ljRoKHg?version=1,55bd7e79-36a8-481b-a972-baa763897e0d
bf996092-8d66-408a-8d8e-5065ca3330c2,ada6015d-9fce-4f2c-b20f-fc9122d2face,9f48f366-c32d-467c-8bb1-449ccff6aa93,564390d1-ab4f-3b09-92b7-438ae0c7fa55,_autolinks-2975e66d-f056-4282-aa3c-2cee12aec4a4,f,acc_sheet,,564390d1-ab4f-3b09-92b7-438ae0c7fa55
bf996092-8d66-408a-8d8e-5065ca3330c2,ada6015d-9fce-4f2c-b20f-fc9122d2face,07d5bf6d-aabe-4748-99ad-94b21f24abc2,d0816a78-c98a-596a-99fe-57d166087742,,t,acc_document,urn:adsk.wipprod:fs.file:vf.oaTOWeuQSdeyU-wSucRkjw?version=1,306bdda2-39d0-4530-941d-b4155f649188
bf996092-8d66-408a-8d8e-5065ca3330c2,ada6015d-9fce-4f2c-b20f-fc9122d2face,c66076ac-a1b9-4f50-b055-368e2cc9519d,1c8b5110-46e7-3855-9e39-2aa190d65492,_autolinks-8c4b78af-a616-403c-976a-102e828c9d95,f,acc_sheet,,1c8b5110-46e7-3855-9e39-2aa190d65492
bf996092-8d66-408a-8d8e-5065ca3330c2,23142979-9fb6-4fd3-bd82-62d7e0add75f,071e47ce-08d9-42c3-81ef-6efe64a3af1b,3ae29d6e-3083-5ecb-b0b5-5d4e1d889200,,t,acc_document,urn:adsk.wipprod:fs.file:vf.viV2QHL4QYKLH28Az_1jXA?version=1,6e8a4871-b3e6-40ee-94f5-904917a821f1
bf996092-8d66-408a-8d8e-5065ca3330c2,ada6015d-9fce-4f2c-b20f-fc9122d2face,a9515d77-91a5-4112-aad9-381651176143,0fcb2854-1e8a-3fb2-8d10-f01a120323d6,_autolinks-012908c4-7af2-44ab-9a69-df3d6e5a4cbe,f,acc_sheet,,0fcb2854-1e8a-3fb2-8d10-f01a120323d6
bf996092-8d66-408a-8d8e-5065ca3330c2,ada6015d-9fce-4f2c-b20f-fc9122d2face,d7adc4d0-9526-4b70-8d80-60fcf134e45f,c2fc0821-2f90-37f7-bf48-d925e02622a9,_autolinks-208b114c-584e-4257-b6a0-3ae196593e1d,f,acc_sheet,,c2fc0821-2f90-37f7-bf48-d925e02622a9
bf996092-8d66-408a-8d8e-5065ca3330c2,ada6015d-9fce-4f2c-b20f-fc9122d2face,29f31878-09be-408c-8cf5-7748b9d1d944,a2446745-2f95-5da2-95ae-d5ad96905a55,,t,acc_document,urn:adsk.wipprod:fs.file:vf.q5pTqM6HQM6Tder5-DGQcw?version=1,56819b67-6833-4414-ac87-2844d1f57892
bf996092-8d66-408a-8d8e-5065ca3330c2,ada6015d-9fce-4f2c-b20f-fc9122d2face,e283abbc-5605-4ba9-b717-7bdf1287db42,f095ca24-4e94-5990-a442-4f09215f2f28,,t,acc_document,urn:adsk.wipprod:fs.file:vf.PZ8fwmSLScenIDCrZe3boA?version=1,83055259-8ee4-4f42-902d-d36382636090
bf996092-8d66-408a-8d8e-5065ca3330c2,23142979-9fb6-4fd3-bd82-62d7e0add75f,74383264-7437-4cd8-9ea5-15a044a50a65,5314183b-351b-58ea-83a6-46ad60adeed8,,t,acc_document,urn:adsk.wipprod:fs.file:vf.re8lpTNLSByWfL3AGCyDKg?version=1,d2626289-2b67-44df-956c-ce72f4ce4f50
bf996092-8d66-408a-8d8e-5065ca3330c2,ada6015d-9fce-4f2c-b20f-fc9122d2face,74503894-e3f9-43a3-8dc6-1562316283c0,a93241f6-4e22-3c07-8f11-50885f94986c,_autolinks-c2b05c4f-24d3-4d36-9166-18ee2a67999c,f,acc_sheet,,a93241f6-4e22-3c07-8f11-50885f94986c
bf996092-8d66-408a-8d8e-5065ca3330c2,ada6015d-9fce-4f2c-b20f-fc9122d2face,7b181c22-a027-488c-9175-6d9cc0977fb4,0bf246ff-00f0-5565-bcfe-b4fa899efc2d,,t,acc_document,urn:adsk.wipprod:fs.file:vf.JxoTg_9fQsOCvQzM0y_zDw?version=1,176f3793-680e-489a-a696-a044a7aa6e64
bf996092-8d66-408a-8d8e-5065ca3330c2,ada6015d-9fce-4f2c-b20f-fc9122d2face,f044ede6-aa7f-421b-b445-a82b8bfcd86e,952ef5ee-218d-59dc-9565-dc6d049fa6bc,,t,acc_document,urn:adsk.wipprod:fs.file:vf.G5AFJj-1SfyBrG9t0ebkyw?version=1,c46f5ddb-4d5c-46c7-926f-f44a47e4ea64
bf996092-8d66-408a-8d8e-5065ca3330c2,ada6015d-9fce-4f2c-b20f-fc9122d2face,9aef60ea-43d5-470c-a13e-77e887e56d47,a21e121d-9d2d-3f75-8154-f9015bf1fc46,_autolinks-154e73ba-27c0-4151-8b9b-2de0f242cd0a,f,acc_sheet,,a21e121d-9d2d-3f75-8154-f9015bf1fc46
bf996092-8d66-408a-8d8e-5065ca3330c2,ada6015d-9fce-4f2c-b20f-fc9122d2face,bb277dfa-95a5-4ab7-9f59-31d0534ed96c,bde8258b-780c-552a-9d89-cd26f35b242a,,t,acc_document,urn:adsk.wipprod:fs.file:vf.FOUCg8IORF2enIpPUzyneQ?version=3,c9c5a223-32d9-41cf-91c3-26886512aad1
bf996092-8d66-408a-8d8e-5065ca3330c2,ada6015d-9fce-4f2c-b20f-fc9122d2face,0eaca595-f879-4841-aef4-07cddc6d8650,c1d21a34-ad74-518e-8b37-ff2d97828d37,,t,acc_document,urn:adsk.wipprod:fs.file:vf.oef_lTNoRFOI17I-RzIatA?version=1,0990b8ac-1567-48a3-8bc9-f07c6a33fad6
bf996092-8d66-408a-8d8e-5065ca3330c2,23142979-9fb6-4fd3-bd82-62d7e0add75f,aa653059-12e8-4d98-a6e4-86b9985029e9,8c115f95-a582-52ae-9fdd-7c46b84502f5,,t,acc_document,urn:adsk.wipprod:fs.file:vf.uscOGpghRYSHmUzyiY_EIg?version=1,f8e87c33-c7f1-4394-b8a1-494d4cd0494f
bf996092-8d66-408a-8d8e-5065ca3330c2,ada6015d-9fce-4f2c-b20f-fc9122d2face,4d411b43-0e6f-4be0-8712-5be0afda62d9,9321b8bc-94d2-5f56-a5e3-6f098d53aa9a,,t,acc_document,urn:adsk.wipprod:fs.file:vf.ZkAOCUowRqSFoid1mRLAig?version=1,4e4d354b-8c54-47c1-9e07-64adb9b5c852
bf996092-8d66-408a-8d8e-5065ca3330c2,ada6015d-9fce-4f2c-b20f-fc9122d2face,3a68c7e8-ba0b-462b-99e0-b5a06b2157a7,17088702-6b0d-5436-b43a-f2b217be4d02,,t,acc_document,urn:adsk.wipprod:fs.file:vf.oaTOWeuQSdeyU-wSucRkjw?version=2,86b7350b-f0db-4ba2-a3e0-e75250992f2e
bf996092-8d66-408a-8d8e-5065ca3330c2,ada6015d-9fce-4f2c-b20f-fc9122d2face,228bccbb-d86f-4f3d-8901-596017cda3c4,766902eb-88c9-58d2-9b07-4ec087182eb4,,t,acc_document,urn:adsk.wipprod:fs.file:vf.zMBFscdgR16RKyPlhxd93Q?version=2,4c3e2e10-6ed6-42d4-ab6c-411a0bcc9f63
bf996092-8d66-408a-8d8e-5065ca3330c2,2f551e7d-05e6-4bfc-8ee1-0ef3a8487c11,9ef14c1e-3190-41d4-8435-7661b3831a0e,10df91f9-2852-5cea-bfaf-8280f34fd37a,,t,acc_document,urn:adsk.wipprod:fs.file:vf.aNlRgoVnTCGNRE6_KcGonQ?version=1,be2275bb-5f27-463c-841f-e88a6021b18e
bf996092-8d66-408a-8d8e-5065ca3330c2,2f551e7d-05e6-4bfc-8ee1-0ef3a8487c11,ed136fb8-f5f5-4982-8f0a-ab6f00ab6e15,38db9fd6-872b-5f70-8dd2-6b0f18ee5a4c,,t,acc_document,urn:adsk.wipprod:fs.file:vf.bDET6zTESOWxpx3kjXpSwQ?version=1,2d35f4a2-fdc9-40c2-92d1-eb21568dbeac
bf996092-8d66-408a-8d8e-5065ca3330c2,23142979-9fb6-4fd3-bd82-62d7e0add75f,044efb4f-2bc9-4abd-ba0f-355ffc933d4d,cf647528-56cb-5bea-be17-8404b9387a68,,t,acc_document,urn:adsk.wipprod:fs.file:vf.g0r05eSVRZ6gSU6_H7FHAQ?version=1,8d324468-c262-430a-8b32-db09728ec205
bf996092-8d66-408a-8d8e-5065ca3330c2,23142979-9fb6-4fd3-bd82-62d7e0add75f,74e89ffe-74fb-44ef-bc35-f965e591bd20,1d7dc534-0979-54b1-a68a-61f7667d94c1,,t,acc_document,urn:adsk.wipprod:fs.file:vf.-uFBcXu_R-q5rgJwWRmW3w?version=1,3b6fa12c-fe24-4848-8fd4-db83e77c7c89
bf996092-8d66-408a-8d8e-5065ca3330c2,ada6015d-9fce-4f2c-b20f-fc9122d2face,aca6b1c6-3027-4918-967d-3deced402172,288ef99c-3fc0-53d8-9a87-28f218925dc1,,t,acc_document,urn:adsk.wipprod:fs.file:vf.oaTOWeuQSdeyU-wSucRkjw?version=4,165819f0-a57f-4237-8c42-ded0bea07f44
bf996092-8d66-408a-8d8e-5065ca3330c2,ada6015d-9fce-4f2c-b20f-fc9122d2face,4add432d-ea78-43fe-afb8-0e4fe9ba9715,790ce21c-041f-576f-8f24-9ae534a1966b,,t,acc_document,urn:adsk.wipprod:fs.file:vf.oaTOWeuQSdeyU-wSucRkjw?version=5,d944928f-98a1-4d1c-896c-e6c317a85c1d
bf996092-8d66-408a-8d8e-5065ca3330c2,23142979-9fb6-4fd3-bd82-62d7e0add75f,d531130e-1f7c-489e-9752-e40d5a08f677,c5947fd3-730f-51b8-a870-4daf2dbe57e4,,t,acc_document,urn:adsk.wipprod:fs.file:vf.ywI1jYd3RaWnQ5yLa-7UvQ?version=1,ce3b5491-a549-41aa-9d44-86e20be070c3
bf996092-8d66-408a-8d8e-5065ca3330c2,23142979-9fb6-4fd3-bd82-62d7e0add75f,53ab6b91-51a6-4847-ac86-47f8e8d10db5,5865d0ef-76c1-5fa1-80c7-d2711a111263,,t,acc_document,urn:adsk.wipprod:fs.file:vf.ywI1jYd3RaWnQ5yLa-7UvQ?version=2,b605cf7b-80b0-48e6-9509-44b46e2b3b7d
bf996092-8d66-408a-8d8e-5065ca3330c2,23142979-9fb6-4fd3-bd82-62d7e0add75f,bfa296f4-552a-44b1-a01a-92e28a2f5e66,776247e1-159f-575e-a73c-98ee6b0120cb,,t,acc_document,urn:adsk.wipprod:fs.file:vf.9o2CbkuvSRugyxEGPD94nA?version=1,9b67b7f2-d011-42c6-9e48-b751c73033d7
bf996092-8d66-408a-8d8e-5065ca3330c2,23142979-9fb6-4fd3-bd82-62d7e0add75f,813fe698-4bdb-4d98-b75a-8442edce679f,38ab0e71-e707-5c43-8afd-ea394d367977,,t,acc_document,urn:adsk.wipprod:fs.file:vf.KiEq8BIDT02V-Zfipo8Fig?version=1,552b3c06-634d-40bc-a41b-51541213d982
bf996092-8d66-408a-8d8e-5065ca3330c2,23142979-9fb6-4fd3-bd82-62d7e0add75f,7bef33d2-0eb1-40ba-83e1-33f78e18ed0d,430d1d63-925f-5ac8-876a-3525bd1ae7a8,,t,acc_document,urn:adsk.wipprod:fs.file:vf.gOMcpkz4T62KjI6Q6mVIIQ?version=1,31654abd-3e8c-477a-82cc-e9d1598d7a5a
bf996092-8d66-408a-8d8e-5065ca3330c2,ada6015d-9fce-4f2c-b20f-fc9122d2face,072f7894-87fe-4836-829f-48b921293a39,de5f39b7-9e68-5ab8-b4d6-f6ad23e0900d,,t,acc_document,urn:adsk.wipprod:fs.file:vf.hPuURcRoTZaIF0MMQl5O_g?version=1,58676118-fc6d-4651-b649-93e2fbce050d
bf996092-8d66-408a-8d8e-5065ca3330c2,ada6015d-9fce-4f2c-b20f-fc9122d2face,956d3d1c-b61d-424d-8b61-016b0bcf27d8,6c053e80-1403-53c8-b003-bd40c95fedeb,,t,acc_document,urn:adsk.wipprod:fs.file:vf.oaTOWeuQSdeyU-wSucRkjw?version=5,d944928f-98a1-4d1c-896c-e6c317a85c1d
bf996092-8d66-408a-8d8e-5065ca3330c2,23142979-9fb6-4fd3-bd82-62d7e0add75f,1ede1c92-b657-4490-8bf7-9464b1ed239e,3b8afc0b-0333-5f07-b822-d9557706c36d,,t,acc_document,urn:adsk.wipprod:fs.file:vf.ywI1jYd3RaWnQ5yLa-7UvQ?version=3,62e14415-dcba-4a8e-9125-d301e5ed89b2
bf996092-8d66-408a-8d8e-5065ca3330c2,23142979-9fb6-4fd3-bd82-62d7e0add75f,94a83377-618a-464b-9ce6-63f40957b5e1,f2935432-ad87-5bcd-b3e2-2205ecbf1bcf,,t,acc_document,urn:adsk.wipprod:fs.file:vf.KiEq8BIDT02V-Zfipo8Fig?version=2,4c3824d5-e468-4a1d-b709-6ab071daa45b
bf996092-8d66-408a-8d8e-5065ca3330c2,23142979-9fb6-4fd3-bd82-62d7e0add75f,e84b6632-803a-4c03-a5ec-b90087a261e8,ff1b3025-d0a6-5f43-ab28-d7d0479391c3,,t,acc_document,urn:adsk.wipprod:fs.file:vf.gOMcpkz4T62KjI6Q6mVIIQ?version=2,c679e783-3058-4e1b-aab6-7124b66e704b
bf996092-8d66-408a-8d8e-5065ca3330c2,23142979-9fb6-4fd3-bd82-62d7e0add75f,dce1906e-7711-4543-86d8-c430c39355a4,85703764-9d26-5a6f-ae7b-9ef2a434e70a,,t,acc_document,urn:adsk.wipprod:fs.file:vf.30RsiLsRTLqhCdMtstHSmg?version=1,2a5980d0-eb23-4ca2-90bb-e073086dae93
bf996092-8d66-408a-8d8e-5065ca3330c2,2f551e7d-05e6-4bfc-8ee1-0ef3a8487c11,a5271626-b705-4ba3-8444-85b4c123eea9,1f3d8352-f3ed-5bda-af10-ca2aa19ad96c,,t,acc_document,urn:adsk.wipprod:fs.file:vf.lJNXb6_MSr2PHY7vItwNCw?version=1,4b06239b-4218-4ad7-9620-c54962f27571
bf996092-8d66-408a-8d8e-5065ca3330c2,f679f4cf-c089-4a2b-9b84-b14129630601,a06f678f-01d2-4f93-a83b-58eef06a8aa1,66e329bf-58c2-5118-8b3a-ed20f833a407,,t,acc_document,urn:adsk.wipprod:fs.file:vf.nYcdoyLtTl2dxQkYde8LjA?version=1,1b6a687c-cb63-43e5-8036-220857115f42
bf996092-8d66-408a-8d8e-5065ca3330c2,2f551e7d-05e6-4bfc-8ee1-0ef3a8487c11,c950d25a-01e1-41fa-a543-9f38a5c8cc20,85c7a511-c98e-53b0-82f6-3fc423ebb23b,,t,acc_document,urn:adsk.wipprod:fs.file:vf.T22VtkHGS7OZMh6O1DCqEg?version=1,2e31f9c9-48d9-48bb-ad03-91b160c80d60
bf996092-8d66-408a-8d8e-5065ca3330c2,2f551e7d-05e6-4bfc-8ee1-0ef3a8487c11,792eb023-6e16-4352-b4cb-3b4d32298bc5,32986268-5aa7-5775-811c-23d0b2b2e1b2,,t,acc_document,urn:adsk.wipprod:fs.file:vf.T22VtkHGS7OZMh6O1DCqEg?version=2,078386be-96f1-4629-95e2-0ee7a670fa80
bf996092-8d66-408a-8d8e-5065ca3330c2,23142979-9fb6-4fd3-bd82-62d7e0add75f,87de7838-b6e2-4640-8b7d-28d3b950dc39,9c382639-d706-5700-9b92-61f6e8488274,,t,acc_document,urn:adsk.wipprod:fs.file:vf.fXJqxv1gSBWsgqxgSHrtug?version=1,5a9136ba-b5c5-4ba3-80aa-d0b2a94ae8d8
bf996092-8d66-408a-8d8e-5065ca3330c2,967e785d-d83c-490b-8d6a-2ed926c956ac,d56393bb-7985-4f43-a27a-1e56f3118b1d,87c727ce-dc11-511d-b43a-682c2d1b7093,,t,acc_document,urn:adsk.wipprod:fs.file:vf.ToAnSESLRduiQaZX_q56Qg?version=1,45377ce7-248e-414d-b308-ebbd06f2c3ef
bf996092-8d66-408a-8d8e-5065ca3330c2,ada6015d-9fce-4f2c-b20f-fc9122d2face,96cc7fa8-c03e-4832-869a-e8e4724d9e53,a21e121d-9d2d-3f75-8154-f9015bf1fc46,,t,acc_sheet,,a21e121d-9d2d-3f75-8154-f9015bf1fc46
bf996092-8d66-408a-8d8e-5065ca3330c2,23142979-9fb6-4fd3-bd82-62d7e0add75f,8d99a16e-dc45-405b-a72e-295c162d2ebd,526d0b93-8cd2-5248-b087-9710169b8cd3,,t,acc_document,urn:adsk.wipprod:fs.file:vf.30RsiLsRTLqhCdMtstHSmg?version=2,cb10b075-7aa1-49cd-a10c-aa11a7ec5017
bf996092-8d66-408a-8d8e-5065ca3330c2,23142979-9fb6-4fd3-bd82-62d7e0add75f,dd6ae982-f121-4577-856c-6474eecc5c7e,56347cbc-533e-5a9e-831b-2082215852fe,,t,acc_document,urn:adsk.wipprod:fs.file:vf.KiEq8BIDT02V-Zfipo8Fig?version=3,4f858982-0885-432e-b16d-e076fe0b2e31
bf996092-8d66-408a-8d8e-5065ca3330c2,23142979-9fb6-4fd3-bd82-62d7e0add75f,36147ee0-b3fe-44df-95bd-b5e3cf6f2f33,72fded9e-fdef-5f2e-a757-4563e012638e,,t,acc_document,urn:adsk.wipprod:fs.file:vf.gOMcpkz4T62KjI6Q6mVIIQ?version=3,c4087f8d-72d8-4805-9d8b-327763658bf5
bf996092-8d66-408a-8d8e-5065ca3330c2,23142979-9fb6-4fd3-bd82-62d7e0add75f,b14138cc-05bc-441c-898d-484b1b18f27c,fa1a88a9-58c2-56d2-82f4-58ee42bdacbc,,t,acc_document,urn:adsk.wipprod:fs.file:vf.ywI1jYd3RaWnQ5yLa-7UvQ?version=4,8447e940-4cde-44a4-88c4-352fb5cc2caf
bf996092-8d66-408a-8d8e-5065ca3330c2,2f551e7d-05e6-4bfc-8ee1-0ef3a8487c11,33629ac9-fa2e-4083-873d-8eaa678b544c,f09b11b9-db53-56dc-9385-fdf75f1afa86,,t,acc_document,urn:adsk.wipprod:fs.file:vf.puMdqP_JQ5qBmZyjiXcSgw?version=1,cb65ccb8-b9af-426a-96f2-d2cf9b16a3f1
bf996092-8d66-408a-8d8e-5065ca3330c2,f679f4cf-c089-4a2b-9b84-b14129630601,2fd7693f-1851-4214-b001-84c979c1a004,36cec3e0-7f46-5bbb-84ba-16fe795b3055,,t,acc_document,urn:adsk.wipprod:fs.file:vf.i8KKSULBS56Kpe-fUFXMFg?version=1,b145d332-af3f-42e2-9a56-04bca5c24871
bf996092-8d66-408a-8d8e-5065ca3330c2,ada6015d-9fce-4f2c-b20f-fc9122d2face,df50cfb4-4ebb-4e68-a997-a8dafd56d383,72c2370f-3a23-54ec-af2e-73e48fef43db,,t,acc_document,urn:adsk.wipprod:fs.file:vf.LanMysM0RRG5tcgj2-Mleg?version=1,ce8200c3-c8be-43ef-b807-84c27695a473
bf996092-8d66-408a-8d8e-5065ca3330c2,ada6015d-9fce-4f2c-b20f-fc9122d2face,a4ff4599-f6eb-461c-b2ae-20daf57724d9,f0d106bf-0e7b-564a-8fe9-7cc3dcf9f217,,t,acc_document,urn:adsk.wipprod:fs.file:vf.LanMysM0RRG5tcgj2-Mleg?version=1,ce8200c3-c8be-43ef-b807-84c27695a473
bf996092-8d66-408a-8d8e-5065ca3330c2,ada6015d-9fce-4f2c-b20f-fc9122d2face,d6ab5bae-3750-4d92-b8d6-7c80dd5a7ce6,47855442-aedb-5db9-9767-cb9ebc27d45d,,t,acc_document,urn:adsk.wipprod:fs.file:vf.LanMysM0RRG5tcgj2-Mleg?version=1,ce8200c3-c8be-43ef-b807-84c27695a473
bf996092-8d66-408a-8d8e-5065ca3330c2,ada6015d-9fce-4f2c-b20f-fc9122d2face,c55d4812-5394-49a2-8605-c07d124e6217,aee1a8df-fc94-544e-8793-3554764f0b41,,t,acc_document,urn:adsk.wipprod:fs.file:vf.7Y7bdgADS9qdhuL-_nqYbg?version=1,5b949193-23c4-44d8-b845-f1dd8a684130
bf996092-8d66-408a-8d8e-5065ca3330c2,77d5fb8c-5d83-4fa8-8c81-169306f7a8f7,a0c05ca7-40d9-4848-812b-5ac10978aecd,98944f15-e70a-5487-be98-0f748f2254f3,,t,acc_document,urn:adsk.wipprod:fs.file:vf.k59jCo8wRiyBa8l3HJPUfw?version=1,67355125-4c0e-4f57-85d8-48b16674ec12
bf996092-8d66-408a-8d8e-5065ca3330c2,2f551e7d-05e6-4bfc-8ee1-0ef3a8487c11,573e6a52-2b6e-4b49-89f5-2988123d3ff6,76e9d3ad-f214-5a14-bbfe-d680dea37cb7,,t,acc_document,urn:adsk.wipprod:fs.file:vf.eqxmcmrgSDyeyz2iEZ9cMA?version=1,7e2d3b1b-e3fd-4569-b0ef-2285382ed186
bf996092-8d66-408a-8d8e-5065ca3330c2,23142979-9fb6-4fd3-bd82-62d7e0add75f,3b9b6e66-ae5d-4cd7-8317-081e722ab112,74cef590-3ba7-503a-a4ef-662adc856746,,t,acc_document,urn:adsk.wipprod:fs.file:vf.gOMcpkz4T62KjI6Q6mVIIQ?version=4,f4a7c948-93ea-4b6c-b00f-a34370681238
bf996092-8d66-408a-8d8e-5065ca3330c2,23142979-9fb6-4fd3-bd82-62d7e0add75f,ac1a7e74-11df-4138-98ba-9615c9eb5903,1fe020b5-3733-5dd5-b3d6-c5b666a699d0,,t,acc_document,urn:adsk.wipprod:fs.file:vf.KiEq8BIDT02V-Zfipo8Fig?version=4,e76e9f20-a471-4797-8414-548765e1f5e8
bf996092-8d66-408a-8d8e-5065ca3330c2,23142979-9fb6-4fd3-bd82-62d7e0add75f,d62f2fc2-3dfd-46ea-9550-3520147a682d,357e2eca-178a-5cca-81ef-53e32e7be0cb,,t,acc_document,urn:adsk.wipprod:fs.file:vf.ywI1jYd3RaWnQ5yLa-7UvQ?version=5,5134d663-5f3a-4846-9cd5-9b14064e7c8d
bf996092-8d66-408a-8d8e-5065ca3330c2,2f551e7d-05e6-4bfc-8ee1-0ef3a8487c11,f33141d3-ea06-49c3-a637-d08828afee04,11f286bc-e084-5a4b-a2bd-7cdc215bb324,,t,acc_document,urn:adsk.wipprod:fs.file:vf.L0DXOKirSuKA2_pEKBpkAw?version=1,c5305172-dfc4-4752-a26e-2ec4236d59b1
bf996092-8d66-408a-8d8e-5065ca3330c2,ada6015d-9fce-4f2c-b20f-fc9122d2face,849a3968-6175-4f3c-906e-daf26d59fe5d,1380a6ce-0319-5d74-83be-17ab4ab087a0,,t,acc_document,urn:adsk.wipprod:fs.file:vf.CUxw5wp_QMyEyyW6cXEvVw?version=1,195b9d1a-6899-4545-96ee-bfe316a0f071
bf996092-8d66-408a-8d8e-5065ca3330c2,ada6015d-9fce-4f2c-b20f-fc9122d2face,10e4ca8a-e990-4e42-a5a8-e77fe6868e3f,3e6e1bad-03c7-5195-bf4f-8a337accccf2,,t,acc_document,urn:adsk.wipprod:fs.file:vf.oaTOWeuQSdeyU-wSucRkjw?version=6,ba5ab625-2477-49c9-9c89-2bc1bf10dd2a
bf996092-8d66-408a-8d8e-5065ca3330c2,ada6015d-9fce-4f2c-b20f-fc9122d2face,98059992-c56b-4413-b052-0d4f9fad8839,b2d740d8-2553-5229-893d-7a77f588dfe9,,t,acc_document,urn:adsk.wipprod:fs.file:vf.oaTOWeuQSdeyU-wSucRkjw?version=6,ba5ab625-2477-49c9-9c89-2bc1bf10dd2a
bf996092-8d66-408a-8d8e-5065ca3330c2,77d5fb8c-5d83-4fa8-8c81-169306f7a8f7,f54e0f3c-ba06-4083-a567-25e5a6cc78ad,fc5aee03-c633-5df0-ba47-56fa6fdf6c27,,t,acc_document,urn:adsk.wipprod:fs.file:vf.wfkkqdzvSeOYFOIe1a470g?version=1,2fa9f594-1970-4c4f-aef8-45a0ad936f0f
bf996092-8d66-408a-8d8e-5065ca3330c2,967e785d-d83c-490b-8d6a-2ed926c956ac,e56a4c62-13b8-4d66-8fdb-29bbe41b8368,c30c3612-c806-5774-aacb-57e887cdc5c9,,t,acc_document,urn:adsk.wipprod:fs.file:vf.g_N8b3O6Q1GXxR4PNR2JWQ?version=1,200c0117-3a8c-4db9-bef8-ee1ac86b1367
bf996092-8d66-408a-8d8e-5065ca3330c2,e9b596f2-48ee-419b-a199-da304b38c398,b8edb4af-d49c-4812-99f8-27e3e46fa199,6a9e5f72-140b-5dbf-8342-b4e3cfa399d6,,t,acc_document,urn:adsk.wipprod:fs.file:vf.HF0mms_gQ1mMqGN9YPr86A?version=1,4d7bb876-7c2e-4ed8-918e-7ad50a06ef59
bf996092-8d66-408a-8d8e-5065ca3330c2,f679f4cf-c089-4a2b-9b84-b14129630601,8fce46ca-8350-4ab0-9dce-f5a8c8fec771,742ade1c-0ebd-5037-bef6-fcb79f9eca08,,t,acc_document,urn:adsk.wipprod:fs.file:vf.zTNGrHH6RpOAs-ET5dE8vA?version=1,d8959b22-3559-4a22-8b11-be76134cb038
bf996092-8d66-408a-8d8e-5065ca3330c2,f679f4cf-c089-4a2b-9b84-b14129630601,e7c961ea-ef14-4f69-b3f8-09136da38cb8,f39063e9-15f8-5cd6-ac2d-1a9742ea5cc9,,t,acc_document,urn:adsk.wipprod:fs.file:vf.3wQbA4fZS5adLyrkO2z1mA?version=1,cd95a766-8afb-4a83-b26d-89e3e2030d36
bf996092-8d66-408a-8d8e-5065ca3330c2,f6ab14eb-1a66-4ea5-8a0f-0afbda444403,4791208a-f2e0-4567-b4b4-08382465f95c,9b8ea66c-c5cf-564b-8840-f3f8fa4f2b4c,,t,acc_document,urn:adsk.wipprod:fs.file:vf.odZaEkLaT96ohzTcMJcGCw?version=2,cddbccba-d3be-4744-9a3a-259a5b216cde
bf996092-8d66-408a-8d8e-5065ca3330c2,f6ab14eb-1a66-4ea5-8a0f-0afbda444403,0f7be386-3083-48de-834d-3797cde94d17,059e733a-5b56-550e-9c8a-f4663a51c9dd,,t,acc_document,urn:adsk.wipprod:fs.file:vf.4u9mw3KIR3KXxMlTn3KAPw?version=2,2c9d2803-6a26-41ac-9959-8a6a76a25dc3
bf996092-8d66-408a-8d8e-5065ca3330c2,f679f4cf-c089-4a2b-9b84-b14129630601,f414aab8-65c7-48b2-a993-c83144d7854b,80360ac3-ac0f-5b4e-9114-5888fa47aabd,,t,acc_document,urn:adsk.wipprod:fs.file:vf.MZsg3D-8SrqudYGp82ixNw?version=1,cce3e101-2d88-47ac-a047-92493b2b9ce0
bf996092-8d66-408a-8d8e-5065ca3330c2,f679f4cf-c089-4a2b-9b84-b14129630601,a3cf44c0-e16f-42f2-b58b-54d70c2f66ba,70493e88-21aa-5482-94cc-5b551952ec47,,t,acc_document,urn:adsk.wipprod:fs.file:vf.OfcjgAasS7aPBetk8TQHNQ?version=1,562087c0-f863-486f-9ad3-4427c845dd36
bf996092-8d66-408a-8d8e-5065ca3330c2,f679f4cf-c089-4a2b-9b84-b14129630601,57b26d55-8285-492c-96fa-d508fac74912,22b7e8b6-3b2f-5039-b529-1785cf4af5a0,,t,acc_document,urn:adsk.wipprod:fs.file:vf.CoNKd__zTaem8hKs2yct1g?version=1,507c07d6-d83d-49de-9580-ee3dc1c62a69
bf996092-8d66-408a-8d8e-5065ca3330c2,f679f4cf-c089-4a2b-9b84-b14129630601,5724020d-722f-457f-8e00-0ff92e6268ab,fe85bf67-a743-5edc-b6a3-9a7774e3b1b5,,t,acc_document,urn:adsk.wipprod:fs.file:vf.cd26uhYUTruLpi50scYE4g?version=1,7a8cb738-51c9-4aa0-a313-2856dffd6367
bf996092-8d66-408a-8d8e-5065ca3330c2,f679f4cf-c089-4a2b-9b84-b14129630601,e5358c2c-f237-4dbc-9b71-2cbcca16aafb,eda6b445-3027-520b-b330-d38cc76787f9,,t,acc_document,urn:adsk.wipprod:fs.file:vf.gb4SYpu6SmewO1dzNmQc1w?version=1,470ac560-4c7b-4bab-90e5-7669304cc33e
bf996092-8d66-408a-8d8e-5065ca3330c2,f679f4cf-c089-4a2b-9b84-b14129630601,a4f52969-68b3-4c5b-b1b3-2a3652302f76,9b3c45dc-617f-5a78-8344-73001cc1d594,,t,acc_document,urn:adsk.wipprod:fs.file:vf.wpQTaxWRTyCC2aPNYEzbAg?version=1,3f375537-7e27-4b3e-a2f0-12c673006680
bf996092-8d66-408a-8d8e-5065ca3330c2,f6ab14eb-1a66-4ea5-8a0f-0afbda444403,e3244516-d8d7-4d3a-9313-ef7cf273460f,000a6981-f1ae-52aa-825b-369b1b7dc28d,,t,acc_document,urn:adsk.wipprod:fs.file:vf.4u9mw3KIR3KXxMlTn3KAPw?version=3,928f9e37-a1c5-4b0e-be85-a20bedb2afbc
bf996092-8d66-408a-8d8e-5065ca3330c2,f6ab14eb-1a66-4ea5-8a0f-0afbda444403,ef773889-3c0b-4281-a958-86d529d63491,90f0d39f-19e2-56cf-90fd-9ec76088bf78,,t,acc_document,urn:adsk.wipprod:fs.file:vf.odZaEkLaT96ohzTcMJcGCw?version=3,b9109de8-a17c-45d6-9c36-1735fa8e33c5
bf996092-8d66-408a-8d8e-5065ca3330c2,967e785d-d83c-490b-8d6a-2ed926c956ac,7da8105c-d0fb-4947-bc0a-7ebe7d31099b,6cbceb0d-57d8-5ec2-ac21-1496c6676db9,,t,acc_document,urn:adsk.wipprod:fs.file:vf.pFq0suLgS5G6g3Mg2g03mw?version=1,1114383c-abea-4b79-b362-b544dfc4eb8d
bf996092-8d66-408a-8d8e-5065ca3330c2,f679f4cf-c089-4a2b-9b84-b14129630601,16c582c8-e103-4f20-a844-8598ed66f4f2,c31f5091-729f-5790-a580-dfb7133a6839,,t,acc_document,urn:adsk.wipprod:fs.file:vf.cxf4rnJLT06hmlN7-SfJFw?version=1,f87e93ac-0152-43d8-8444-58c14740edcc
bf996092-8d66-408a-8d8e-5065ca3330c2,f679f4cf-c089-4a2b-9b84-b14129630601,62fca811-18d3-478e-b348-2496f4601152,56a61a1e-e68e-5302-a640-278124bce391,,t,acc_document,urn:adsk.wipprod:fs.file:vf.xuvNUU1NTtyLIE3C4AkaOw?version=1,6b9eebcb-d549-432c-a5cb-2ecf0fd4990d
bf996092-8d66-408a-8d8e-5065ca3330c2,f679f4cf-c089-4a2b-9b84-b14129630601,bd3db4f6-4967-462a-a9b4-0363cc023635,18638039-35cc-567b-8d5f-707159ca1316,,t,acc_document,urn:adsk.wipprod:fs.file:vf.bleGVEwXSCC3NcMpFZdPQA?version=1,51660cd3-ff79-4f0c-bb10-267d493a6b8c
bf996092-8d66-408a-8d8e-5065ca3330c2,f679f4cf-c089-4a2b-9b84-b14129630601,83f04fc5-68c4-43a0-ac48-2ab02d061780,75ed750f-436f-5a24-a0ad-39e15a9950c1,,t,acc_document,urn:adsk.wipprod:fs.file:vf.e8b5fKIlQpiw3OapKO1gyQ?version=1,c27d89d3-096d-40bf-9557-7f189fc3cded
bf996092-8d66-408a-8d8e-5065ca3330c2,f679f4cf-c089-4a2b-9b84-b14129630601,84826cfc-2763-4e90-b881-615d0bbf0238,1dc08f41-2e07-566f-ac75-207c8b448b61,,t,acc_document,urn:adsk.wipprod:fs.file:vf.4MZkC8k9TTq16kR0A8VO1w?version=4,0b59a1f9-1087-4595-bf46-089b40a434a4
bf996092-8d66-408a-8d8e-5065ca3330c2,f679f4cf-c089-4a2b-9b84-b14129630601,a4402209-7ccc-4815-8b57-e08192ec64aa,f0575168-fd5d-54ae-8d0e-c83643c7d713,,t,acc_document,urn:adsk.wipprod:fs.file:vf.DRrNqYcARYSc-da_EM6p3Q?version=3,11974520-d08c-4f22-99a5-f824d2851448
bf996092-8d66-408a-8d8e-5065ca3330c2,23142979-9fb6-4fd3-bd82-62d7e0add75f,d0fff786-ab6c-4655-a019-5fc32155d75f,0df84156-1d94-5476-a0cc-389aacc44412,,t,acc_document,urn:adsk.wipprod:fs.file:vf.FvaT4H9cSkOya9MQ23j-zQ?version=2,6d299175-466e-46cf-90c2-7436e618d700
bf996092-8d66-408a-8d8e-5065ca3330c2,f679f4cf-c089-4a2b-9b84-b14129630601,cfbde632-c20f-431f-a95c-5ad2ceac004a,a6163eed-90eb-5b74-a1f5-9c8e5d2fe801,,t,acc_document,urn:adsk.wipprod:fs.file:vf.lLJWahB3TpOxZg9UfSU-5w?version=1,84a37fc1-bb21-4030-929f-ff3096f2db53
bf996092-8d66-408a-8d8e-5065ca3330c2,f6ab14eb-1a66-4ea5-8a0f-0afbda444403,11675972-10fe-467b-92af-189622cf9534,1c63265b-6589-5f88-af1e-293135518893,,t,acc_document,urn:adsk.wipprod:fs.file:vf.4u9mw3KIR3KXxMlTn3KAPw?version=4,e426a3e6-8d7b-4d97-b2f0-d7681358adf6
bf996092-8d66-408a-8d8e-5065ca3330c2,f6ab14eb-1a66-4ea5-8a0f-0afbda444403,334c8e41-c20a-4ec1-9e90-45f473dbfb01,87404544-07e1-5a30-9939-44a0a0390b1e,,t,acc_document,urn:adsk.wipprod:fs.file:vf.odZaEkLaT96ohzTcMJcGCw?version=4,4d680af4-3007-4324-96a1-923df54173f2
bf996092-8d66-408a-8d8e-5065ca3330c2,f6ab14eb-1a66-4ea5-8a0f-0afbda444403,63329079-1bdf-4ddf-974b-29b7a9d2a2d3,b3b8984c-2ed2-5e1c-9320-73464908039a,,t,acc_document,urn:adsk.wipprod:fs.file:vf.4u9mw3KIR3KXxMlTn3KAPw?version=5,240596dc-9d60-492d-9771-ce5064d65ee3
bf996092-8d66-408a-8d8e-5065ca3330c2,f6ab14eb-1a66-4ea5-8a0f-0afbda444403,d74c25c6-b2b5-4fce-b8cb-8480abdb8d18,af443888-5b17-5f1a-a4f5-d5f004f7f242,,t,acc_document,urn:adsk.wipprod:fs.file:vf.odZaEkLaT96ohzTcMJcGCw?version=5,63a130f2-bedc-42c0-90f7-b2f6d9f22535
bf996092-8d66-408a-8d8e-5065ca3330c2,f6ab14eb-1a66-4ea5-8a0f-0afbda444403,ec9f6eed-64ec-4b17-9991-c60e1ccb8569,23fa66d2-119e-57d7-8de4-54d32eaeafe4,,t,acc_document,urn:adsk.wipprod:fs.file:vf.DYaio_VSQGaclzMYqfHrsw?version=5,938f5646-c4f7-4a10-bd16-d330ce74aeef
bf996092-8d66-408a-8d8e-5065ca3330c2,e9b596f2-48ee-419b-a199-da304b38c398,15090504-1066-4c78-9920-f5552a344ee7,108c9c1c-74e9-5c00-a4fa-12dfb777347c,,t,acc_document,urn:adsk.wipprod:fs.file:vf.YVgb8Q13Qj26EdlK74R3ag?version=1,f2fc581c-7708-4821-babf-2fd1e5f830b4
bf996092-8d66-408a-8d8e-5065ca3330c2,f6ab14eb-1a66-4ea5-8a0f-0afbda444403,1dac4217-0aa2-4c6c-8c8e-be5937f39a19,d16c4b56-ef19-5eb1-b0a2-67420d7dac85,,t,acc_document,urn:adsk.wipprod:fs.file:vf.OVDjZRAGRC68y5iSF0DlKA?version=5,93a82047-e06f-49fa-97fe-04b79aa6dd44
bf996092-8d66-408a-8d8e-5065ca3330c2,f6ab14eb-1a66-4ea5-8a0f-0afbda444403,eb76568e-737e-4784-864d-a78e3cc16a0b,6fe0099b-4bac-5880-99f9-b75b7dc7dd05,,t,acc_document,urn:adsk.wipprod:fs.file:vf.sk5D0-r-QL28OUJWIefYoQ?version=5,b3bfdb53-21fb-4b8a-aef9-f63f2b1b42a4
bf996092-8d66-408a-8d8e-5065ca3330c2,f679f4cf-c089-4a2b-9b84-b14129630601,234d3ac0-d254-40f6-885e-08f8de7f32f4,88aa5076-71a7-5939-a73d-d03d5d369c3d,,t,acc_document,urn:adsk.wipprod:fs.file:vf.fSD1iAVgQwKGuA5O5m_CVA?version=4,768b463c-6a74-4cde-8ebc-935fc05828cd
bf996092-8d66-408a-8d8e-5065ca3330c2,f679f4cf-c089-4a2b-9b84-b14129630601,99d09d23-9af2-4ddd-93b7-4c6249d214e2,fdf985f6-690c-583c-b8f7-e89d5388ebd2,,t,acc_document,urn:adsk.wipprod:fs.file:vf.Bg5iIb4wRv61O4qk2fy8xA?version=1,4fec6d62-012b-4c74-afc3-5cbc3296580c
bf996092-8d66-408a-8d8e-5065ca3330c2,f679f4cf-c089-4a2b-9b84-b14129630601,e672f176-f1ac-43d4-82cb-cbbdf0127412,63c1f593-9c6d-5a65-b17d-81aeb750ff43,,t,acc_document,urn:adsk.wipprod:fs.file:vf.IGfaezgqSimqRlK-ftfaNg?version=1,288e9a87-f461-41cb-ab2b-107fc070a98a
bf996092-8d66-408a-8d8e-5065ca3330c2,f679f4cf-c089-4a2b-9b84-b14129630601,e5284c6a-5eb4-46a9-98ad-ed03591814e5,527638d3-23fa-5ef8-b2f3-47fdaad35622,,t,acc_document,urn:adsk.wipprod:fs.file:vf.ERim0WGmSTWcPceQj_JlUA?version=1,4815d45d-75a8-4279-b896-301c8c2b6dd9
bf996092-8d66-408a-8d8e-5065ca3330c2,f6ab14eb-1a66-4ea5-8a0f-0afbda444403,5b80b302-b382-4fdd-9594-a49451e57028,32b41b49-8616-5543-a18e-ad0e7ea5cf11,,t,acc_document,urn:adsk.wipprod:fs.file:vf.UaHgiMySRBqD8KQ7ATUWAg?version=1,39bcf85c-d027-46c3-b126-e82d8e51fc1c
bf996092-8d66-408a-8d8e-5065ca3330c2,f6ab14eb-1a66-4ea5-8a0f-0afbda444403,2e2bf447-a1a0-47ea-bf91-4ae0c9521de9,e4112ccb-f301-5a23-b941-6c480974d966,,t,acc_document,urn:adsk.wipprod:fs.file:vf.MpeNmHTWTDq4AcQ3bmLYUg?version=1,61e12205-1054-48d2-a645-90c6541d63d1
bf996092-8d66-408a-8d8e-5065ca3330c2,f6ab14eb-1a66-4ea5-8a0f-0afbda444403,02f87212-9d32-4493-993a-3cbb49e79fa3,a87ad651-0a88-58d9-a6f3-19e774eac620,,t,acc_document,urn:adsk.wipprod:fs.file:vf.n2gVa-bWTOmQLnv0sAFJ3g?version=1,a3681668-0ce3-487b-8514-b0dd0362e2f1
bf996092-8d66-408a-8d8e-5065ca3330c2,f6ab14eb-1a66-4ea5-8a0f-0afbda444403,482b8c39-ffe9-40c9-b8e1-fd98ef0f2963,99088404-d7d5-5a77-928e-81989220fe34,,t,acc_document,urn:adsk.wipprod:fs.file:vf.8HktKokRRUyJz2_rkAR0Aw?version=1,9469e54e-64ee-42a7-927e-8b87d716eb8f
bf996092-8d66-408a-8d8e-5065ca3330c2,f6ab14eb-1a66-4ea5-8a0f-0afbda444403,98cd5845-80f8-4a14-91eb-7f7257fb6e2b,9dfb37ea-4e10-51da-93a7-d4fef74398e9,,t,acc_document,urn:adsk.wipprod:fs.file:vf.WspB6MiTQJ2NkrhSMeD__w?version=1,47fd9a5f-4533-4080-9153-b6883a6653d3
bf996092-8d66-408a-8d8e-5065ca3330c2,f6ab14eb-1a66-4ea5-8a0f-0afbda444403,d51cfd9e-6542-4ebf-a79f-38fb5f09ba35,116a414e-5bf7-5fec-881e-7c9df27c1b9c,,t,acc_document,urn:adsk.wipprod:fs.file:vf.HR2XPuSkTxKgwHr3YsspSA?version=1,1cd6ecb1-7035-45fc-b877-bf6fe52f68c4
bf996092-8d66-408a-8d8e-5065ca3330c2,f6ab14eb-1a66-4ea5-8a0f-0afbda444403,e5a64527-d59e-4855-b78a-df00df152a6d,84403423-131b-5537-9e21-c7aa5e7b4fc3,,t,acc_document,urn:adsk.wipprod:fs.file:vf.YXBiR-5XTSaKjMtEMWsJZg?version=1,83949bc0-465a-43c6-9ea0-56e56266de41
bf996092-8d66-408a-8d8e-5065ca3330c2,f6ab14eb-1a66-4ea5-8a0f-0afbda444403,2d7b97a9-9616-40ba-8135-69b994a91a99,1764ca56-1af2-5f76-937b-77039b951cc6,,t,acc_document,urn:adsk.wipprod:fs.file:vf.HPf-gNokTWeEJ_SeY8SVzw?version=1,54b4d0a4-de1f-42ab-8b90-d1b69c7b68f7
bf996092-8d66-408a-8d8e-5065ca3330c2,967e785d-d83c-490b-8d6a-2ed926c956ac,8a029bb9-8521-4ff6-851d-a83f1269fd15,b0e3a60c-97de-5fc6-998c-91814cc072e0,,t,acc_document,urn:adsk.wipprod:fs.file:vf.wn3CY7cPSU6rHHClW7JVCw?version=2,9dad0689-bd82-4719-936d-7d444640b962
bf996092-8d66-408a-8d8e-5065ca3330c2,f6ab14eb-1a66-4ea5-8a0f-0afbda444403,45e909f9-53bd-4514-8256-a50bc71d1e06,6e88bc81-19fa-5866-b365-c64abb8339aa,,t,acc_document,urn:adsk.wipprod:fs.file:vf.9fR-9HjGR_6oMzG8wfPGEg?version=1,d3f087b5-0878-421b-b0b2-85c26f183543
bf996092-8d66-408a-8d8e-5065ca3330c2,f6ab14eb-1a66-4ea5-8a0f-0afbda444403,02418518-da46-4ebc-98db-27d30bff4616,32c3d28f-1560-5051-a0ed-fadaa76393e7,,t,acc_document,urn:adsk.wipprod:fs.file:vf.G_k8AYurTAS3La4yqus85g?version=1,f5542d8d-07ca-42c1-bbc2-0a6d6ccdb3a4
bf996092-8d66-408a-8d8e-5065ca3330c2,f6ab14eb-1a66-4ea5-8a0f-0afbda444403,6f79e86c-70de-475b-ba95-ecd766845028,956edec4-09bb-5e62-a066-c2f6899a3143,,t,acc_document,urn:adsk.wipprod:fs.file:vf.D6j6wKCgStuvEc6aQ2nB8A?version=1,ce167e70-e13e-403a-b069-217244f275a5
bf996092-8d66-408a-8d8e-5065ca3330c2,f6ab14eb-1a66-4ea5-8a0f-0afbda444403,248677c7-db63-4e45-9f3b-7e96c7ee6d59,6355ce86-c36d-5ef0-a4eb-9142a5bffa00,,t,acc_document,urn:adsk.wipprod:fs.file:vf.ytqNB1PlRPKbNphmzWIYGA?version=1,6106c0da-6f66-4c5e-b473-a2edec824145
bf996092-8d66-408a-8d8e-5065ca3330c2,f6ab14eb-1a66-4ea5-8a0f-0afbda444403,c532b6b1-71ff-49d4-bcfa-b7da4297acd7,78082adf-3c0c-5afd-a413-70fcc28515e6,,t,acc_document,urn:adsk.wipprod:fs.file:vf.PMYJH_Z7SPip5q6cxVWiMA?version=1,26bcb970-a628-4234-91bc-2a8b6c278504
bf996092-8d66-408a-8d8e-5065ca3330c2,f6ab14eb-1a66-4ea5-8a0f-0afbda444403,76163ddc-d636-4810-95e3-fe050bb7893a,a335c481-d0b6-5dc0-b6f7-eec4bb245dae,,t,acc_document,urn:adsk.wipprod:fs.file:vf.uDExYUyWSBC1uMBKXOIhsA?version=1,91eff12d-ab84-43d3-81bd-a9d33f971ec3
bf996092-8d66-408a-8d8e-5065ca3330c2,967e785d-d83c-490b-8d6a-2ed926c956ac,a3d51e53-0560-414d-9a77-4d4868f9bc97,b28cffda-ac7c-52d7-a893-1b2f8df041af,,t,acc_document,urn:adsk.wipprod:fs.file:vf.uoXiBYpjTRixE6uRa0ycww?version=1,5186e3f9-60cf-4966-9ffa-26b74c023ed6
bf996092-8d66-408a-8d8e-5065ca3330c2,f6ab14eb-1a66-4ea5-8a0f-0afbda444403,be7375e3-21aa-4a5f-bbd8-ea2b0b54e392,6f2c7e93-e4a7-5be1-8493-3afc95c73ccf,,t,acc_document,urn:adsk.wipprod:fs.file:vf.xDi8SXacQ4uJbrx_9_uznw?version=1,6785c81f-01b9-4022-a8bd-bc0c7561a771
bf996092-8d66-408a-8d8e-5065ca3330c2,f6ab14eb-1a66-4ea5-8a0f-0afbda444403,2bafc0d0-8ff8-4e37-a5cd-2c1e75402aac,f8b91384-86bb-5f5e-9285-c132467a0f13,,t,acc_document,urn:adsk.wipprod:fs.file:vf.-0XM8ucRTrWZFB2pL2UkRA?version=1,cae73f94-3cd8-40d7-9ee4-cf97598eb6e7
bf996092-8d66-408a-8d8e-5065ca3330c2,f6ab14eb-1a66-4ea5-8a0f-0afbda444403,e4e11527-5121-4488-ba3f-744904e27aea,67823dc4-6239-5283-911b-7268f5ff5b8d,,t,acc_document,urn:adsk.wipprod:fs.file:vf.T_R360tgSrSXv9wuA0_TWQ?version=1,55cb90ea-a0f4-43cf-a52e-eb27358d711c
bf996092-8d66-408a-8d8e-5065ca3330c2,f6ab14eb-1a66-4ea5-8a0f-0afbda444403,be64aa4c-88b5-43ff-ab8c-3926a01508bb,2c31b443-8e9b-5b2e-a50a-48ce8f0aa1db,,t,acc_document,urn:adsk.wipprod:fs.file:vf.aGWCkGNxSu6ej59bel0lWg?version=1,f473cfff-2c25-4316-aea4-dc1dc403dad3
bf996092-8d66-408a-8d8e-5065ca3330c2,f6ab14eb-1a66-4ea5-8a0f-0afbda444403,f1fe483d-d52f-46d9-aa80-f53655cadc4f,164faa30-bd17-516d-a6ea-f3377fefb737,,t,acc_document,urn:adsk.wipprod:fs.file:vf.zyKU6k_1Q52yDyozXC-Muw?version=1,f0e1be46-ffa6-4bb9-a4ec-52f4ab694b64
bf996092-8d66-408a-8d8e-5065ca3330c2,f6ab14eb-1a66-4ea5-8a0f-0afbda444403,13684dc6-f24c-4c1f-9c78-68127065ebe6,b53c2904-6d17-5168-a696-b01c92712391,,t,acc_document,urn:adsk.wipprod:fs.file:vf.aGw2CEUUSI2qezKNl6EuGg?version=1,06a8759e-957f-4383-bbc9-670925a3daea
bf996092-8d66-408a-8d8e-5065ca3330c2,f6ab14eb-1a66-4ea5-8a0f-0afbda444403,a8468939-aa07-47a9-92d4-4e3715f12e0c,8cf06b22-11b5-5482-bb4c-b6b0aed5a393,,t,acc_document,urn:adsk.wipprod:fs.file:vf.D6gRoT-_TvacKJDAY-Xyrw?version=1,d18033dc-2f5d-4a89-8b87-f0a0e32b34e9
bf996092-8d66-408a-8d8e-5065ca3330c2,f6ab14eb-1a66-4ea5-8a0f-0afbda444403,49de21bb-f57f-47f1-bb33-2741e981e9fd,e5e88aa3-26e6-5f3a-a23d-0a57ee9de9c5,,t,acc_document,urn:adsk.wipprod:fs.file:vf.Rw3Y52W8T4-4nOVGVz1VbA?version=1,f172a5bc-4df9-4aa6-96b8-ac0419a96317
bf996092-8d66-408a-8d8e-5065ca3330c2,f6ab14eb-1a66-4ea5-8a0f-0afbda444403,a0fde868-9c8f-434a-bf95-4d43a2340cc8,707d561f-d727-5c40-8301-5d43cb99eb29,,t,acc_document,urn:adsk.wipprod:fs.file:vf.F2ncrG_YToW_frBS-5nU4A?version=1,5703c2ca-f26b-4d4b-9cde-671e2b3da89c
bf996092-8d66-408a-8d8e-5065ca3330c2,f6ab14eb-1a66-4ea5-8a0f-0afbda444403,e78ea84f-501d-40c1-8389-58ca0367f532,831697bc-08ef-5e82-a54c-be446ec6b380,,t,acc_document,urn:adsk.wipprod:fs.file:vf.oCPjLKreR12TaGPoENigtQ?version=1,1d5c326e-df04-45db-9058-0e84d9f2aa8c
bf996092-8d66-408a-8d8e-5065ca3330c2,f6ab14eb-1a66-4ea5-8a0f-0afbda444403,0597285a-83fc-4200-b976-dc053dd49a0c,7cd46309-8d02-5504-ba5c-4a86bbcb2ead,,t,acc_document,urn:adsk.wipprod:fs.file:vf.SQFBPoWUSOq4V4FpRpjKDQ?version=1,02c36215-7fe1-490a-8d34-b1de1fb24827
bf996092-8d66-408a-8d8e-5065ca3330c2,f6ab14eb-1a66-4ea5-8a0f-0afbda444403,e2b08121-0a95-450d-b525-c8e711a96952,69ba0ddb-ec08-5603-9d72-085742368f47,,t,acc_document,urn:adsk.wipprod:fs.file:vf.yt_xpVAmRT2DY6n1fNe8Tw?version=1,794b66ae-41f3-4438-9f8b-7b375dadd196
bf996092-8d66-408a-8d8e-5065ca3330c2,f679f4cf-c089-4a2b-9b84-b14129630601,695c42e4-e896-44dc-b4aa-fe0bd7b4b931,35a7a50d-bb39-5d6b-ab3c-56330a5a1872,,t,acc_document,urn:adsk.wipprod:fs.file:vf.EtOy4s4DRQqeEFGnTdJ-fA?version=1,7fed45cd-74ad-4517-9d72-85df0ba9d335
bf996092-8d66-408a-8d8e-5065ca3330c2,f679f4cf-c089-4a2b-9b84-b14129630601,b11d4823-62d0-47e0-afcd-93b503581ce5,f35902b6-5484-5943-8aa3-17dc3a97ccde,,t,acc_document,urn:adsk.wipprod:fs.file:vf.ylaB4YIZS6qAMUVUfikjmw?version=1,33c31fc3-7ec7-4588-8f4f-e29abb034f5c
bf996092-8d66-408a-8d8e-5065ca3330c2,f679f4cf-c089-4a2b-9b84-b14129630601,1c0aaa3d-d60d-4da3-9445-929b23d2d6d2,9724e5d9-450e-527c-a531-71bbe8fc15cb,,t,acc_document,urn:adsk.wipprod:fs.file:vf.9WZFlT7aT2WE0P466ofy4A?version=1,613aa8e1-1f2b-4e9a-8811-bcd85320cc8f
bf996092-8d66-408a-8d8e-5065ca3330c2,f679f4cf-c089-4a2b-9b84-b14129630601,97c8f991-c375-48e3-ad97-9c48bd40fea3,6798333b-a288-55fa-b779-a414d9a925b5,,t,acc_document,urn:adsk.wipprod:fs.file:vf.oXKQ7iVOQAKRJdb4EhIXFQ?version=4,dd67792b-aa37-4fcd-9339-c93b3992b57c
bf996092-8d66-408a-8d8e-5065ca3330c2,f679f4cf-c089-4a2b-9b84-b14129630601,c667fca2-79b9-43eb-bd80-1f8a30af93ed,9f554c4e-be3a-5a03-a8b7-8ebec086f7cd,,t,acc_document,urn:adsk.wipprod:fs.file:vf.FF9Ryx5CR5iTkHCFWXJd6A?version=4,54321223-eb63-48a4-beab-cfbe8b6f21de
bf996092-8d66-408a-8d8e-5065ca3330c2,f679f4cf-c089-4a2b-9b84-b14129630601,0ccd9e59-471b-40b8-8579-8ff21f31003f,f5170fbb-cea2-56e0-bf24-43e604b7ecb7,,t,acc_document,urn:adsk.wipprod:fs.file:vf.IJ2M2bEzT2uILR_dr0phmg?version=2,dd8e85e2-e593-4d98-9d7e-90f54abfcc11
bf996092-8d66-408a-8d8e-5065ca3330c2,f679f4cf-c089-4a2b-9b84-b14129630601,b2ebe157-69f3-4a00-8438-0dbbb6ee77a7,f9edfca9-be86-555f-94ca-5f7944130c57,,t,acc_document,urn:adsk.wipprod:fs.file:vf.AtUk-U5qRnm2S6J0VsXdEA?version=2,553e950b-15c1-4c5b-be08-95bc23a865e7
bf996092-8d66-408a-8d8e-5065ca3330c2,ada6015d-9fce-4f2c-b20f-fc9122d2face,e372cdcd-88c4-452b-a6dc-4de186cbcc30,60d72a3e-3eb7-5564-a797-abb94106c545,,t,acc_document,urn:adsk.wipprod:fs.file:vf.ilqi9f7-QVyZJLYx8qxqZQ?version=1,9dc251bc-1ee6-4839-95da-aecf3348429c
bf996092-8d66-408a-8d8e-5065ca3330c2,ada6015d-9fce-4f2c-b20f-fc9122d2face,62022417-84bb-484b-84c8-1086949bec64,5db8136a-d2cc-50d9-96e5-585f59ed0bdf,_autolinks-5cfe75ce-e5bc-4e7f-94d6-613d3e2c191f,f,acc_document,urn:adsk.wipprod:fs.file:vf.5OWkh1rXSuGpu1rFmLt5Ew?version=1,1241ba1b-9d3c-468e-a8b6-0616bcc6511e
bf996092-8d66-408a-8d8e-5065ca3330c2,ada6015d-9fce-4f2c-b20f-fc9122d2face,8c4ff17f-639b-42df-84ad-51e18a6da5f7,dc9ce9ea-5913-5204-8725-60c1e7f5984f,_autolinks-3dcb48e5-c861-4b11-9e91-94e9a21a7ce8,f,acc_document,urn:adsk.wipprod:fs.file:vf.38jdwy0CRnKYnw6XdF85hQ?version=1,241c9695-7cbe-4f25-84d1-11bb0c648917
bf996092-8d66-408a-8d8e-5065ca3330c2,ada6015d-9fce-4f2c-b20f-fc9122d2face,dec07cf2-7c47-4ef8-9363-832b76526479,4294dcb8-4a3e-502c-8f49-fb1c099161d6,_autolinks-9aafabf5-b5e2-43e8-9ba2-a4fe45a1f4ce,f,acc_document,urn:adsk.wipprod:fs.file:vf.b3Osz2cpThSkCdD7jXARTA?version=1,83567faa-be2c-4760-92e2-9c9996e0aed2
bf996092-8d66-408a-8d8e-5065ca3330c2,f679f4cf-c089-4a2b-9b84-b14129630601,3357bf46-fa7c-4264-983e-3453458807dc,444f74b7-1f7b-57c8-af15-b4d00fa6909f,,t,acc_document,urn:adsk.wipprod:fs.file:vf.Za4EwhC_T3qse9a0b6kuSg?version=1,7b5ae463-37bb-475f-9a21-3f5e1013b453
bf996092-8d66-408a-8d8e-5065ca3330c2,f6ab14eb-1a66-4ea5-8a0f-0afbda444403,cc874d09-1399-4612-a545-6621f672a8b5,1995c031-a1c0-526a-80d2-cac5ea7478ba,,t,acc_document,urn:adsk.wipprod:fs.file:vf.odZaEkLaT96ohzTcMJcGCw?version=6,35a3478d-ffc9-4add-b558-128e0c4828bf
bf996092-8d66-408a-8d8e-5065ca3330c2,f6ab14eb-1a66-4ea5-8a0f-0afbda444403,e76a5bfc-7895-41f6-ba4f-b72651ba8e7a,3cce8fc2-bf4c-5ccb-a917-672200145d51,,t,acc_document,urn:adsk.wipprod:fs.file:vf.4u9mw3KIR3KXxMlTn3KAPw?version=6,6fc91c83-e825-4e98-ad61-35b20210cc95
bf996092-8d66-408a-8d8e-5065ca3330c2,f6ab14eb-1a66-4ea5-8a0f-0afbda444403,f0530598-bc13-4579-922d-c140811a7dbb,7095a8c8-dd40-5c94-80f3-214b37c548d1,,t,acc_document,urn:adsk.wipprod:fs.file:vf.sk5D0-r-QL28OUJWIefYoQ?version=6,a8b95875-b7f4-4606-8590-705b3095e536
bf996092-8d66-408a-8d8e-5065ca3330c2,f6ab14eb-1a66-4ea5-8a0f-0afbda444403,c985e7a0-45ba-4643-a8fa-583130658b45,c06c5f50-a395-5353-a80c-a34199a0dcdc,,t,acc_document,urn:adsk.wipprod:fs.file:vf.DYaio_VSQGaclzMYqfHrsw?version=6,660bd4d1-cc53-46f5-abb9-b7d7e8a6dd5c
bf996092-8d66-408a-8d8e-5065ca3330c2,f6ab14eb-1a66-4ea5-8a0f-0afbda444403,752122d0-0006-4244-ae93-2e78dc9eb4d9,70627396-0e34-5ab0-997a-e94d49185b68,,t,acc_document,urn:adsk.wipprod:fs.file:vf.OVDjZRAGRC68y5iSF0DlKA?version=6,097a16d0-8c97-452f-b592-490463dc5667
bf996092-8d66-408a-8d8e-5065ca3330c2,f6ab14eb-1a66-4ea5-8a0f-0afbda444403,2429fca6-a290-40ea-ae3b-ca11d33888bf,842f8fcf-f624-56f7-bfc8-1bece5c49268,,t,acc_document,urn:adsk.wipprod:fs.file:vf.odZaEkLaT96ohzTcMJcGCw?version=7,1ec58be4-9cc9-4992-b71c-8e0f87172acd
bf996092-8d66-408a-8d8e-5065ca3330c2,f6ab14eb-1a66-4ea5-8a0f-0afbda444403,074c1304-b711-403e-85bb-5186790f93a8,94f2eb78-302c-5d8b-a87c-e9bd5e82224b,,t,acc_document,urn:adsk.wipprod:fs.file:vf.OVDjZRAGRC68y5iSF0DlKA?version=7,a18fbbd6-678c-4aec-8cb0-c7f709479244
bf996092-8d66-408a-8d8e-5065ca3330c2,f6ab14eb-1a66-4ea5-8a0f-0afbda444403,4f009abc-27ea-4dd8-921a-e5274b1f29fd,09b986f1-5026-5199-b5d8-ea050b19f849,,t,acc_document,urn:adsk.wipprod:fs.file:vf.DYaio_VSQGaclzMYqfHrsw?version=7,8b5f349b-7633-4817-b459-481d96acb1a7
bf996092-8d66-408a-8d8e-5065ca3330c2,f6ab14eb-1a66-4ea5-8a0f-0afbda444403,a7b08a75-ea66-4d4c-a2ce-d475884e6470,3adda2ab-cbce-579c-9e2b-b0e7f1d2b4df,,t,acc_document,urn:adsk.wipprod:fs.file:vf.sk5D0-r-QL28OUJWIefYoQ?version=7,1c5605d2-d4b5-4509-9864-b423e0e23398
bf996092-8d66-408a-8d8e-5065ca3330c2,f6ab14eb-1a66-4ea5-8a0f-0afbda444403,fb20edcf-9762-488d-b872-8cf898fd8347,3e245cb5-fd86-58af-826f-fa4b852fb772,,t,acc_document,urn:adsk.wipprod:fs.file:vf.4u9mw3KIR3KXxMlTn3KAPw?version=7,e1eee1ff-d452-42c8-accd-22ce970341ea
bf996092-8d66-408a-8d8e-5065ca3330c2,e9b596f2-48ee-419b-a199-da304b38c398,efa02dbe-b58a-41a7-8a3c-9dc269f35266,70fbdfd1-3710-53b6-8ed9-ade9eb693e96,,t,acc_document,urn:adsk.wipprod:fs.file:vf.DjnLGVyCQ5e9mOZ3Mnh_2A?version=1,24027bdc-549b-4aa1-9091-1b1bb12dbc36
bf996092-8d66-408a-8d8e-5065ca3330c2,f679f4cf-c089-4a2b-9b84-b14129630601,be0fea24-2115-474e-95d7-b2bc12056e3f,ce91c0f0-4cd8-5547-a536-1a334e42cdb9,,t,acc_document,urn:adsk.wipprod:fs.file:vf.YhFYcCbfRLqMi9B8EzAp8w?version=1,4ed6390e-b974-47cd-baa0-9dea7bf46202
bf996092-8d66-408a-8d8e-5065ca3330c2,f679f4cf-c089-4a2b-9b84-b14129630601,055994a0-6887-4225-8382-b4e6e56fbb46,dbf975b8-6241-5e87-84ce-838b7a26e97b,,t,acc_document,urn:adsk.wipprod:fs.file:vf.WHRRrHOXQv-p_hySajBwTQ?version=1,231da974-d280-4664-a6d6-25d5d4a73ad5
bf996092-8d66-408a-8d8e-5065ca3330c2,f679f4cf-c089-4a2b-9b84-b14129630601,a27dbcc6-29f2-4929-9008-f4f81d3be1ae,c5f6a82c-8449-5acb-80cc-6832c63a863b,,t,acc_document,urn:adsk.wipprod:fs.file:vf.Cn9_nqmURe-F7_XnHtSQ9w?version=1,af1c87ad-8639-4734-a564-4e4f4d3414c6
bf996092-8d66-408a-8d8e-5065ca3330c2,f679f4cf-c089-4a2b-9b84-b14129630601,8b06aa83-ce52-4ebd-a185-ff02e2550db8,9c8fea37-5bb0-50ef-be01-c1fb03163e26,,t,acc_document,urn:adsk.wipprod:fs.file:vf.XmfjfU_TQUC3upQvq7x0uw?version=1,d4ab8198-9613-4bbc-9aff-420f1d6e7f52
bf996092-8d66-408a-8d8e-5065ca3330c2,23142979-9fb6-4fd3-bd82-62d7e0add75f,5be214a7-98cd-4345-85ae-cf5a63b3f020,e700103b-d25e-5b64-9e69-2035284fa193,,t,acc_document,urn:adsk.wipprod:fs.file:vf.v9FaJlrWQOGXSICan65Qhg?version=1,ced0c6eb-092e-47e0-85d1-dbaa2bb4fc37
bf996092-8d66-408a-8d8e-5065ca3330c2,f679f4cf-c089-4a2b-9b84-b14129630601,e9dd6a93-98e7-4f0e-962a-97bea1f16460,6acced85-2184-5610-8d10-5d019883d4f3,,t,acc_document,urn:adsk.wipprod:fs.file:vf.7fEGn-_iQpCpC7EuAcsjpQ?version=1,45523840-6516-43a3-ad5f-d127d4e0585b
bf996092-8d66-408a-8d8e-5065ca3330c2,e9b596f2-48ee-419b-a199-da304b38c398,2f35d1e0-bce7-4f6d-b508-79f1c71ac3af,3a4810ca-d839-5c5a-bb5e-f98431fb4736,,t,acc_document,urn:adsk.wipprod:fs.file:vf.NO6n48ZfSCuffjBilTHjRA?version=1,a01d766a-3a4c-42cd-bd51-180c5c2d4975
bf996092-8d66-408a-8d8e-5065ca3330c2,f6ab14eb-1a66-4ea5-8a0f-0afbda444403,974b6f13-e452-4966-9d88-a94c1b4236f2,1a528428-527a-5fae-8ee5-bfadec1aa84c,,t,acc_document,urn:adsk.wipprod:fs.file:vf.HPf-gNokTWeEJ_SeY8SVzw?version=2,74412e02-bb20-4d6b-b269-894ac4790e01
bf996092-8d66-408a-8d8e-5065ca3330c2,f6ab14eb-1a66-4ea5-8a0f-0afbda444403,ab8cc0a0-ed74-4296-831e-3ce7867c8a01,66818c4f-e7df-5aaa-b707-63e7b859b873,,t,acc_document,urn:adsk.wipprod:fs.file:vf.WspB6MiTQJ2NkrhSMeD__w?version=2,ff9141de-42dc-4974-96aa-86d4766a8ba6
bf996092-8d66-408a-8d8e-5065ca3330c2,f6ab14eb-1a66-4ea5-8a0f-0afbda444403,b0078def-f589-43f9-b792-f122fb73bb74,83d83844-6fe2-5e56-bbca-c2cfb8129712,,t,acc_document,urn:adsk.wipprod:fs.file:vf.8HktKokRRUyJz2_rkAR0Aw?version=2,5d01f7be-fc20-4b75-b085-0efd64b411ac
bf996092-8d66-408a-8d8e-5065ca3330c2,f6ab14eb-1a66-4ea5-8a0f-0afbda444403,85bda326-d42b-4835-a735-dc95cc2935be,d7da31c5-0ccf-572e-be56-9c0560e004d2,,t,acc_document,urn:adsk.wipprod:fs.file:vf.YXBiR-5XTSaKjMtEMWsJZg?version=2,32770d41-3129-4e16-afa4-1e41d6574514
bf996092-8d66-408a-8d8e-5065ca3330c2,f6ab14eb-1a66-4ea5-8a0f-0afbda444403,37cd0bb9-42e2-46a0-8200-82c7490302fc,2fb34ab5-2efa-50e3-9fac-fd8916ce8c99,,t,acc_document,urn:adsk.wipprod:fs.file:vf.HR2XPuSkTxKgwHr3YsspSA?version=2,c9b83a30-7f00-4f7e-b6c2-937690b046b6
bf996092-8d66-408a-8d8e-5065ca3330c2,f679f4cf-c089-4a2b-9b84-b14129630601,170e87d0-7e06-4f08-a7d7-1d1773f26390,4231bb07-1ae1-5c2c-bf73-ade7ca74bbcb,,t,acc_document,urn:adsk.wipprod:fs.file:vf.oXKQ7iVOQAKRJdb4EhIXFQ?version=5,d08f731f-dbde-4983-95a3-049a55a8d5c9
bf996092-8d66-408a-8d8e-5065ca3330c2,f679f4cf-c089-4a2b-9b84-b14129630601,799b065b-82e8-41bc-9d4a-877557cbb62e,d45e4043-775a-5fd3-81a3-6ece0558806a,,t,acc_document,urn:adsk.wipprod:fs.file:vf.IJ2M2bEzT2uILR_dr0phmg?version=3,a7432eff-60f4-405a-a3d6-c58972caabf4
bf996092-8d66-408a-8d8e-5065ca3330c2,f679f4cf-c089-4a2b-9b84-b14129630601,40203fe8-42b3-45c9-acfc-5b0ffeabab70,d52fe79f-52bc-5e86-bf88-7f25e41c5d09,,t,acc_document,urn:adsk.wipprod:fs.file:vf.AtUk-U5qRnm2S6J0VsXdEA?version=3,4d8374f9-a9a2-4ea4-b786-84d4da35a6c0
bf996092-8d66-408a-8d8e-5065ca3330c2,f679f4cf-c089-4a2b-9b84-b14129630601,0088d8db-958d-45b4-8ff3-60669e6879c9,9ec77718-0507-5e1d-a179-5d835103dc11,,t,acc_document,urn:adsk.wipprod:fs.file:vf.FF9Ryx5CR5iTkHCFWXJd6A?version=5,e2a61a3b-fb2d-46ce-a90b-173660cf6c48
bf996092-8d66-408a-8d8e-5065ca3330c2,f679f4cf-c089-4a2b-9b84-b14129630601,0ecacf00-f2e2-4ebc-87ba-bd622afc5aca,afd97188-402e-5fb0-b766-18af3c39ea5a,,t,acc_document,urn:adsk.wipprod:fs.file:vf.3wQbA4fZS5adLyrkO2z1mA?version=2,93d9b77d-5bbc-47c4-b600-7d462786ead1
bf996092-8d66-408a-8d8e-5065ca3330c2,f679f4cf-c089-4a2b-9b84-b14129630601,295c2f30-5026-442d-b036-2352ab76601a,70b44172-5fee-519f-bc5e-8798c250d8c4,,t,acc_document,urn:adsk.wipprod:fs.file:vf.lLJWahB3TpOxZg9UfSU-5w?version=2,d8ce3c13-502b-4bd8-bdc5-23a4c1aad731
bf996092-8d66-408a-8d8e-5065ca3330c2,f679f4cf-c089-4a2b-9b84-b14129630601,deb39d15-473a-4962-80d4-ccb98efaaa91,5e05f111-94b3-59fe-a1de-83c354bace07,,t,acc_document,urn:adsk.wipprod:fs.file:vf.3wQbA4fZS5adLyrkO2z1mA?version=3,2585f0af-3255-4ecf-bfe1-177d82f13fcc
bf996092-8d66-408a-8d8e-5065ca3330c2,f679f4cf-c089-4a2b-9b84-b14129630601,13030f2a-54e5-4b81-8e4a-731456328d1e,f514009f-b5e9-5b3d-9eb9-a52551ffdc90,,t,acc_document,urn:adsk.wipprod:fs.file:vf.e8b5fKIlQpiw3OapKO1gyQ?version=2,f14f84ad-6419-43b4-b519-93dc4b313d6e
bf996092-8d66-408a-8d8e-5065ca3330c2,f679f4cf-c089-4a2b-9b84-b14129630601,c2f2e270-fe0b-4e2a-94d4-67653bd7cb87,1032a2fa-c95e-5286-94b1-08eaa1c00006,,t,acc_document,urn:adsk.wipprod:fs.file:vf.wpQTaxWRTyCC2aPNYEzbAg?version=2,696eba98-3f31-4f56-b5c7-f6a6e0de3c21
bf996092-8d66-408a-8d8e-5065ca3330c2,f679f4cf-c089-4a2b-9b84-b14129630601,8f90cdde-9ada-4ab2-9c5f-b98643bb1ebf,a14e6801-714a-5751-8a05-d05b1cca98d2,,t,acc_document,urn:adsk.wipprod:fs.file:vf.XmfjfU_TQUC3upQvq7x0uw?version=2,a3e80726-a63b-4aad-9be7-be25089be874
bf996092-8d66-408a-8d8e-5065ca3330c2,f679f4cf-c089-4a2b-9b84-b14129630601,f6275e57-dfc6-44a0-b4c0-0084b428a3e4,227a96f0-c6a5-5fa4-af78-e9475a6dbefb,,t,acc_document,urn:adsk.wipprod:fs.file:vf.mY1Gnb8vSZeOG0MaCebW_g?version=3,bdfd4ea0-11ce-4f32-af6d-a2ae5b8ba5e8
bf996092-8d66-408a-8d8e-5065ca3330c2,f6ab14eb-1a66-4ea5-8a0f-0afbda444403,996e1878-bd90-4df4-a2bf-157b9420d45a,06605945-d340-52b9-a666-5839df5f51ea,,t,acc_document,urn:adsk.wipprod:fs.file:vf.ZCkU29jlSm2txqFv1fI7hQ?version=1,cff748b0-e9e4-49c4-9f61-7dab66f8d291
bf996092-8d66-408a-8d8e-5065ca3330c2,f6ab14eb-1a66-4ea5-8a0f-0afbda444403,e826fdb9-82ca-4f55-b142-1ac3de681d2b,d8b0735d-05dc-5ed8-b1f2-2b2aa4ec4103,,t,acc_document,urn:adsk.wipprod:fs.file:vf.VrBugw7BTAuq_wAyn_8JYg?version=1,b17c530a-4fb8-490b-9e6b-544e6ef3affa
bf996092-8d66-408a-8d8e-5065ca3330c2,23142979-9fb6-4fd3-bd82-62d7e0add75f,929249ce-4d16-474f-ba8f-cf8f0fea5632,c9cc998e-d2ef-5a70-b3f1-05cfa316015a,,t,acc_document,urn:adsk.wipprod:fs.file:vf.Qi-aD_8PQ6O2csFpAPqtTA?version=2,8ac580f4-74f4-4b7b-b4c3-60c51648abea
bf996092-8d66-408a-8d8e-5065ca3330c2,23142979-9fb6-4fd3-bd82-62d7e0add75f,2517d1bf-cc83-439d-bb32-86e9fbe1aa80,708df462-d8c6-5d69-84ae-1139ae94cb65,,t,acc_document,urn:adsk.wipprod:fs.file:vf.30RsiLsRTLqhCdMtstHSmg?version=3,17776325-61da-4a7e-b28c-dd72c642cf77
bf996092-8d66-408a-8d8e-5065ca3330c2,23142979-9fb6-4fd3-bd82-62d7e0add75f,3babba83-a4fe-4f34-bd66-4178d3374c22,da045d76-eb46-5819-a9bd-d0603d6efc3c,,t,acc_document,urn:adsk.wipprod:fs.file:vf.FvaT4H9cSkOya9MQ23j-zQ?version=3,72cf1de9-ae2d-4b4f-9dc5-0b5596ef01fe
bf996092-8d66-408a-8d8e-5065ca3330c2,f679f4cf-c089-4a2b-9b84-b14129630601,920638f8-e931-44a3-a9b2-3b61fcfbe970,abeaf560-9269-5085-b96f-8a41ae7d754d,,t,acc_document,urn:adsk.wipprod:fs.file:vf.cxf4rnJLT06hmlN7-SfJFw?version=2,a88e1c22-558a-4ec8-8023-b82f3d777fb9
bf996092-8d66-408a-8d8e-5065ca3330c2,f679f4cf-c089-4a2b-9b84-b14129630601,de3a7c8b-32b6-4ffe-97e9-2cc0454bfcee,cfb11a4a-2eba-5088-8b54-4806b8e55857,,t,acc_document,urn:adsk.wipprod:fs.file:vf.e8b5fKIlQpiw3OapKO1gyQ?version=3,32cdae2e-2592-472f-a762-ea910661ee25
bf996092-8d66-408a-8d8e-5065ca3330c2,f679f4cf-c089-4a2b-9b84-b14129630601,befb1707-7cf7-418e-9b3c-0b1b888fa1f6,24cad9b8-e377-594f-b598-7862929e8475,,t,acc_document,urn:adsk.wipprod:fs.file:vf.xuvNUU1NTtyLIE3C4AkaOw?version=2,df243401-bdf6-4347-b081-799b11c491e0
bf996092-8d66-408a-8d8e-5065ca3330c2,f679f4cf-c089-4a2b-9b84-b14129630601,33b8a59e-69cc-47a2-b2e7-f93b87a1ecbd,0e45f8e5-d514-557c-8b05-42e3752331bc,,t,acc_document,urn:adsk.wipprod:fs.file:vf.bleGVEwXSCC3NcMpFZdPQA?version=2,2a93906f-b5ac-441d-b8d6-af2e903b7696
bf996092-8d66-408a-8d8e-5065ca3330c2,f679f4cf-c089-4a2b-9b84-b14129630601,30f899d8-0dc2-4ad5-89a1-3de4be372f66,07ca7c15-0bff-543e-a7f4-418a7886fa40,,t,acc_document,urn:adsk.wipprod:fs.file:vf.wpQTaxWRTyCC2aPNYEzbAg?version=3,b52f35dd-3001-402a-a097-b3e4ef6ca62e
bf996092-8d66-408a-8d8e-5065ca3330c2,f679f4cf-c089-4a2b-9b84-b14129630601,c655e4f5-7236-49a6-8eb6-6b2d3b383c67,94d6abe9-2edb-55da-8434-0c0f779df460,,t,acc_document,urn:adsk.wipprod:fs.file:vf.MZsg3D-8SrqudYGp82ixNw?version=2,477bc5c4-2187-4199-86d7-0af8213193e6
bf996092-8d66-408a-8d8e-5065ca3330c2,f679f4cf-c089-4a2b-9b84-b14129630601,15d1713d-c14f-4352-98ac-336778add785,dc0543ec-f2c8-5fae-9d30-29d07d6c7ce7,,t,acc_document,urn:adsk.wipprod:fs.file:vf.lLJWahB3TpOxZg9UfSU-5w?version=3,f98c7aae-1304-4843-97c3-2c7b721a1ba1
bf996092-8d66-408a-8d8e-5065ca3330c2,f679f4cf-c089-4a2b-9b84-b14129630601,c93a80ea-12dc-461a-a08d-631492e16622,5db44d57-a6d5-5992-98d0-10a871d36395,,t,acc_document,urn:adsk.wipprod:fs.file:vf.XmfjfU_TQUC3upQvq7x0uw?version=3,98efcb80-e4f2-4299-bc64-1615dbd445b3
bf996092-8d66-408a-8d8e-5065ca3330c2,f679f4cf-c089-4a2b-9b84-b14129630601,d0fb5ca9-2bc7-4a8e-9e86-b6b56b951451,dbcf9b68-6c16-5b82-9203-3a48b7658254,,t,acc_document,urn:adsk.wipprod:fs.file:vf.3wQbA4fZS5adLyrkO2z1mA?version=4,a6e0a76b-663c-4454-964f-b4b26963f440
bf996092-8d66-408a-8d8e-5065ca3330c2,23142979-9fb6-4fd3-bd82-62d7e0add75f,1a2649c9-3a40-4044-b4e5-6dc017ba068f,34c683d5-87da-535c-8b17-fbeaf2414330,,t,acc_document,urn:adsk.wipprod:fs.file:vf.30RsiLsRTLqhCdMtstHSmg?version=4,71070ffa-7972-4c1c-83e0-b54f14be3d5d
bf996092-8d66-408a-8d8e-5065ca3330c2,23142979-9fb6-4fd3-bd82-62d7e0add75f,feaf1235-78c5-4612-b273-c78f4b8485ac,4bdcc4d3-dfea-5cca-bab9-4b13cea6888d,,t,acc_document,urn:adsk.wipprod:fs.file:vf.FvaT4H9cSkOya9MQ23j-zQ?version=4,a0971e73-8521-48b4-a1b0-cb634b7276a9
bf996092-8d66-408a-8d8e-5065ca3330c2,23142979-9fb6-4fd3-bd82-62d7e0add75f,c82cfc3a-e381-4d8a-b9db-60355393c900,4b68fb8c-9b50-58d6-bd78-c391b2cc1270,,t,acc_document,urn:adsk.wipprod:fs.file:vf.30RsiLsRTLqhCdMtstHSmg?version=4,71070ffa-7972-4c1c-83e0-b54f14be3d5d
bf996092-8d66-408a-8d8e-5065ca3330c2,23142979-9fb6-4fd3-bd82-62d7e0add75f,f48f9de1-9699-4998-8d70-108a1cb3f19d,54d3b516-a937-5bed-8699-9f0d49b38b93,,t,acc_document,urn:adsk.wipprod:fs.file:vf.Qi-aD_8PQ6O2csFpAPqtTA?version=3,e11a9246-eb84-4cd8-86d4-105c485004e9
bf996092-8d66-408a-8d8e-5065ca3330c2,f679f4cf-c089-4a2b-9b84-b14129630601,856603de-0478-4643-962f-8d32d158c89d,8805f8b7-0e11-556e-b730-dfc2067feea8,,t,acc_document,urn:adsk.wipprod:fs.file:vf.XPDUIUtLTe6Dsrx8-2pBXQ?version=1,689ebf08-1c22-4d0e-b283-4f57bde73aa2
bf996092-8d66-408a-8d8e-5065ca3330c2,2f551e7d-05e6-4bfc-8ee1-0ef3a8487c11,09ee5fd1-19bd-40b7-8bb4-5782f711fe34,c41d4548-8988-5991-9ee8-f3f1adaee65a,,t,acc_document,urn:adsk.wipprod:fs.file:vf._VazPRGtRGK3QJyCa9RRQA?version=1,1e743282-5600-4fd3-9c19-f97df1fa0e21
bf996092-8d66-408a-8d8e-5065ca3330c2,2f551e7d-05e6-4bfc-8ee1-0ef3a8487c11,ee185640-a2a0-4d09-b254-b700a7eb1515,eaf5741c-f44c-5ea6-adf1-31414938ab2c,,t,acc_document,urn:adsk.wipprod:fs.file:vf._VazPRGtRGK3QJyCa9RRQA?version=2,d94d8002-7974-46fa-ab60-20ab5736d4d3
bf996092-8d66-408a-8d8e-5065ca3330c2,2f551e7d-05e6-4bfc-8ee1-0ef3a8487c11,a8c660a1-b760-4ad1-bdd1-8cb49bac6dab,c0efeec7-d9ca-5787-8019-b18dd11e0492,,t,acc_document,urn:adsk.wipprod:fs.file:vf._VazPRGtRGK3QJyCa9RRQA?version=3,50613af2-3c81-47fc-9cbd-6cc4e86ba1f3
bf996092-8d66-408a-8d8e-5065ca3330c2,f679f4cf-c089-4a2b-9b84-b14129630601,fa6160ee-cb87-42a3-afc2-2336b1e61c85,77401f0c-0478-5195-8f16-834518d81190,,t,acc_document,urn:adsk.wipprod:fs.file:vf.3wQbA4fZS5adLyrkO2z1mA?version=5,627b2ad4-2eaa-4c6d-ade1-ee4db035c7c3
bf996092-8d66-408a-8d8e-5065ca3330c2,f679f4cf-c089-4a2b-9b84-b14129630601,79d370ae-1e42-4440-a380-4e484039e098,b1125728-0a3c-575a-8530-a3c9d9470964,,t,acc_document,urn:adsk.wipprod:fs.file:vf.lLJWahB3TpOxZg9UfSU-5w?version=4,02447e86-97b3-4b70-867b-c9b4da003ee0
bf996092-8d66-408a-8d8e-5065ca3330c2,f679f4cf-c089-4a2b-9b84-b14129630601,89979c55-6a2a-441d-9456-a8009617cb74,9ee45239-c6ef-52e0-afd9-2b511ddae585,,t,acc_document,urn:adsk.wipprod:fs.file:vf.uXQBSk-2Q1KDjBoXEiFuuQ?version=2,eba00e1f-cbf9-48ab-b742-028c71c1f71b
bf996092-8d66-408a-8d8e-5065ca3330c2,f6ab14eb-1a66-4ea5-8a0f-0afbda444403,a2450a08-d513-49f9-b25c-29dff64f4de1,4cda3251-d210-5df4-8ccb-05e0d52c37fd,,t,acc_document,urn:adsk.wipprod:fs.file:vf.ka35jmprQIyvplbqvX8oLw?version=1,1ea13f7e-5689-465f-95f8-a3a59e05ec61
bf996092-8d66-408a-8d8e-5065ca3330c2,2f551e7d-05e6-4bfc-8ee1-0ef3a8487c11,4975cc86-a1f9-44e4-9d62-c634d3476bea,8cdf5754-95ab-5944-9e48-6bb385f2e90c,,t,acc_document,urn:adsk.wipprod:fs.file:vf.wk4jrHzjQ_GMZiIP5JZUAA?version=1,8059b6af-ebc8-4a27-ac7e-8db65414bec7
bf996092-8d66-408a-8d8e-5065ca3330c2,f679f4cf-c089-4a2b-9b84-b14129630601,0d74d22e-a09d-4ae4-8b76-38ba78ee10ab,fcad18f8-de82-5836-80d5-bddec352f13f,,t,acc_document,urn:adsk.wipprod:fs.file:vf.0VEDoWfSSQWSrRg_OO3Tag?version=3,e89c2d3c-b725-4c2b-99f2-c39a7d18fad3
bf996092-8d66-408a-8d8e-5065ca3330c2,2f551e7d-05e6-4bfc-8ee1-0ef3a8487c11,e9c911aa-db71-4839-9e54-8af57db0b778,2b3dc12b-4be9-50fc-ab28-bf992897883e,,t,acc_document,urn:adsk.wipprod:fs.file:vf.GWTgJ0J3StCEjFUFDtH-yw?version=1,df51aed1-4116-4318-b039-d8d0d082458b
bf996092-8d66-408a-8d8e-5065ca3330c2,2f551e7d-05e6-4bfc-8ee1-0ef3a8487c11,d4b21840-654f-4b27-af6c-5ac77884fa53,fba449a0-1b5e-5b00-b3f6-ac91d53f2f94,,t,acc_document,urn:adsk.wipprod:fs.file:vf.9ogc6cC8Qrq7wpWQJP6ygg?version=1,6a917e5b-197e-4273-bb5f-04bf35693e50
bf996092-8d66-408a-8d8e-5065ca3330c2,f679f4cf-c089-4a2b-9b84-b14129630601,e8eecccc-1d06-44ee-90b9-75787c35bf60,150942e9-7294-5201-add3-f628bd6bf8db,,t,acc_document,urn:adsk.wipprod:fs.file:vf.OPSU2zcFSpuXLsyablsVmw?version=1,df69fb03-b81c-44b9-87dc-5840e89fc9d1
bf996092-8d66-408a-8d8e-5065ca3330c2,2f551e7d-05e6-4bfc-8ee1-0ef3a8487c11,4b9878ac-fc4b-45ae-a4c8-d8c8e2908b9e,913d73c4-383a-5099-9a86-4c8bd4e69e3e,,t,acc_document,urn:adsk.wipprod:fs.file:vf.jHPRzLkOTduBfrRvwAfJSg?version=1,680966e0-88c9-4a2e-a185-f60d81f04c58
bf996092-8d66-408a-8d8e-5065ca3330c2,f679f4cf-c089-4a2b-9b84-b14129630601,1b22b0a1-e5cc-4370-a1c8-20b9dcd5c15f,60e98d9b-6d41-5e32-a02a-48b1559a402c,,t,acc_document,urn:adsk.wipprod:fs.file:vf.Og_JGa2zTMO7WVlIR11xZw?version=1,28c2690e-8d58-4298-8b11-3fd3f2fef0c1
bf996092-8d66-408a-8d8e-5065ca3330c2,2f551e7d-05e6-4bfc-8ee1-0ef3a8487c11,812c9e75-c30c-4d46-84f7-37ca48a87470,3a865760-07a9-54cb-af1c-a84c5675fed5,,t,acc_document,urn:adsk.wipprod:fs.file:vf.9ogc6cC8Qrq7wpWQJP6ygg?version=2,76473a88-9346-4577-9793-1ba9ebc6ccf1
bf996092-8d66-408a-8d8e-5065ca3330c2,2f551e7d-05e6-4bfc-8ee1-0ef3a8487c11,f835c673-9dc1-4560-acb0-eb9edf6483e4,179620d4-67dc-59af-b8df-12504dd6e198,,t,acc_document,urn:adsk.wipprod:fs.file:vf.GWTgJ0J3StCEjFUFDtH-yw?version=2,393926a2-33ed-4437-8fbd-ce1cef358f3c
bf996092-8d66-408a-8d8e-5065ca3330c2,2f551e7d-05e6-4bfc-8ee1-0ef3a8487c11,b37ebc29-b3e4-4ccf-b0ae-f7de03387565,5aa7599d-ac5e-50c8-923b-5e5b17c398b3,,t,acc_document,urn:adsk.wipprod:fs.file:vf.wk4jrHzjQ_GMZiIP5JZUAA?version=2,09c07312-f5fe-4f5c-b297-71c9a2970187
bf996092-8d66-408a-8d8e-5065ca3330c2,f679f4cf-c089-4a2b-9b84-b14129630601,f24be497-35d4-483d-9c4a-32c4947109c9,6c87542b-3cfd-5cd2-93bf-ecb2d6dffee8,,t,acc_document,urn:adsk.wipprod:fs.file:vf.WHRRrHOXQv-p_hySajBwTQ?version=2,2e0810fe-d432-4479-b2a4-83817bc079a4
bf996092-8d66-408a-8d8e-5065ca3330c2,f679f4cf-c089-4a2b-9b84-b14129630601,cbfdf1bc-8070-4944-84eb-d58dc75cc124,8e7bcbd6-8655-559e-9a6b-6dbf0f3600ba,,t,acc_document,urn:adsk.wipprod:fs.file:vf.7fEGn-_iQpCpC7EuAcsjpQ?version=2,2aa29d32-2072-4703-8bec-df7cdac557d3
bf996092-8d66-408a-8d8e-5065ca3330c2,f679f4cf-c089-4a2b-9b84-b14129630601,19dee147-4212-4f78-8bbc-50a095500214,2ba7bc6f-bea9-5daf-8be6-1ba683cdaa65,,t,acc_document,urn:adsk.wipprod:fs.file:vf.Cn9_nqmURe-F7_XnHtSQ9w?version=2,efd44c87-6c2a-43bb-9eee-c9f6e72bded2
bf996092-8d66-408a-8d8e-5065ca3330c2,f6ab14eb-1a66-4ea5-8a0f-0afbda444403,08fe20e6-fc86-486e-b5bc-fe2dc1bcce36,bcd9e86f-9716-5771-8f78-d2e867923318,,t,acc_document,urn:adsk.wipprod:fs.file:vf.odZaEkLaT96ohzTcMJcGCw?version=8,c92e229f-9428-4707-8f5e-66b5f4d54bfa
bf996092-8d66-408a-8d8e-5065ca3330c2,f6ab14eb-1a66-4ea5-8a0f-0afbda444403,f0c2e825-721f-4345-9106-1b9fe947ece9,d05a671d-bc02-503a-891c-698cb865be2f,,t,acc_document,urn:adsk.wipprod:fs.file:vf.OVDjZRAGRC68y5iSF0DlKA?version=8,2717dd5b-20c0-4906-88c2-14cf8ab9e92b
bf996092-8d66-408a-8d8e-5065ca3330c2,f6ab14eb-1a66-4ea5-8a0f-0afbda444403,33074696-7b67-438f-a4f3-f4bcd583b338,b28eb2ed-24bf-5e1f-9726-f5ee771ecee6,,t,acc_document,urn:adsk.wipprod:fs.file:vf.DYaio_VSQGaclzMYqfHrsw?version=8,d13ae712-0d72-40b2-b65f-0d64ed7ac64e
bf996092-8d66-408a-8d8e-5065ca3330c2,f6ab14eb-1a66-4ea5-8a0f-0afbda444403,9d656d49-48bb-48e3-be0e-85f24ddc4ff1,c60c48e1-7772-5a05-b880-df8b592965b4,,t,acc_document,urn:adsk.wipprod:fs.file:vf.4u9mw3KIR3KXxMlTn3KAPw?version=8,e2f98093-1394-4591-b5d2-382c5e8eb39f
bf996092-8d66-408a-8d8e-5065ca3330c2,f6ab14eb-1a66-4ea5-8a0f-0afbda444403,5ca8f3b7-28c5-47bc-91ba-d82a377a358b,27412ab2-9f24-5187-ad8f-6f73c729816a,,t,acc_document,urn:adsk.wipprod:fs.file:vf.sk5D0-r-QL28OUJWIefYoQ?version=8,e94e2e99-9243-40c4-b657-95e40419811d
bf996092-8d66-408a-8d8e-5065ca3330c2,2f551e7d-05e6-4bfc-8ee1-0ef3a8487c11,58c9e6e5-0d50-4a29-902c-ba1514fd86ca,fbd73797-d068-500a-9c24-060711f3577f,,t,acc_document,urn:adsk.wipprod:fs.file:vf.ctxy4UOcSoeL2L09-GO2yQ?version=2,16c40b62-1287-498f-bf6a-4eb1c54045ef
bf996092-8d66-408a-8d8e-5065ca3330c2,23142979-9fb6-4fd3-bd82-62d7e0add75f,a24334f4-1bcb-4add-801a-5a5fab25cfb2,e6af7047-d8fb-5b7f-a0cf-5ba643e74a0b,,t,acc_document,urn:adsk.wipprod:fs.file:vf.Qi-aD_8PQ6O2csFpAPqtTA?version=4,6c83e7a7-dc97-4a99-a08d-f00208f567b4
bf996092-8d66-408a-8d8e-5065ca3330c2,f679f4cf-c089-4a2b-9b84-b14129630601,ca817b6f-aae7-45df-9f27-59078f25c298,36797133-b06c-56ad-873c-7fbac6e0e099,,t,acc_document,urn:adsk.wipprod:fs.file:vf.dh_M4fiBQ4CHUloPQvUKvQ?version=1,e8d17b77-5e92-4d0a-85a7-c5331d4c31f9
bf996092-8d66-408a-8d8e-5065ca3330c2,f679f4cf-c089-4a2b-9b84-b14129630601,d610d8a5-ccb2-4b8e-ab99-dd2afe4683d2,d9de4bff-38f3-5139-b08c-44c825d44265,,t,acc_document,urn:adsk.wipprod:fs.file:vf.f6nvLbUjSdus8QZIGA_Vbg?version=1,d451a895-6a73-4c2d-96c9-8b347c2757b7
bf996092-8d66-408a-8d8e-5065ca3330c2,f679f4cf-c089-4a2b-9b84-b14129630601,968e75d8-051f-432d-aee9-6dde0a689a4f,ce96e812-6f3f-5291-99bb-2cbf4e747c17,,t,acc_document,urn:adsk.wipprod:fs.file:vf.XilDnPsBT4SXqcdojgn2Wg?version=1,ea29ff28-9619-405d-aef2-8bd8a574ceef
bf996092-8d66-408a-8d8e-5065ca3330c2,f679f4cf-c089-4a2b-9b84-b14129630601,75c66a0e-8d02-4d82-ba98-5440987abab8,3b787111-26af-5ad8-9c21-5cf64cfa9c87,,t,acc_document,urn:adsk.wipprod:fs.file:vf.7vKZun09RAWC-5ZXB9fxUw?version=1,58d5be19-f44e-408f-8f00-43709a07b3c7
bf996092-8d66-408a-8d8e-5065ca3330c2,ada6015d-9fce-4f2c-b20f-fc9122d2face,a2ab9aad-aead-4b3a-9b2c-1f6ff16de7d1,b5b7e98d-65e2-5a07-a880-7d93c848a401,,t,acc_document,urn:adsk.wipprod:fs.file:vf.R4uVvP8_SB6nmldLy48EkQ?version=1,4c573fe7-c1e8-4a72-aeeb-b2284a302015
bf996092-8d66-408a-8d8e-5065ca3330c2,f679f4cf-c089-4a2b-9b84-b14129630601,d3bbb0fd-ba83-4813-a904-214e02bf7b81,8ac09e95-56ee-5a3a-ad2e-78593195abb7,,t,acc_document,urn:adsk.wipprod:fs.file:vf.Z_1q6esRQAiY2zarvGUUXQ?version=1,27c579c1-1174-4887-a7dd-6151644f1f5c
bf996092-8d66-408a-8d8e-5065ca3330c2,f679f4cf-c089-4a2b-9b84-b14129630601,30379d03-872e-483e-bae0-a4e29caf978f,b7bc787d-6f24-5be3-912e-c057db50283e,,t,acc_document,urn:adsk.wipprod:fs.file:vf.mGeftpvPTU2XIrRQ5oT1-A?version=1,e95c242d-1930-460f-90a5-3ff7f2eb538c
bf996092-8d66-408a-8d8e-5065ca3330c2,2f551e7d-05e6-4bfc-8ee1-0ef3a8487c11,45cb3f07-d1d7-4b76-9e54-ea90c79370bc,fb652950-e13e-5952-b1ad-d50c7c716789,,t,acc_document,urn:adsk.wipprod:fs.file:vf.xSHKSaMoSji0wbAL22HdLg?version=2,00fb9cba-6c4e-445f-bf71-aa5113cbd3c4
bf996092-8d66-408a-8d8e-5065ca3330c2,f6ab14eb-1a66-4ea5-8a0f-0afbda444403,7ab4ccd0-03ed-4b02-a83b-7c29c91239b8,51651e4a-d8d2-5dcb-b4d1-68ad37a35075,,t,acc_document,urn:adsk.wipprod:fs.file:vf.S3UG37PQRCC_MoLQVFni-A?version=1,7c018d9f-0919-410d-b11b-d42f4a77f3f6
bf996092-8d66-408a-8d8e-5065ca3330c2,f6ab14eb-1a66-4ea5-8a0f-0afbda444403,ba0d8709-ba39-4f5e-b73c-226fc940b721,e0e111c3-40b9-58c2-86e3-9bc922980c03,,t,acc_document,urn:adsk.wipprod:fs.file:vf.kgqaLQ4QTjKg8vHDcFpJ8Q?version=1,bf55ed3c-beff-4761-aa4b-b757d650a177
bf996092-8d66-408a-8d8e-5065ca3330c2,f6ab14eb-1a66-4ea5-8a0f-0afbda444403,1f1ab38e-e76c-4303-8c49-89a6cdc7ef9f,ab8f48eb-ccb1-5625-a11a-c28d0abd7cdf,,t,acc_document,urn:adsk.wipprod:fs.file:vf.DYaio_VSQGaclzMYqfHrsw?version=9,551815a3-7691-493a-8f82-b6720f57098d
bf996092-8d66-408a-8d8e-5065ca3330c2,f6ab14eb-1a66-4ea5-8a0f-0afbda444403,250092b2-bc75-4c50-844d-956fe5117e9a,7655e213-26ab-5a87-9b1f-e0298f771213,,t,acc_document,urn:adsk.wipprod:fs.file:vf.4u9mw3KIR3KXxMlTn3KAPw?version=9,54454068-8d37-4d8a-a11c-ef8c98cd5250
bf996092-8d66-408a-8d8e-5065ca3330c2,f6ab14eb-1a66-4ea5-8a0f-0afbda444403,026609e8-f3d0-446e-9146-78ae01791405,87ffee9b-4d6e-55b9-8e91-22b54f5265d2,,t,acc_document,urn:adsk.wipprod:fs.file:vf.OVDjZRAGRC68y5iSF0DlKA?version=9,d082864f-02f0-499c-88aa-aa23108c5b43
bf996092-8d66-408a-8d8e-5065ca3330c2,f6ab14eb-1a66-4ea5-8a0f-0afbda444403,253ab276-b0b2-421d-8a08-7051464ddf0c,ffd3f93c-a42f-54d3-a199-9441c4e8ed75,,t,acc_document,urn:adsk.wipprod:fs.file:vf.odZaEkLaT96ohzTcMJcGCw?version=9,abe3d88b-2895-492c-afec-d7fcdfcace88
bf996092-8d66-408a-8d8e-5065ca3330c2,f6ab14eb-1a66-4ea5-8a0f-0afbda444403,000d683d-50fd-4b7d-a311-ca5173d0d0b3,8cc87443-4d99-5fc0-8ed7-e74764ed3501,,t,acc_document,urn:adsk.wipprod:fs.file:vf.sk5D0-r-QL28OUJWIefYoQ?version=9,ff89f526-771f-4366-a206-a16265876111
bf996092-8d66-408a-8d8e-5065ca3330c2,f679f4cf-c089-4a2b-9b84-b14129630601,ac56b105-100a-46a5-9994-91683d498595,9f3b5166-568d-5ea9-9c69-e87e51552273,,t,acc_document,urn:adsk.wipprod:fs.file:vf.bleGVEwXSCC3NcMpFZdPQA?version=3,4605818b-569a-4d98-b2b7-fb5f4b638d48
bf996092-8d66-408a-8d8e-5065ca3330c2,f679f4cf-c089-4a2b-9b84-b14129630601,8b97b15a-b297-4595-8c5c-08a8497da794,ddf37bd3-4a93-5a10-90ba-8d23bdcb0f70,,t,acc_document,urn:adsk.wipprod:fs.file:vf.MZsg3D-8SrqudYGp82ixNw?version=3,7781fb83-1075-4831-9ea1-ce56bab66706
bf996092-8d66-408a-8d8e-5065ca3330c2,f679f4cf-c089-4a2b-9b84-b14129630601,2c28f222-5ccd-46ae-82a2-0069102fa613,7dd08948-203f-5f7f-937d-efbb21163800,,t,acc_document,urn:adsk.wipprod:fs.file:vf.xuvNUU1NTtyLIE3C4AkaOw?version=3,dd8577af-b047-48b7-9348-d4c816ba09d3
bf996092-8d66-408a-8d8e-5065ca3330c2,f679f4cf-c089-4a2b-9b84-b14129630601,d848c08f-37d8-4d54-9371-bf15fbb5abcd,d53dd9eb-4353-5157-9065-f0f86d061626,,t,acc_document,urn:adsk.wipprod:fs.file:vf.wpQTaxWRTyCC2aPNYEzbAg?version=4,58c2d618-0a62-40d7-a352-f30b47e7f742
bf996092-8d66-408a-8d8e-5065ca3330c2,f679f4cf-c089-4a2b-9b84-b14129630601,8f04200f-bbb0-4ac4-ba08-2a5ab41744f3,ca0384f3-e560-5ec4-9231-50d3d26035ca,,t,acc_document,urn:adsk.wipprod:fs.file:vf.XmfjfU_TQUC3upQvq7x0uw?version=4,52ab23e1-29fd-440c-ae07-e2d1a40bb301
bf996092-8d66-408a-8d8e-5065ca3330c2,f679f4cf-c089-4a2b-9b84-b14129630601,5c992911-af00-4fe1-9004-28bc6c748796,ffa41c15-8b6d-5a61-aff0-63aac5544eb1,,t,acc_document,urn:adsk.wipprod:fs.file:vf.cxf4rnJLT06hmlN7-SfJFw?version=3,b9dd1eb4-b4dc-4db1-a602-48ed559fdd73
bf996092-8d66-408a-8d8e-5065ca3330c2,f679f4cf-c089-4a2b-9b84-b14129630601,5f9d2f37-2540-4d1d-bfca-93223b161e00,b1bc1ffb-957e-571e-9cf9-d063e054606b,,t,acc_document,urn:adsk.wipprod:fs.file:vf.e8b5fKIlQpiw3OapKO1gyQ?version=4,d4f6eaff-ad5c-4919-a59a-8fd965c4d092
bf996092-8d66-408a-8d8e-5065ca3330c2,2f551e7d-05e6-4bfc-8ee1-0ef3a8487c11,9b3f3b37-2df7-4212-bd52-ff57a9263194,aec67dff-e5db-52e9-9a77-0f90591af295,,t,acc_document,urn:adsk.wipprod:fs.file:vf.gjsfLcOzRH2YG3QF0lRIZg?version=1,5fdbdb49-4ce1-4487-8e87-c177dde72335
bf996092-8d66-408a-8d8e-5065ca3330c2,2f551e7d-05e6-4bfc-8ee1-0ef3a8487c11,4f61d033-8f2a-45e9-9464-85a0612c30c8,255bde70-9cce-51ff-88d4-ac2946b2b5b1,,t,acc_document,urn:adsk.wipprod:fs.file:vf.erAUs73SRXWUJCGbLeQouQ?version=1,a47081e8-bbde-472c-9681-a242a46ac42f
bf996092-8d66-408a-8d8e-5065ca3330c2,2f551e7d-05e6-4bfc-8ee1-0ef3a8487c11,3640048f-9691-4be5-8123-90890556842d,7099099d-8975-58dc-9583-0fc041227f69,,t,acc_document,urn:adsk.wipprod:fs.file:vf.B_ha0bWBS2WdZ90IwucYMA?version=1,d4806e4d-6bdd-4443-bc5d-ce278022bec8
bf996092-8d66-408a-8d8e-5065ca3330c2,f6ab14eb-1a66-4ea5-8a0f-0afbda444403,cd3956b7-0bca-4b0b-b8b6-c86a98db8cac,62e7dc11-adbc-5240-93ce-cf856b48fc6b,,t,acc_document,urn:adsk.wipprod:fs.file:vf.TP3-LSXlRmG8nMEBNpEHWg?version=2,170800e6-d48d-443a-aba2-74803854cabe
bf996092-8d66-408a-8d8e-5065ca3330c2,f6ab14eb-1a66-4ea5-8a0f-0afbda444403,295c46bd-7be5-450b-9427-784920660220,8dda7044-d549-5c24-b0dd-9bdd91852f3e,,t,acc_document,urn:adsk.wipprod:fs.file:vf.4u9mw3KIR3KXxMlTn3KAPw?version=10,713e9e3a-a9df-4595-86f6-8bbd142c5ab6
bf996092-8d66-408a-8d8e-5065ca3330c2,f6ab14eb-1a66-4ea5-8a0f-0afbda444403,c39ddab6-ab59-4a73-919c-4ab0258976d9,2f27f5d9-1d13-545c-9399-154fffc4c050,,t,acc_document,urn:adsk.wipprod:fs.file:vf.sk5D0-r-QL28OUJWIefYoQ?version=10,d08609c3-2de1-4582-a197-a224b757b66f
bf996092-8d66-408a-8d8e-5065ca3330c2,f6ab14eb-1a66-4ea5-8a0f-0afbda444403,0cfed7fb-f935-4782-888f-df228375a7a4,9ac4916d-7667-5466-94f5-e83df75abc64,,t,acc_document,urn:adsk.wipprod:fs.file:vf.DYaio_VSQGaclzMYqfHrsw?version=10,4d758504-78a0-4953-8b36-f29caea8228f
bf996092-8d66-408a-8d8e-5065ca3330c2,f6ab14eb-1a66-4ea5-8a0f-0afbda444403,9f34a723-38f0-4841-96c7-fc2a51e8bbf7,a2911e47-6c50-590e-9db8-3d748f6d0de8,,t,acc_document,urn:adsk.wipprod:fs.file:vf.odZaEkLaT96ohzTcMJcGCw?version=10,911468be-7a48-4b6e-9f5a-6d3884fe2725
bf996092-8d66-408a-8d8e-5065ca3330c2,f6ab14eb-1a66-4ea5-8a0f-0afbda444403,e9bb9214-20f4-4051-b5f4-d71bdf4ff523,3807eb47-883b-5c51-963f-26a309be4470,,t,acc_document,urn:adsk.wipprod:fs.file:vf.OVDjZRAGRC68y5iSF0DlKA?version=10,f39d4760-a2a0-4e01-944c-06488185a9f8
bf996092-8d66-408a-8d8e-5065ca3330c2,f6ab14eb-1a66-4ea5-8a0f-0afbda444403,66ce47a9-e269-45f9-bee7-136bff490294,0604e469-5cd7-54a3-b84c-1bedd51659cb,,t,acc_document,urn:adsk.wipprod:fs.file:vf.95rLui2vThSasYz4YqOVew?version=1,bfde7a63-322b-45b7-9601-9c05b72c2ba8
bf996092-8d66-408a-8d8e-5065ca3330c2,f6ab14eb-1a66-4ea5-8a0f-0afbda444403,5b19e791-445a-43b3-b2c8-5a6e0e1f07e9,67b533f5-ac5e-5384-ab25-90324621fb3c,,t,acc_document,urn:adsk.wipprod:fs.file:vf.n4Xzyrh7Q2yVwpu_MzHFRg?version=1,76eea8a9-b38a-400a-a7cb-383fc884c4b7
bf996092-8d66-408a-8d8e-5065ca3330c2,f679f4cf-c089-4a2b-9b84-b14129630601,cca98d22-ae4a-4c5e-8f97-de2fcba568ab,77d1cd34-55ea-5112-9ac4-89edc1a2ac50,,t,acc_document,urn:adsk.wipprod:fs.file:vf.qEolDxZ2Q360hN4PWuruBQ?version=1,303281c1-abb4-4e12-b5cc-bc5a2ff82fad
bf996092-8d66-408a-8d8e-5065ca3330c2,f679f4cf-c089-4a2b-9b84-b14129630601,a16803ef-91f1-42f8-8a36-e22d3d514d78,175c057c-25a6-53f7-ba48-6ba57f62c64d,,t,acc_document,urn:adsk.wipprod:fs.file:vf.Zw3Q4XWUTua1Yylp0ruhEA?version=1,4816b339-00ad-4933-81ab-97c922cabdfe
bf996092-8d66-408a-8d8e-5065ca3330c2,f679f4cf-c089-4a2b-9b84-b14129630601,3d30306a-36d7-43da-8a41-a239d4b6604b,24b94779-174b-582a-97e0-bfd6a75aaf81,,t,acc_document,urn:adsk.wipprod:fs.file:vf.6cA5HoN0Tyq14qYvVf2Zhg?version=1,78cc57fa-9ee1-4dd0-9b32-5380c167f3f5
bf996092-8d66-408a-8d8e-5065ca3330c2,967e785d-d83c-490b-8d6a-2ed926c956ac,6c3c817d-8b5e-48f8-b09c-71cc777f2f28,41e6394f-f2e1-56f4-802d-edd2051d812c,,t,acc_document,urn:adsk.wipprod:fs.file:vf.vt40oOUhQQW6GnarSzHS8w?version=1,2605f9ab-7bfd-406d-b60a-84f295927b6b
bf996092-8d66-408a-8d8e-5065ca3330c2,f6ab14eb-1a66-4ea5-8a0f-0afbda444403,5f9cf771-6151-40f0-9e7e-ee7ee4f3ac76,cf7475d4-d00b-5e95-ab1a-424f414f3da3,,t,acc_document,urn:adsk.wipprod:fs.file:vf.uygk9Fu6RUCHIZiRmSwnEw?version=1,7ecc03c8-4e45-4620-90c3-7b2490d1a8a3
bf996092-8d66-408a-8d8e-5065ca3330c2,f6ab14eb-1a66-4ea5-8a0f-0afbda444403,58b7ab55-e67c-4651-be1e-16d64cc9cd4f,a6e64a42-df1e-500f-bc3e-e4ca4771a37d,,t,acc_document,urn:adsk.wipprod:fs.file:vf.TP3-LSXlRmG8nMEBNpEHWg?version=3,6a37a0f4-a526-42f0-905a-a44604c0f8f7
bf996092-8d66-408a-8d8e-5065ca3330c2,f679f4cf-c089-4a2b-9b84-b14129630601,38cb2af2-fa5e-4e3a-9501-3e54135a30bd,a09d381e-50df-59aa-8fc6-359fcd9e074c,,t,acc_document,urn:adsk.wipprod:fs.file:vf.p0tgFWSVTCus78gJvk4RFw?version=2,0037e96f-4123-466d-ae7e-083435d0e917
bf996092-8d66-408a-8d8e-5065ca3330c2,f6ab14eb-1a66-4ea5-8a0f-0afbda444403,cc82610b-9471-414c-9f90-beb067bb5f5c,d7476734-e120-5b1d-a338-7d9058aae30b,,t,acc_document,urn:adsk.wipprod:fs.file:vf.T_R360tgSrSXv9wuA0_TWQ?version=2,b43ebc1a-3d37-421d-91ad-327587e31450
bf996092-8d66-408a-8d8e-5065ca3330c2,f6ab14eb-1a66-4ea5-8a0f-0afbda444403,6b93d4b8-77b9-4ea7-bb03-0284dc5e0e8e,6b2842e5-ddf6-5a0a-be7e-c2248ac038c2,,t,acc_document,urn:adsk.wipprod:fs.file:vf.xDi8SXacQ4uJbrx_9_uznw?version=2,af3b57aa-43ed-4e2c-9db9-f345c8a57a2a
bf996092-8d66-408a-8d8e-5065ca3330c2,f6ab14eb-1a66-4ea5-8a0f-0afbda444403,299fff02-5e6b-4edd-8f4b-2805e7ba5536,9b9b4d39-35cb-5beb-8a6d-e52221b53753,,t,acc_document,urn:adsk.wipprod:fs.file:vf.aGw2CEUUSI2qezKNl6EuGg?version=2,003930f7-86ac-4918-a158-ac96edcbeb1a
bf996092-8d66-408a-8d8e-5065ca3330c2,f6ab14eb-1a66-4ea5-8a0f-0afbda444403,6c7734d2-7efb-458e-8c7b-8040750e0fa1,acd3d4c6-cc99-5f46-ad82-3ea00ea7d339,,t,acc_document,urn:adsk.wipprod:fs.file:vf.ytqNB1PlRPKbNphmzWIYGA?version=2,1b133493-60d6-4f2a-b233-739d3bbbd1a7
bf996092-8d66-408a-8d8e-5065ca3330c2,f6ab14eb-1a66-4ea5-8a0f-0afbda444403,a49265ca-84c2-47b4-a542-2cec3e039b10,553458a5-b2a3-50a7-a838-41aa0f877e66,,t,acc_document,urn:adsk.wipprod:fs.file:vf.-0XM8ucRTrWZFB2pL2UkRA?version=2,baf83b2d-27f1-4cd1-b63e-52de90092837
bf996092-8d66-408a-8d8e-5065ca3330c2,f6ab14eb-1a66-4ea5-8a0f-0afbda444403,21de4560-5a10-437a-97d3-63c0601e57d8,949c0cbc-4156-54b8-b981-5dfecd23e08f,,t,acc_document,urn:adsk.wipprod:fs.file:vf.uDExYUyWSBC1uMBKXOIhsA?version=2,0ed01fb0-30a3-493e-975b-df5f2c112a62
bf996092-8d66-408a-8d8e-5065ca3330c2,f6ab14eb-1a66-4ea5-8a0f-0afbda444403,34b01a0b-3005-4ce8-9613-1ff1ef6c9b80,72657644-d04d-5664-bebf-49959b0ead90,,t,acc_document,urn:adsk.wipprod:fs.file:vf.yt_xpVAmRT2DY6n1fNe8Tw?version=2,1190f45e-763c-4ed6-9624-9ec8d4fb9716
bf996092-8d66-408a-8d8e-5065ca3330c2,f6ab14eb-1a66-4ea5-8a0f-0afbda444403,7fa7db78-4f97-4b0e-b788-098e7d60da81,0cde1328-8611-50b8-b4d0-2e1dab5c91be,,t,acc_document,urn:adsk.wipprod:fs.file:vf.D6gRoT-_TvacKJDAY-Xyrw?version=2,30247550-cbae-493c-ab91-1b2963bb8f07
bf996092-8d66-408a-8d8e-5065ca3330c2,f6ab14eb-1a66-4ea5-8a0f-0afbda444403,df07033a-a283-4292-a610-88b27442c07b,2390580b-fc53-5466-ae47-9b6bf69da8fe,,t,acc_document,urn:adsk.wipprod:fs.file:vf.F2ncrG_YToW_frBS-5nU4A?version=2,8dc9bd04-dc02-4c1c-a403-d566eada7a26
bf996092-8d66-408a-8d8e-5065ca3330c2,f6ab14eb-1a66-4ea5-8a0f-0afbda444403,365382d2-a687-4dcc-a321-702b5c76f3e5,79fbce39-3f55-5fae-a5c9-435d92e58911,,t,acc_document,urn:adsk.wipprod:fs.file:vf.9fR-9HjGR_6oMzG8wfPGEg?version=2,8ae79482-fc30-47cd-a7ae-63c5af80402e
bf996092-8d66-408a-8d8e-5065ca3330c2,f6ab14eb-1a66-4ea5-8a0f-0afbda444403,e93a3e5c-5b7f-44bb-b57c-70c7642a2914,a2136bad-af94-58cd-a51d-ef87823af01e,,t,acc_document,urn:adsk.wipprod:fs.file:vf.Rw3Y52W8T4-4nOVGVz1VbA?version=2,f9c76d9f-f524-453f-b735-c7e54606cc7f
bf996092-8d66-408a-8d8e-5065ca3330c2,f6ab14eb-1a66-4ea5-8a0f-0afbda444403,701e8c86-9825-48c5-9817-c1f3161ed3c4,dd3ed4b5-013a-512c-bf86-3d91c2ae7abc,,t,acc_document,urn:adsk.wipprod:fs.file:vf.G_k8AYurTAS3La4yqus85g?version=2,c4ced7e0-53dc-4cd7-8021-325b943c55f2
bf996092-8d66-408a-8d8e-5065ca3330c2,f6ab14eb-1a66-4ea5-8a0f-0afbda444403,fc14845a-08fa-4d86-acc0-4f3f4abfbc0e,09c1f39b-57e9-55eb-905a-707944ce425f,,t,acc_document,urn:adsk.wipprod:fs.file:vf.oCPjLKreR12TaGPoENigtQ?version=2,d714ca01-597b-43cd-9596-ed38e804004f
bf996092-8d66-408a-8d8e-5065ca3330c2,f6ab14eb-1a66-4ea5-8a0f-0afbda444403,ae407876-55f8-4d82-be35-105a50f230ae,1c3b4d86-f14b-5ea3-8cb7-58c59c96ba07,,t,acc_document,urn:adsk.wipprod:fs.file:vf.aGWCkGNxSu6ej59bel0lWg?version=2,0bc34f17-60d7-450a-bee6-fb31aee6ef70
bf996092-8d66-408a-8d8e-5065ca3330c2,f6ab14eb-1a66-4ea5-8a0f-0afbda444403,a49b6128-9723-47c6-9bbe-537da144ca64,b73d753c-4554-5483-b01a-d74624e2ddb7,,t,acc_document,urn:adsk.wipprod:fs.file:vf.zyKU6k_1Q52yDyozXC-Muw?version=2,39f571db-1296-4927-a8ee-000d00b155e9
bf996092-8d66-408a-8d8e-5065ca3330c2,f6ab14eb-1a66-4ea5-8a0f-0afbda444403,3cdec982-0ad7-4704-a2b3-3cb2796a2a63,3b4f6f8d-73a3-5c51-bc72-c4e0029cbc7e,,t,acc_document,urn:adsk.wipprod:fs.file:vf.D6j6wKCgStuvEc6aQ2nB8A?version=2,f1117ca4-c5b0-4b79-8ade-20c5eed9bf61
bf996092-8d66-408a-8d8e-5065ca3330c2,f6ab14eb-1a66-4ea5-8a0f-0afbda444403,32d4bcf8-cd96-4565-aa19-64114ad9f0aa,1623973d-ddbb-5d77-8101-76c73f377a66,,t,acc_document,urn:adsk.wipprod:fs.file:vf.SQFBPoWUSOq4V4FpRpjKDQ?version=2,246e3c37-fe49-48ba-9a93-658e40f80f2f
bf996092-8d66-408a-8d8e-5065ca3330c2,f6ab14eb-1a66-4ea5-8a0f-0afbda444403,771c73d7-896d-48d0-b269-980dd723705f,55522996-62a0-5977-a84f-73e4b81f532f,,t,acc_document,urn:adsk.wipprod:fs.file:vf.n2gVa-bWTOmQLnv0sAFJ3g?version=2,fdcfa6a6-e511-4f36-8e92-d9bdf02ea3f6
bf996092-8d66-408a-8d8e-5065ca3330c2,f6ab14eb-1a66-4ea5-8a0f-0afbda444403,aa83727b-afd4-4542-9bcf-218a4965d399,cd751eac-1c0e-55ac-949e-d372167178f2,,t,acc_document,urn:adsk.wipprod:fs.file:vf.PMYJH_Z7SPip5q6cxVWiMA?version=2,77882a29-e9c0-43aa-86f3-edeecdb13b5c
