id,bim360_account_id,bim360_project_id,series_id,title,description,summary,status,num_in_series,meeting_location,starts_at,duration,video_conference_link,created_by,updated_by,created_at,updated_at,deleted_at
cfa7f298-1fdc-4bb1-871c-baea1a3a21cb,bf996092-8d66-408a-8d8e-5065ca3330c2,f6ab14eb-1a66-4ea5-8a0f-0afbda444403,8af4f687-2883-48b1-ac65-30ba23d3d30a,"Untitled meeting Jun 19, 2025 5:21 PM",,,minutes,1,,2025-06-19 11:51:22,,,TZXRKN44WBAJ,TZXRKN44WBAJ,2025-06-19 11:50:14,2025-06-19 11:50:35,
0f607dda-6e71-4d0e-903c-eb3036e28666,bf996092-8d66-408a-8d8e-5065ca3330c2,f6ab14eb-1a66-4ea5-8a0f-0afbda444403,6690d3ed-03f2-41bc-908c-8d0a926f6afa,"Untitled meeting Jun 19, 2025 5:22 PM",,,open,1,,2025-06-19 11:52:21,,,TZXRKN44WBAJ,TZXRKN44WBAJ,2025-06-19 11:51:13,2025-07-04 10:15:32,2025-07-04 10:15:32
064238df-60de-4e38-99bc-9526805ffd10,bf996092-8d66-408a-8d8e-5065ca3330c2,967e785d-d83c-490b-8d6a-2ed926c956ac,566a76be-7864-45c8-a171-15f3cb1c21c1,Untitled meeting 30 May 2025 14:11,,,minutes,1,,2025-05-30 08:41:46,,,3NH2Q57QKQWJE37V,3NH2Q57QKQWJE37V,2025-05-30 08:41:21,2025-05-30 08:43:34,
ae28b3b7-a99e-403c-ba42-b0fe6c436c8d,bf996092-8d66-408a-8d8e-5065ca3330c2,23142979-9fb6-4fd3-bd82-62d7e0add75f,38e8e8eb-34ca-4ba3-8b8f-6514fe869052,to discuss the xyz,<p>test mail</p>,<p>xyz</p>,open,1,zoom,2025-04-03 07:00:25,30,,QNTJJ3CVR726KX4Z,QNTJJ3CVR726KX4Z,2025-04-03 06:19:27,2025-04-03 06:24:50,2025-04-03 06:24:50
fda03b41-e710-49f4-b36c-125c78b779a3,bf996092-8d66-408a-8d8e-5065ca3330c2,23142979-9fb6-4fd3-bd82-62d7e0add75f,3c204325-e199-436c-a66e-c3f0182733a2,Untitled meeting 3 Apr 2025 11:58,,,open,1,,2025-04-03 06:28:36,,,Y892LF63N69HWYZS,Y892LF63N69HWYZS,2025-04-03 06:28:38,2025-04-03 06:28:40,
b6a1c962-6a91-4485-a62c-16ed27c1d136,bf996092-8d66-408a-8d8e-5065ca3330c2,23142979-9fb6-4fd3-bd82-62d7e0add75f,f6348dbd-edf0-491e-bfcf-a0cd53235e7d,xyz,<p>xyz</p>,<p>xy</p>,open,1,zoom,2025-04-03 06:30:06,15,,QNTJJ3CVR726KX4Z,QNTJJ3CVR726KX4Z,2025-04-03 06:25:08,2025-04-03 06:39:38,2025-04-03 06:39:38
7cce4994-9ad2-4c8e-a3a5-7ea8d23ad8c1,bf996092-8d66-408a-8d8e-5065ca3330c2,23142979-9fb6-4fd3-bd82-62d7e0add75f,4b56d6ed-89a4-4ffc-aff7-ea035fc4c7bf,Untitled meeting 3 Apr 2025 12:10,,,open,1,,2025-04-03 06:40:11,,,QNTJJ3CVR726KX4Z,QNTJJ3CVR726KX4Z,2025-04-03 06:40:12,2025-04-03 06:40:42,2025-04-03 06:40:42
7642d8a6-16ff-458a-a564-1c4247b6061c,bf996092-8d66-408a-8d8e-5065ca3330c2,ada6015d-9fce-4f2c-b20f-fc9122d2face,d652655f-f7c6-4f50-9f87-812027e7a82c,"Untitled meeting Aug 1, 2025 3:57 PM",<p>Review Meeting</p>,"",minutes,1,Dwarka Site,2025-08-01 08:30:17,60,,CMJ2N3U8MSMRM8ZA,CMJ2N3U8MSMRM8ZA,2025-08-01 10:26:47,2025-08-01 10:31:30,
8b803dda-e6b3-4a19-b068-8614ab8225fe,bf996092-8d66-408a-8d8e-5065ca3330c2,ada6015d-9fce-4f2c-b20f-fc9122d2face,d652655f-f7c6-4f50-9f87-812027e7a82c,"Untitled meeting Aug 1, 2025 3:57 PM",<p>Review Meeting</p>,,minutes,2,Dwarka Site,2025-08-08 08:30:00,60,,CMJ2N3U8MSMRM8ZA,CMJ2N3U8MSMRM8ZA,2025-08-01 10:34:09,2025-08-01 10:35:18,
f1ca0844-719a-4205-92ff-4a5d0a27b06c,bf996092-8d66-408a-8d8e-5065ca3330c2,f679f4cf-c089-4a2b-9b84-b14129630601,d01f8517-3258-477a-8b89-2d1ad965cb4f,Ghaziabad Bus Terminal & Commercial Weekly Meeting,"<p>(19) Design Meeting July 31, &nbsp;2025, &nbsp;2:00PM</p>",,minutes,1,Online,2025-07-31 08:30:34,60,https://meet.google.com/znf-rdae-hav,NTHFQB8P8X3C,NTHFQB8P8X3C,2025-07-31 10:03:42,2025-08-04 09:58:22,
4c271871-24d6-49c4-9557-c3ee9675e873,bf996092-8d66-408a-8d8e-5065ca3330c2,ada6015d-9fce-4f2c-b20f-fc9122d2face,2fe09a36-1810-4b2e-9977-de48df56d9d9,Untitled meeting 4 Aug 2025 16:20,<p>Progress Review&nbsp;</p>,,open,1,,2025-08-04 10:50:42,,,7XGJKR7GMJ4QN93J,7XGJKR7GMJ4QN93J,2025-08-04 10:50:42,2025-08-04 10:51:33,
44ffbd97-5119-4039-98b7-4a40d47a55f5,bf996092-8d66-408a-8d8e-5065ca3330c2,f6ab14eb-1a66-4ea5-8a0f-0afbda444403,17c5709f-37a8-46c5-9b49-db376808527c, Omaxe Gomti Bus Terminal & Commercial meeting,<p><strong>&nbsp;Weekly design meeting_39</strong></p>,,minutes,3,ONLINE,2025-07-03 10:30:00,60,https://meet.google.com/hfv-imtp-hyu,TZXRKN44WBAJ,TZXRKN44WBAJ,2025-07-04 09:58:18,2025-07-04 10:15:10,
fb1eb260-7659-4911-be0a-851ed90f6915,bf996092-8d66-408a-8d8e-5065ca3330c2,2f551e7d-05e6-4bfc-8ee1-0ef3a8487c11,c0d90a9b-bc63-4141-9178-ab21109c0a43,Untitled meeting 5 Aug 2025 15:24,,,open,1,,2025-08-05 09:54:17,,,HU9244LDK3XBZH6G,HU9244LDK3XBZH6G,2025-08-05 09:53:49,2025-08-05 09:54:24,2025-08-05 09:54:24
8c0bbf79-5d5a-4e5a-a7e2-57f366cf287b,bf996092-8d66-408a-8d8e-5065ca3330c2,f679f4cf-c089-4a2b-9b84-b14129630601,09bfe313-d701-4d24-8a7c-834edaa58d87,Untitled meeting 2 Jul 2025 16:56,<p>D-wall Consultant visit for anchor stressing&nbsp;</p>,<p>Cube Test and the Stressing of 02 nos anchors was carried out as per the specifications and result was successful. &nbsp;</p>,open,1,"Centre Point, Ghaziabad",2025-07-02 04:00:55,420,,7XGJKR7GMJ4QN93J,7XGJKR7GMJ4QN93J,2025-07-02 11:26:56,2025-07-02 11:42:55,2025-07-02 11:42:55
1f259767-c020-4837-9f6a-270841b55596,bf996092-8d66-408a-8d8e-5065ca3330c2,f679f4cf-c089-4a2b-9b84-b14129630601,436a65bc-5e39-4444-b54a-832525ecf33e,Visit of D-wall Consultant ,<p>Visit for witnessing the anchor stressing&nbsp;</p>,<p>The Test of stressing and cubes were successful as per the specifications&nbsp;</p>,minutes,1,Centre Point Ghaziabad,2025-07-02 04:00:02,420,,7XGJKR7GMJ4QN93J,7XGJKR7GMJ4QN93J,2025-07-02 11:48:05,2025-07-02 11:58:26,
d10bfd86-87e0-4523-9a74-09dc032f8dce,bf996092-8d66-408a-8d8e-5065ca3330c2,f6ab14eb-1a66-4ea5-8a0f-0afbda444403,424683e1-3d65-4647-9f5b-98aa91e0f7f4,"Untitled meeting May 30, 2025 12:18 PM",,,open,1,,2025-05-30 06:48:22,,,ACNJW4H2RJFR53AV,ACNJW4H2RJFR53AV,2025-05-30 06:47:57,2025-05-30 06:47:59,
5d82b82c-facc-4ee1-9354-2b8d2ab74ab3,bf996092-8d66-408a-8d8e-5065ca3330c2,ada6015d-9fce-4f2c-b20f-fc9122d2face,3b837e47-ce76-4bbf-ac63-c6b58c6fa90f,Untitled meeting 30 May 2025 12:18,,,open,1,,2025-05-30 06:48:16,,,3NH2Q57QKQWJE37V,3NH2Q57QKQWJE37V,2025-05-30 06:47:50,2025-05-30 06:47:52,
2a1adb93-2045-4b29-844f-ca925a5a4401,bf996092-8d66-408a-8d8e-5065ca3330c2,ada6015d-9fce-4f2c-b20f-fc9122d2face,651dcb75-a39e-4a6f-be76-19b238fd8560,Design Coordination Meeting 30-May-2025,<p>Design Coordination Review meeting</p>,,open,1,Online & Omaxe office,2025-05-30 08:30:13,60,,V9Q2X946QA52XTJG,V9Q2X946QA52XTJG,2025-05-30 06:47:14,2025-05-30 06:51:11,
567d4462-095c-4030-a049-1f8ebd87af3e,bf996092-8d66-408a-8d8e-5065ca3330c2,ada6015d-9fce-4f2c-b20f-fc9122d2face,651dcb75-a39e-4a6f-be76-19b238fd8560,Design Coordination Meeting 30-May-2025,<p>Design Coordination Review meeting</p>,,open,2,Online & Omaxe office,2025-06-07 08:30:00,60,,V9Q2X946QA52XTJG,V9Q2X946QA52XTJG,2025-05-30 06:54:39,2025-05-30 06:54:41,
2b699cc5-2d5c-4fa8-8fc4-a174aae8c97c,bf996092-8d66-408a-8d8e-5065ca3330c2,ada6015d-9fce-4f2c-b20f-fc9122d2face,9d028903-c583-4bb0-9205-56eecfa257cc,Site Overview Meeting,<p>Test</p>,,open,1,Onsite,2025-04-03 11:30:33,30,,V9Q2X946QA52XTJG,V9Q2X946QA52XTJG,2025-04-03 10:45:34,2025-04-03 10:49:54,
35b91d1b-7f4f-4376-af12-37a0a66403ff,bf996092-8d66-408a-8d8e-5065ca3330c2,967e785d-d83c-490b-8d6a-2ed926c956ac,c063359b-9d4f-4b27-a54b-e6fd5b3fbb9a,MOM of Progress Review Meeting By Yogi Mangla Sir on Date 19.06.25 and Sandipan Sir on Date 20.06.25,<p>Progress Review Meeting&nbsp;</p>,"",open,1,Vrindavan Courtyard Site Office,2025-06-20 08:31:00,,,U8Q2F3P4M3PWWQXF,DVW2J8GUNHESYYKC,2025-06-21 08:30:58,2025-06-23 09:16:28,
a9ef7a63-d07f-4542-b821-0176fd170589,bf996092-8d66-408a-8d8e-5065ca3330c2,ada6015d-9fce-4f2c-b20f-fc9122d2face,312820a9-e1bd-4d90-be39-17be52087e0f,"Untitled meeting Jun 21, 2025 2:53 PM",,,open,1,,2025-06-21 09:23:22,,,33L2A5D3QH5AE8PE,33L2A5D3QH5AE8PE,2025-06-21 09:23:16,2025-06-21 09:23:18,
bf887a94-226f-4277-a1fc-8d814f0b3cd0,bf996092-8d66-408a-8d8e-5065ca3330c2,ada6015d-9fce-4f2c-b20f-fc9122d2face,56c5fda8-47dd-4d46-aecc-9381c44cb701,"Untitled meeting Jun 21, 2025 2:54 PM",,,open,1,,2025-06-21 09:24:23,,,33L2A5D3QH5AE8PE,33L2A5D3QH5AE8PE,2025-06-21 09:24:17,2025-06-21 09:24:19,
a567a9ba-2101-4529-ae17-6e619a00e431,bf996092-8d66-408a-8d8e-5065ca3330c2,ada6015d-9fce-4f2c-b20f-fc9122d2face,b683ad31-6d20-4d0e-b1cc-b685c9d95491,"Untitled meeting Jun 21, 2025 2:55 PM",,,open,1,,2025-06-21 09:25:06,,,33L2A5D3QH5AE8PE,33L2A5D3QH5AE8PE,2025-06-21 09:24:59,2025-06-21 09:25:02,
34c64be7-9a9c-46dd-a8fd-15a465b956e4,bf996092-8d66-408a-8d8e-5065ca3330c2,ada6015d-9fce-4f2c-b20f-fc9122d2face,b1d1cc63-e2e4-4b87-91e0-7ca3190555da,Untitled meeting 21 Jun 2025 16:14,"",,open,2,Offline,2025-06-24 03:00:00,30,,V9Q2X946QA52XTJG,V9Q2X946QA52XTJG,2025-06-21 10:50:44,2025-06-21 10:50:47,
1b89d592-c380-420e-b087-00f06bbe7b75,bf996092-8d66-408a-8d8e-5065ca3330c2,ada6015d-9fce-4f2c-b20f-fc9122d2face,b1d1cc63-e2e4-4b87-91e0-7ca3190555da,Untitled meeting 21 Jun 2025 16:14,"","",minutes,1,Offline,2025-06-21 03:00:07,30,,V9Q2X946QA52XTJG,V9Q2X946QA52XTJG,2025-06-21 10:44:08,2025-06-21 10:53:23,
b34c69f8-7317-4ef1-90bb-87ddac1b5e36,bf996092-8d66-408a-8d8e-5065ca3330c2,e9b596f2-48ee-419b-a199-da304b38c398,96165b03-0b6e-447e-974c-048c4c26955a,"Untitled meeting Jun 6, 2025 11:03 AM","","",open,1,,2025-06-06 05:33:41,,,7UBTJ2JUZS54,7UBTJ2JUZS54,2025-06-06 05:32:37,2025-06-12 08:54:17,2025-06-12 08:54:17
42effba4-2bb7-4d0c-a98a-2ad2b7f36312,bf996092-8d66-408a-8d8e-5065ca3330c2,ada6015d-9fce-4f2c-b20f-fc9122d2face,f1675d68-9dc4-407e-a438-ec1539df6051,PROGRESS REVIEW MEETING WITH LA SANI,<p>Progress Review</p>,,minutes,1,Centre Point GHaziabad Site Office,2025-06-03 20:00:00,150,,3NGJNZCXN8PBNTRV,3NGJNZCXN8PBNTRV,2025-06-07 10:01:32,2025-06-07 10:11:50,
3560602d-d6ed-4972-81e9-fe794055c06c,bf996092-8d66-408a-8d8e-5065ca3330c2,ada6015d-9fce-4f2c-b20f-fc9122d2face,f1675d68-9dc4-407e-a438-ec1539df6051,PROGRESS REVIEW MEETING WITH LA SANI,<p>Progress Review</p>,,open,2,Centre Point GHaziabad Site Office,2025-06-10 20:00:00,150,,3NGJNZCXN8PBNTRV,3NGJNZCXN8PBNTRV,2025-06-07 10:16:42,2025-06-07 10:16:44,
658962a2-94fd-409c-969c-389d4b870ca1,bf996092-8d66-408a-8d8e-5065ca3330c2,ada6015d-9fce-4f2c-b20f-fc9122d2face,575dbbbd-d4f9-494a-b3ee-12c7a0bc2e81,Untitled meeting 21 May 2025 15:40,,,open,1,,2025-05-21 10:10:07,,,2KP2ZDFMJNQ5UEM8,2KP2ZDFMJNQ5UEM8,2025-05-21 10:09:44,2025-05-21 10:09:46,
3bc24103-6c42-4a21-9494-91724bbefc64,bf996092-8d66-408a-8d8e-5065ca3330c2,ada6015d-9fce-4f2c-b20f-fc9122d2face,b63e8102-1353-49d7-990f-c7f9109265e4,Untitled meeting 10 Jun 2025 14:57,"",,open,1,,2025-06-10 09:27:05,,,3NH2Q57QKQWJE37V,3NH2Q57QKQWJE37V,2025-06-10 09:26:48,2025-06-10 09:27:16,
5e13d72e-f70c-496d-9189-338a238f4944,bf996092-8d66-408a-8d8e-5065ca3330c2,f6ab14eb-1a66-4ea5-8a0f-0afbda444403,17c5709f-37a8-46c5-9b49-db376808527c, Omaxe Gomti Bus Terminal & Commercial meeting,<p><strong>Weekly design meeting</strong></p>,"",minutes,1,ONLINE,2025-06-12 10:30:00,60,https://meet.google.com/ssy-nypq-vyc,TZXRKN44WBAJ,TZXRKN44WBAJ,2025-06-13 05:05:23,2025-06-19 11:54:47,
7ad09128-4e96-4a14-b480-7ffc594240af,bf996092-8d66-408a-8d8e-5065ca3330c2,ada6015d-9fce-4f2c-b20f-fc9122d2face,0037a868-51bf-4693-b19a-430f48c202a2,Meeting 1,<p>AA</p>,,minutes,4,Gaziabad,2025-06-13 07:30:00,60,,DVW2J8GUNHESYYKC,DVW2J8GUNHESYYKC,2025-06-13 05:56:42,2025-06-13 05:57:28,
a7c6b312-1453-4e9a-920d-8820f564bbf0,bf996092-8d66-408a-8d8e-5065ca3330c2,ada6015d-9fce-4f2c-b20f-fc9122d2face,11805571-71e0-43ff-bb27-9030b3652a3d,Progress Review meeting 13 Jun 2025 14:25,<p>Progress Review Meeting</p>,,minutes,2,Gomti Nagar Project Site,2025-06-14 20:30:00,60,,CMJ2N3U8MSMRM8ZA,CMJ2N3U8MSMRM8ZA,2025-06-13 09:02:22,2025-06-13 09:02:57,
2dd1457e-f6c8-4057-8c44-36306a0fb2b1,bf996092-8d66-408a-8d8e-5065ca3330c2,ada6015d-9fce-4f2c-b20f-fc9122d2face,a211dae4-89a7-4878-aea1-214f7c05a622,Untitled meeting 27 May 2025 17:08,"",,open,1,Online,2025-05-28 05:00:00,60,,V9Q2X946QA52XTJG,V9Q2X946QA52XTJG,2025-05-27 11:38:34,2025-05-27 11:47:08,
5e4db0c1-1b3d-461d-92a3-f4b5063094c3,bf996092-8d66-408a-8d8e-5065ca3330c2,ada6015d-9fce-4f2c-b20f-fc9122d2face,14d3f71f-d93e-4260-b431-f17c8fa6835c,Untitled meeting 6 Aug 2025 10:27,"",,open,1,,2025-08-06 04:57:11,,,3NH2Q57QKQWJE37V,3NH2Q57QKQWJE37V,2025-08-06 04:56:44,2025-08-06 04:58:55,
58ace718-d104-4afd-87fc-0d22450bf456,bf996092-8d66-408a-8d8e-5065ca3330c2,2f551e7d-05e6-4bfc-8ee1-0ef3a8487c11,b771599f-3348-47ab-98f8-c4c2196f1663,Untitled meeting 25 Aug 2025 15:29,,,open,1,,2025-08-25 09:59:20,,,HU9244LDK3XBZH6G,HU9244LDK3XBZH6G,2025-08-25 09:58:09,2025-08-25 09:58:12,
a0055014-4991-4859-885c-a3447fbb0c10,bf996092-8d66-408a-8d8e-5065ca3330c2,f679f4cf-c089-4a2b-9b84-b14129630601,d01f8517-3258-477a-8b89-2d1ad965cb4f,Ghaziabad Bus Terminal & Commercial Weekly Meeting,"<p>(19) Design Meeting July 31, &nbsp;2025, &nbsp;2:00PM</p>",,open,2,Online,2025-08-07 08:30:00,60,,NTHFQB8P8X3C,NTHFQB8P8X3C,2025-08-07 10:23:57,2025-08-07 10:24:00,
f6f1392f-81cb-4025-8674-3426d0a66075,bf996092-8d66-408a-8d8e-5065ca3330c2,e9b596f2-48ee-419b-a199-da304b38c398,fc8022ed-b320-4a76-8ff9-c57172c797f4,Prayagraj Bus Terminal & Commercial weekly meeting ,"<p>(16 )Design meeting Jun 19, 2025, 11:00 AM</p>","<p>All drawings and documents submission shall be followed by target dates.</p>
<p>Meeting ended with a note of Thanks.</p>",minutes,2,Online,2025-06-19 05:30:00,60,https://meet.google.com/ndb-ktyc-eao,7UBTJ2JUZS54,7UBTJ2JUZS54,2025-06-19 07:27:53,2025-06-19 09:39:48,
20aa6fbd-0e8d-4260-abbb-915525b6cb9a,bf996092-8d66-408a-8d8e-5065ca3330c2,ada6015d-9fce-4f2c-b20f-fc9122d2face,90921097-0d2a-4ccf-881f-79fe24fa9b86,Review Meeting 7 May 2025 11:33,<p>Vrindavan Courtyard Review Meeting</p>,"",minutes,1,Vrindavan Courtyard Site Office,2025-05-06 21:30:00,60,,CMJ2N3U8MSMRM8ZA,CMJ2N3U8MSMRM8ZA,2025-05-08 06:04:24,2025-05-08 06:16:05,
b628b131-83cb-40b9-ac15-13b2b6d81480,bf996092-8d66-408a-8d8e-5065ca3330c2,ada6015d-9fce-4f2c-b20f-fc9122d2face,c1ec67ac-bb26-481b-a674-f5bb8b47acf2,Untitled meeting 8 May 2025 11:49,,,open,1,,2025-05-07 06:19:00,,,V9Q2X946QA52XTJG,V9Q2X946QA52XTJG,2025-05-08 06:19:47,2025-05-08 06:26:38,
e2ba4de6-f6e0-46dc-aabe-2315d706ca12,bf996092-8d66-408a-8d8e-5065ca3330c2,2f551e7d-05e6-4bfc-8ee1-0ef3a8487c11,b7ffc04c-7cb3-4856-8739-1b9ccfa96b2a,Untitled meeting 19 Aug 2025 14:35,,,open,1,,2025-08-19 09:05:45,,,HU9244LDK3XBZH6G,HU9244LDK3XBZH6G,2025-08-19 09:04:29,2025-08-19 09:04:31,
5db2f99e-9247-431a-9f4e-e9f20184dc31,bf996092-8d66-408a-8d8e-5065ca3330c2,f6ab14eb-1a66-4ea5-8a0f-0afbda444403,17c5709f-37a8-46c5-9b49-db376808527c, Omaxe Gomti Bus Terminal & Commercial meeting,<p><strong>&nbsp;Weekly design meeting_42</strong></p>,,minutes,6,ONLINE,2025-07-31 10:30:00,60,meet.google.com/jvz-xdpk-qyo,TZXRKN44WBAJ,TZXRKN44WBAJ,2025-07-31 11:04:32,2025-08-07 09:42:34,
217b172a-0e31-476b-a16f-77e5042c52d7,bf996092-8d66-408a-8d8e-5065ca3330c2,ada6015d-9fce-4f2c-b20f-fc9122d2face,a211dae4-89a7-4878-aea1-214f7c05a622,Untitled meeting 27 May 2025 17:08,"",,open,2,Online,2025-05-31 05:00:00,60,,V9Q2X946QA52XTJG,V9Q2X946QA52XTJG,2025-05-27 11:48:50,2025-05-27 11:48:53,
c65702d6-a1f3-4264-9124-6d6a893bdfec,bf996092-8d66-408a-8d8e-5065ca3330c2,ada6015d-9fce-4f2c-b20f-fc9122d2face,1bc0fa60-0521-47ce-98b5-52a28cb3dcbe,Meeting 7 May 2025 11:46,<p>Progress Review Meeting</p>,,minutes,1,Vrindavan Site,2025-05-07 09:30:00,60,,CMJ2N3U8MSMRM8ZA,CMJ2N3U8MSMRM8ZA,2025-05-08 06:16:32,2025-05-08 12:14:58,
58fda15d-6158-4640-acdb-3b79962494de,bf996092-8d66-408a-8d8e-5065ca3330c2,967e785d-d83c-490b-8d6a-2ed926c956ac,69e66005-ecb3-472c-b765-b7c3d72962e1,Vrindavan Courtyard 7 May 2025 15:30,<p>Progress Review Meeting</p>,,minutes,1,Vrindavan Courtyard Site Office,2025-05-07 10:00:00,30,,CMJ2N3U8MSMRM8ZA,CMJ2N3U8MSMRM8ZA,2025-05-08 07:30:28,2025-05-08 12:30:14,
505dbcb0-e695-4618-84ce-68637cb93864,bf996092-8d66-408a-8d8e-5065ca3330c2,23142979-9fb6-4fd3-bd82-62d7e0add75f,ee7d6104-d42b-4342-8ed2-4693698fd447,"Untitled meeting Jun 10, 2025 12:15 PM",,,open,1,,2025-06-10 06:45:20,,,CB529JQ2QBCAWGUE,CB529JQ2QBCAWGUE,2025-06-10 06:45:21,2025-06-10 06:45:24,
bf9bc3e3-d55b-41cd-954f-0bcbaa74c7a4,bf996092-8d66-408a-8d8e-5065ca3330c2,ada6015d-9fce-4f2c-b20f-fc9122d2face,6b8e86af-3354-4ff8-8cb3-0767816649bf,Untitled meeting 2 Jul 2025 17:13,<p>Anchor ID P85-A1</p>,,open,1,,2025-07-02 11:43:37,,,7XGJKR7GMJ4QN93J,7XGJKR7GMJ4QN93J,2025-07-02 11:43:37,2025-07-02 11:45:48,
ccc3556a-5376-462b-9bd8-072fe939fc08,bf996092-8d66-408a-8d8e-5065ca3330c2,f679f4cf-c089-4a2b-9b84-b14129630601,d01f8517-3258-477a-8b89-2d1ad965cb4f,Ghaziabad Bus Terminal & Commercial Weekly Meeting,"<p>(19) Design Meeting July 31, &nbsp;2025, &nbsp;2:00PM</p>",,minutes,3,Online,2025-08-21 08:30:00,90,,NTHFQB8P8X3C,NTHFQB8P8X3C,2025-08-21 10:25:43,2025-08-21 10:41:14,
a505e973-8aeb-4b1b-b41b-e8dd77f972b9,bf996092-8d66-408a-8d8e-5065ca3330c2,f679f4cf-c089-4a2b-9b84-b14129630601,0ea3d1dc-0aa3-4304-a2ea-119b7178c4ee,Progress Review Meeting With Indigo ,<p>Progress review meeting with Indigo</p>,"",minutes,2,"Centre point, Ghaziabad ",2025-08-04 08:30:00,60,,7XGJKR7GMJ4QN93J,7XGJKR7GMJ4QN93J,2025-08-04 03:50:04,2025-08-05 03:44:59,
7237d155-cc89-4bc4-afb0-718a6a65e9c2,bf996092-8d66-408a-8d8e-5065ca3330c2,f6ab14eb-1a66-4ea5-8a0f-0afbda444403,17c5709f-37a8-46c5-9b49-db376808527c, Omaxe Gomti Bus Terminal & Commercial meeting,<p><strong>&nbsp;Weekly design meeting_40</strong></p>,,minutes,4,ONLINE,2025-07-17 10:30:00,60,https://meet.google.com/hfv-imtp-hyu,TZXRKN44WBAJ,TZXRKN44WBAJ,2025-07-18 12:00:29,2025-07-18 12:32:25,
b318925e-4d3c-4da7-b427-d919809edb03,bf996092-8d66-408a-8d8e-5065ca3330c2,f6ab14eb-1a66-4ea5-8a0f-0afbda444403,17c5709f-37a8-46c5-9b49-db376808527c, Omaxe Gomti Bus Terminal & Commercial meeting,<p><strong>&nbsp;Weekly design meeting_38</strong></p>,,minutes,2,ONLINE,2025-06-19 10:30:00,60,https://meet.google.com/ssy-nypq-vyc,TZXRKN44WBAJ,TZXRKN44WBAJ,2025-06-19 11:54:17,2025-06-19 12:10:27,
0a43672c-1645-4042-86d8-a51faf4553cb,bf996092-8d66-408a-8d8e-5065ca3330c2,f679f4cf-c089-4a2b-9b84-b14129630601,9156ff61-a1cc-42ad-bd24-2f379ca875a1,"Meeting With Ralhan Cons. Pvt. Ltd. Centre Point, Ghaziabad ",<p>Kick Off Meeting&nbsp;</p>,"",minutes,1,"Centre Point, Ghaziabad ",2025-08-04 05:30:06,90,,7XGJKR7GMJ4QN93J,7XGJKR7GMJ4QN93J,2025-08-04 03:53:07,2025-08-11 10:59:56,
dca63b9b-6e96-4be7-91e4-c136ba77059c,bf996092-8d66-408a-8d8e-5065ca3330c2,ada6015d-9fce-4f2c-b20f-fc9122d2face,c43f2577-02a1-423d-8ad4-db54d862dc77,"Untitled meeting Aug 12, 2025 2:14 PM",<p>Demo</p>,"",open,1,,2025-08-09 08:44:00,,,DVW2J8GUNHESYYKC,DVW2J8GUNHESYYKC,2025-08-12 08:43:07,2025-08-12 08:45:10,2025-08-12 08:45:10
3bf70d25-fe70-45c4-b5ec-58663d6b6fd6,bf996092-8d66-408a-8d8e-5065ca3330c2,2f551e7d-05e6-4bfc-8ee1-0ef3a8487c11,2d9d5818-80db-4e75-8109-c3ed193983c3,Untitled meeting 31 Jul 2025 15:08,,,open,1,,2025-07-31 09:38:40,,,M3S24VBQJBGLZH2B,M3S24VBQJBGLZH2B,2025-07-31 09:38:08,2025-07-31 09:38:10,
682021fa-69d1-4ea7-a040-dac2551bb6f3,bf996092-8d66-408a-8d8e-5065ca3330c2,ada6015d-9fce-4f2c-b20f-fc9122d2face,3771010a-6afb-4d8b-a151-fd85c7a07f40,Untitled meeting 31 Jul 2025 15:09,<p>Review Meeting</p>,,open,2,aq,2025-08-03 19:30:00,30,,M3S24VBQJBGLZH2B,M3S24VBQJBGLZH2B,2025-07-31 09:45:11,2025-07-31 09:45:14,
5919a53f-9ef2-4806-b5c2-87af72275970,bf996092-8d66-408a-8d8e-5065ca3330c2,ada6015d-9fce-4f2c-b20f-fc9122d2face,3771010a-6afb-4d8b-a151-fd85c7a07f40,Untitled meeting 31 Jul 2025 15:09,<p>Review Meeting</p>,,minutes,1,aq,2025-07-30 19:30:08,30,,M3S24VBQJBGLZH2B,M3S24VBQJBGLZH2B,2025-07-31 09:38:36,2025-07-31 09:46:34,
9ed1d040-4040-4afd-9f38-2ff09a8d0c68,bf996092-8d66-408a-8d8e-5065ca3330c2,ada6015d-9fce-4f2c-b20f-fc9122d2face,c4bb4aed-bdda-46f7-b573-cb422f99b638,"Untitled meeting Jun 5, 2025 1:22 PM","",,open,1,,2025-06-05 07:52:26,,,7UBTJ2JUZS54,7UBTJ2JUZS54,2025-06-05 07:52:27,2025-06-05 07:54:26,
915d39ad-1cc3-471b-b38a-e5c0c4fa4dab,bf996092-8d66-408a-8d8e-5065ca3330c2,ada6015d-9fce-4f2c-b20f-fc9122d2face,fc7a7a25-e58a-4e62-98ab-0ce3ea9cf63d,Untitled meeting 19 May 2025 15:45,,,open,1,,2025-05-19 10:15:59,,,CMJ2N3U8MSMRM8ZA,CMJ2N3U8MSMRM8ZA,2025-05-19 10:15:32,2025-05-19 10:15:34,
2f7a80e8-624f-4263-91ed-04e3f821346a,bf996092-8d66-408a-8d8e-5065ca3330c2,ada6015d-9fce-4f2c-b20f-fc9122d2face,f106dca4-5823-421a-8be5-fa5ed54e77ad,"Untitled meeting May 30, 2025 3:23 PM","","",open,1,,2025-05-30 09:53:25,,,E8X2CHN6NP9MT4HA,E8X2CHN6NP9MT4HA,2025-05-30 09:53:27,2025-05-30 09:53:53,
ce847fd9-5768-4625-9476-2188ba8aebd1,bf996092-8d66-408a-8d8e-5065ca3330c2,ada6015d-9fce-4f2c-b20f-fc9122d2face,35590700-098d-4f8c-bad2-af649f3ac5f1,Untitled meeting 24 Apr 2025 15:10,,,open,2,,2025-04-25 09:40:00,,,U732BF28QXVF87C9,U732BF28QXVF87C9,2025-04-24 09:41:08,2025-04-24 09:41:10,
e38669b3-34dc-4e63-a012-506dd95651de,bf996092-8d66-408a-8d8e-5065ca3330c2,ada6015d-9fce-4f2c-b20f-fc9122d2face,721ec302-1193-4b3c-8aff-189aad6b65b8,Untitled meeting 24 Apr 2025 15:06,<p>Review meeting</p>,,open,2,,2025-04-24 09:36:00,,,U732BF28QXVF87C9,U732BF28QXVF87C9,2025-04-24 09:41:29,2025-04-24 09:41:32,
d45ebf10-4d8c-4ddf-8021-6041fde96c40,bf996092-8d66-408a-8d8e-5065ca3330c2,ada6015d-9fce-4f2c-b20f-fc9122d2face,721ec302-1193-4b3c-8aff-189aad6b65b8,Untitled meeting 24 Apr 2025 15:06,<p>Review meeting</p>,"",minutes,1,,2025-04-24 09:36:10,,,U732BF28QXVF87C9,U732BF28QXVF87C9,2025-04-24 09:36:24,2025-04-24 09:39:38,
1f1aecf7-0aa0-4fe7-a39c-fbb80d2c7139,bf996092-8d66-408a-8d8e-5065ca3330c2,ada6015d-9fce-4f2c-b20f-fc9122d2face,35590700-098d-4f8c-bad2-af649f3ac5f1,Untitled meeting 24 Apr 2025 15:10,,,minutes,1,,2025-04-24 09:40:24,,,U732BF28QXVF87C9,U732BF28QXVF87C9,2025-04-24 09:40:38,2025-04-24 09:40:46,
c065d6a1-6346-4fb6-8b9b-cf0344c020cd,bf996092-8d66-408a-8d8e-5065ca3330c2,967e785d-d83c-490b-8d6a-2ed926c956ac,133b23b3-7be7-4072-8b6a-f10ccf3a1f03,"Untitled meeting Jun 10, 2025 12:20 PM",<p>SITE VISIT&nbsp;</p>,"<p>1. Improve the RCC work Quality Specially in Columns .</p>
<p>2. Do Randring on repairing done on RCC Surface.</p>
<p>3. Shuttering of Main and Secondary Beam Junction not Done Properly .</p>
<p>4. Use minimum 10mm bar as MS props pin in slab shuttering.</p>
<p>5. If man Power Exceed as required from B-2 work then start the casting of B-1 Columns.&nbsp;</p>",minutes,1,Vrindavan Courtyrad ,2025-06-10 10:50:00,,,U8Q2F3P4M3PWWQXF,U8Q2F3P4M3PWWQXF,2025-06-11 10:50:04,2025-06-11 11:13:27,
0df25ebf-7a04-44d6-a9c6-fa67b2cea72f,bf996092-8d66-408a-8d8e-5065ca3330c2,967e785d-d83c-490b-8d6a-2ed926c956ac,934ee968-14ad-4315-acbf-6380541ba0ba,"Untitled meeting Jun 11, 2025 4:45 PM",<p>SITE VISIT</p>,"",open,1,Vrindavan Courtyard Site office with VKJ Team ( Mr. Rajender Gill ) and Team Omaxe ,2025-06-11 11:15:23,,,U8Q2F3P4M3PWWQXF,U8Q2F3P4M3PWWQXF,2025-06-11 11:15:23,2025-06-12 09:59:23,
d92be0e3-07e9-4098-a667-80c691ddb85b,bf996092-8d66-408a-8d8e-5065ca3330c2,e9b596f2-48ee-419b-a199-da304b38c398,fc8022ed-b320-4a76-8ff9-c57172c797f4,Prayagraj Bus Terminal & Commercial weekly meeting ,<p><strong>Weekly design meeting</strong></p>,,minutes,1,,2025-06-12 05:30:55,60,https://meet.google.com/ndb-ktyc-eao,7UBTJ2JUZS54,7UBTJ2JUZS54,2025-06-12 07:08:49,2025-07-03 06:03:50,
0d4781dc-812f-49c0-a17c-7a9856da1fa1,bf996092-8d66-408a-8d8e-5065ca3330c2,967e785d-d83c-490b-8d6a-2ed926c956ac,268d650f-7eff-4feb-8c37-d1b95fa055c6,"Untitled meeting Jun 12, 2025 3:09 PM",,,open,1,,2025-06-12 09:39:29,,,U8Q2F3P4M3PWWQXF,U8Q2F3P4M3PWWQXF,2025-06-12 09:39:28,2025-06-12 09:39:45,
318ae2f4-ecd4-440c-b3b0-75cdc6926624,bf996092-8d66-408a-8d8e-5065ca3330c2,f6ab14eb-1a66-4ea5-8a0f-0afbda444403,316e468f-d4e7-4d00-aaed-cb01c34b9fd2,Untitled meeting 3 Jul 2025 11:14,,,open,1,,2025-07-03 05:44:11,,,6QZ2KANQN4NBQ45Q,6QZ2KANQN4NBQ45Q,2025-07-03 05:44:12,2025-07-03 05:44:14,
d5c45c01-52e2-4d26-9c11-ff97e66379b1,bf996092-8d66-408a-8d8e-5065ca3330c2,f6ab14eb-1a66-4ea5-8a0f-0afbda444403,c6e1c4a2-fddc-491a-9b2a-bd56f18751eb,"Omaxe Gomti Bus Terminal & Commercial
meeting 21 Aug 2025 16:00",<p><strong>Weekly design meeting_44</strong></p>,,minutes,1,Online,2025-08-21 10:30:00,60,,NTHFQB8P8X3C,NTHFQB8P8X3C,2025-08-22 09:39:32,2025-08-28 10:19:40,
415cb38c-59de-43b3-9535-2c6f72e659d9,bf996092-8d66-408a-8d8e-5065ca3330c2,e9b596f2-48ee-419b-a199-da304b38c398,fc8022ed-b320-4a76-8ff9-c57172c797f4,Prayagraj Bus Terminal & Commercial weekly meeting ,"<p>(17) Design meeting July 03, 2025, 11:00 AM</p>","<p>All drawings and documents submission shall be followed by target dates.</p>
<p>Meeting ended with a note of Thanks.</p>",minutes,3,Online,2025-07-03 05:30:00,60,https://meet.google.com/pki-avfh-yxk,7UBTJ2JUZS54,7UBTJ2JUZS54,2025-07-03 06:04:14,2025-07-03 12:59:15,
5b4369f6-2c7e-4038-b9df-b22160415ac8,bf996092-8d66-408a-8d8e-5065ca3330c2,2f551e7d-05e6-4bfc-8ee1-0ef3a8487c11,b9daa7fa-2e1f-416f-891f-498115a258fa,Untitled meeting 12 Aug 2025 15:13,,,open,1,,2025-08-12 09:43:10,,,ZK3JZTPXLBYUA53X,ZK3JZTPXLBYUA53X,2025-08-12 09:41:48,2025-08-12 09:41:50,
bc334f39-f752-4faf-abed-e311d0868fd4,bf996092-8d66-408a-8d8e-5065ca3330c2,2f551e7d-05e6-4bfc-8ee1-0ef3a8487c11,fef93be8-e79f-44fc-80f4-b4f8129d8940,Untitled meeting 24 Apr 2025 15:05,"",,open,1,,2025-04-24 09:35:40,,,U732BF28QXVF87C9,U732BF28QXVF87C9,2025-04-24 09:35:54,2025-04-24 09:36:06,
b83a17db-25d2-4104-bdc4-8ac64304a3bc,bf996092-8d66-408a-8d8e-5065ca3330c2,ada6015d-9fce-4f2c-b20f-fc9122d2face,9d028903-c583-4bb0-9205-56eecfa257cc,Site Overview Meeting,<p>Test</p>,,open,2,Onsite,2025-04-10 11:30:00,30,,V9Q2X946QA52XTJG,V9Q2X946QA52XTJG,2025-04-03 10:56:55,2025-04-03 10:56:57,
213810bb-dfe9-43b7-960d-1e6434aa8dda,bf996092-8d66-408a-8d8e-5065ca3330c2,f6ab14eb-1a66-4ea5-8a0f-0afbda444403,17c5709f-37a8-46c5-9b49-db376808527c, Omaxe Gomti Bus Terminal & Commercial meeting,<p><strong>&nbsp;Weekly design meeting_41</strong></p>,,minutes,5,ONLINE,2025-07-24 10:30:00,60,,TZXRKN44WBAJ,TZXRKN44WBAJ,2025-07-31 05:27:56,2025-07-31 05:36:17,
13022148-c1bf-427a-84fd-7d20c43f3322,bf996092-8d66-408a-8d8e-5065ca3330c2,ada6015d-9fce-4f2c-b20f-fc9122d2face,95370aaa-4eae-42dd-8981-7f61cd2aac0d,Untitled meeting 5 Jun 2025 15:02,,,open,1,,2025-06-05 09:32:10,,,7XGJKR7GMJ4QN93J,7XGJKR7GMJ4QN93J,2025-06-05 09:32:10,2025-06-05 09:32:12,
03abab20-024c-42d5-9d36-5a36042af463,bf996092-8d66-408a-8d8e-5065ca3330c2,ada6015d-9fce-4f2c-b20f-fc9122d2face,f106dca4-5823-421a-8be5-fa5ed54e77ad,"Untitled meeting May 30, 2025 3:23 PM","",,open,2,,2025-06-01 09:53:00,,,CMJ2N3U8MSMRM8ZA,CMJ2N3U8MSMRM8ZA,2025-06-05 10:29:42,2025-06-05 10:29:45,
f5260134-2bd9-41f0-80f6-b41e3fef4350,bf996092-8d66-408a-8d8e-5065ca3330c2,ada6015d-9fce-4f2c-b20f-fc9122d2face,53c9ad81-ad5e-4264-b605-df41a70f3de0,Progress Review With Indigo Infra Projects ,<p>Progress review meeting with Indigo&nbsp;</p>,"",minutes,1,"Centre Point, Ghaziabad ",2025-06-03 20:30:00,60,,7XGJKR7GMJ4QN93J,7XGJKR7GMJ4QN93J,2025-06-05 09:36:31,2025-06-05 10:39:31,
e41dad05-e632-4871-b558-ebca9d545769,bf996092-8d66-408a-8d8e-5065ca3330c2,f679f4cf-c089-4a2b-9b84-b14129630601,0ea3d1dc-0aa3-4304-a2ea-119b7178c4ee,Progress Review Meeting With Indigo ,<p>Progress review meeting with Indigo</p>,,open,1,"Centre point, Ghaziabad ",2025-06-04 08:30:00,60,,7XGJKR7GMJ4QN93J,7XGJKR7GMJ4QN93J,2025-06-05 10:54:22,2025-08-04 11:03:59,
8c8a4b68-c1b5-4473-8c6b-0b2e701f63c8,bf996092-8d66-408a-8d8e-5065ca3330c2,ada6015d-9fce-4f2c-b20f-fc9122d2face,baf86ea3-0780-4cd5-8489-0fe6f328f5b6,Untitled meeting 20 Mar 2025 15:26,,,open,1,,2025-03-20 09:56:29,,,QNTJJ3CVR726KX4Z,QNTJJ3CVR726KX4Z,2025-03-20 09:56:25,2025-03-20 09:56:29,
cd040a1c-2eab-478a-b07d-9332a9461f17,bf996092-8d66-408a-8d8e-5065ca3330c2,ada6015d-9fce-4f2c-b20f-fc9122d2face,e52fdcbe-f252-4bf8-83db-4643c298f174,ACC Meeting For Project ,<p>Training for Software</p>,,open,1,Onsite,2025-04-04 12:30:08,30,,755J89QWMS5SYD8P,755J89QWMS5SYD8P,2025-04-04 10:16:08,2025-04-04 10:18:45,
44f5f222-6831-46e5-9189-3233d66c06f9,bf996092-8d66-408a-8d8e-5065ca3330c2,ada6015d-9fce-4f2c-b20f-fc9122d2face,e52fdcbe-f252-4bf8-83db-4643c298f174,ACC Meeting For Project ,<p>Training for Software</p>,,open,2,Onsite,2025-04-11 12:30:00,30,,755J89QWMS5SYD8P,755J89QWMS5SYD8P,2025-04-04 10:23:14,2025-04-04 10:23:16,
3caae483-49b0-499c-937b-8b08a2d004d5,bf996092-8d66-408a-8d8e-5065ca3330c2,ada6015d-9fce-4f2c-b20f-fc9122d2face,36808bf1-e264-40bd-a180-909adee52249,Untitled meeting 11 Jun 2025 09:50,,,open,1,,2025-06-11 04:20:38,,,3NH2Q57QKQWJE37V,3NH2Q57QKQWJE37V,2025-06-11 04:20:23,2025-06-11 04:20:25,
7a7199a2-9d4c-4cbe-9903-72ce7bbb2870,bf996092-8d66-408a-8d8e-5065ca3330c2,ada6015d-9fce-4f2c-b20f-fc9122d2face,11805571-71e0-43ff-bb27-9030b3652a3d,Progress Review meeting 13 Jun 2025 14:25,<p>Progress Review Meeting</p>,,minutes,1,Gomti Nagar Project Site,2025-06-12 20:30:14,60,,CMJ2N3U8MSMRM8ZA,YEYJGRGXQH2X5DAY,2025-06-13 08:55:00,2025-06-13 09:26:09,
93d4bb14-2355-4fc8-9b11-76feb1bfc484,bf996092-8d66-408a-8d8e-5065ca3330c2,ada6015d-9fce-4f2c-b20f-fc9122d2face,57a9f30d-9d24-4f79-8254-df2ad92d0a46,Untitled meeting 11 Jun 2025 12:25,<p>mechanical</p>,"",open,1,,2025-06-11 06:55:31,,,3NH2Q57QKQWJE37V,3NH2Q57QKQWJE37V,2025-06-11 06:55:16,2025-06-11 07:08:58,
20ed9669-b36a-4a97-abf9-61f826cd79fc,bf996092-8d66-408a-8d8e-5065ca3330c2,ada6015d-9fce-4f2c-b20f-fc9122d2face,0037a868-51bf-4693-b19a-430f48c202a2,Meeting 1,<p>AA</p>,,minutes,1,Gaziabad,2025-06-11 07:30:22,60,https://meet.google.com/kpt-ktpk-pzs,DVW2J8GUNHESYYKC,DVW2J8GUNHESYYKC,2025-06-11 06:56:10,2025-06-11 07:12:30,
6bccdc18-d0e9-4444-870f-85168c69074b,bf996092-8d66-408a-8d8e-5065ca3330c2,ada6015d-9fce-4f2c-b20f-fc9122d2face,0037a868-51bf-4693-b19a-430f48c202a2,Meeting 1,<p>AA</p>,,minutes,2,Gaziabad,2025-06-11 07:30:00,60,,DVW2J8GUNHESYYKC,DVW2J8GUNHESYYKC,2025-06-11 07:22:16,2025-06-11 07:22:43,
8398f43e-b3d9-4df2-90b8-3a16da0bf1f4,bf996092-8d66-408a-8d8e-5065ca3330c2,ada6015d-9fce-4f2c-b20f-fc9122d2face,0037a868-51bf-4693-b19a-430f48c202a2,Meeting 1,<p>AA</p>,,minutes,3,Gaziabad,2025-06-11 07:30:00,60,,DVW2J8GUNHESYYKC,DVW2J8GUNHESYYKC,2025-06-11 07:25:14,2025-06-11 07:26:33,
f947e284-c777-4f09-a56c-2b766e343e17,bf996092-8d66-408a-8d8e-5065ca3330c2,e9b596f2-48ee-419b-a199-da304b38c398,6bb015c9-4eab-4660-bddd-c4c52da58a56,"Untitled meeting Jun 12, 2025 5:09 PM","",,open,1,,2025-06-12 11:39:36,,,7UBTJ2JUZS54,7UBTJ2JUZS54,2025-06-12 11:38:30,2025-06-12 11:43:27,2025-06-12 11:43:27
4021ef5d-e887-47a8-bd78-02d65db17cc0,bf996092-8d66-408a-8d8e-5065ca3330c2,e9b596f2-48ee-419b-a199-da304b38c398,fc8022ed-b320-4a76-8ff9-c57172c797f4,Prayagraj Bus Terminal & Commercial weekly meeting ,"<p>(18) Design meeting July 17, 2025, 11:00 AM</p>","<p>All drawings and documents submission shall be followed by target dates.</p>
<p>Meeting ended with a note of Thanks.</p>",minutes,4,Online,2025-07-17 05:30:00,60,https://meet.google.com/ndb-ktyc-eao,7UBTJ2JUZS54,7UBTJ2JUZS54,2025-07-17 08:35:29,2025-07-17 10:50:03,
a2a32dd0-02c3-4719-8c48-23a48cace433,bf996092-8d66-408a-8d8e-5065ca3330c2,ada6015d-9fce-4f2c-b20f-fc9122d2face,6929580b-ffd4-4557-a189-87f429bd2f55,"Untitled meeting Jul 8, 2025 1:19 PM",<p>Review&nbsp;</p>,"",open,1,,2025-07-08 07:49:19,,,DVW2J8GUNHESYYKC,DVW2J8GUNHESYYKC,2025-07-08 07:48:27,2025-07-08 07:50:41,2025-07-08 07:50:41
f6c1ab4b-cb1b-4eae-af25-06adcabbfd01,bf996092-8d66-408a-8d8e-5065ca3330c2,967e785d-d83c-490b-8d6a-2ed926c956ac,6fa8eac3-449b-4dd9-a76b-999e195eba5f,"Untitled meeting 25 Jul, 2025 16:14",,,open,1,,2025-07-25 10:44:28,,,7M5KQ3PKABFC,7M5KQ3PKABFC,2025-07-25 10:44:33,2025-07-25 10:45:13,2025-07-25 10:45:13
2632fa80-abed-418e-937a-6b34ac183292,bf996092-8d66-408a-8d8e-5065ca3330c2,f679f4cf-c089-4a2b-9b84-b14129630601,783d711e-583b-480e-92a6-082f6ab87edd,"Untitled meeting Aug 28, 2025 4:37 PM","",,open,1,,2025-08-28 11:07:32,,,NTHFQB8P8X3C,NTHFQB8P8X3C,2025-08-28 11:07:12,2025-08-28 12:16:33,2025-08-28 12:16:33
dd0bf32f-3704-4361-8846-dcad04d83cce,bf996092-8d66-408a-8d8e-5065ca3330c2,f679f4cf-c089-4a2b-9b84-b14129630601,d01f8517-3258-477a-8b89-2d1ad965cb4f,Ghaziabad Bus Terminal & Commercial Weekly Meeting,"<p>(19) Design Meeting July 31, &nbsp;2025, &nbsp;2:00PM</p>",,minutes,4,Online,2025-08-28 08:30:00,90,,NTHFQB8P8X3C,NTHFQB8P8X3C,2025-08-28 11:08:59,2025-08-28 12:15:32,
e5133227-5ec6-492c-a093-34d6216e96ec,bf996092-8d66-408a-8d8e-5065ca3330c2,f6ab14eb-1a66-4ea5-8a0f-0afbda444403,c6e1c4a2-fddc-491a-9b2a-bd56f18751eb,"Omaxe Gomti Bus Terminal & Commercial
meeting 21 Aug 2025 16:00",<p><strong>Weekly design meeting_45</strong></p>,,minutes,2,Online,2025-08-28 11:15:00,15,,NTHFQB8P8X3C,NTHFQB8P8X3C,2025-08-28 11:48:49,2025-08-28 11:56:23,
