id,bim360_account_id,bim360_project_id,meeting_id,order_index,name,created_by,updated_by,created_at,updated_at,deleted_at
9f285c0a-6259-4e04-9e7c-39a669802ac6,bf996092-8d66-408a-8d8e-5065ca3330c2,ada6015d-9fce-4f2c-b20f-fc9122d2face,5d82b82c-facc-4ee1-9354-2b8d2ab74ab3,1,jfjfjj,3NH2Q57QKQWJE37V,3NH2Q57QKQWJE37V,2025-05-30 06:50:30,2025-05-30 06:50:30,
b2ac6c92-d5e6-4109-8713-3439bbbc9c89,bf996092-8d66-408a-8d8e-5065ca3330c2,ada6015d-9fce-4f2c-b20f-fc9122d2face,2a1adb93-2045-4b29-844f-ca925a5a4401,1,Architecture,V9Q2X946QA52XTJG,V9Q2X946QA52XTJG,2025-05-30 06:49:03,2025-05-30 06:49:03,
fbfb5ebc-984b-4762-a5a9-bee505ba7df0,bf996092-8d66-408a-8d8e-5065ca3330c2,ada6015d-9fce-4f2c-b20f-fc9122d2face,2a1adb93-2045-4b29-844f-ca925a5a4401,2,Structure,V9Q2X946QA52XTJG,V9Q2X946QA52XTJG,2025-05-30 06:49:57,2025-05-30 06:49:57,
aa8d7709-b604-43a9-a5a6-d18892de0ffe,bf996092-8d66-408a-8d8e-5065ca3330c2,ada6015d-9fce-4f2c-b20f-fc9122d2face,567d4462-095c-4030-a049-1f8ebd87af3e,1,Architecture,V9Q2X946QA52XTJG,V9Q2X946QA52XTJG,2025-05-30 06:54:39,2025-05-30 06:54:39,
3902e924-20fb-4442-a701-b54802b53cc0,bf996092-8d66-408a-8d8e-5065ca3330c2,ada6015d-9fce-4f2c-b20f-fc9122d2face,567d4462-095c-4030-a049-1f8ebd87af3e,2,Structure,V9Q2X946QA52XTJG,V9Q2X946QA52XTJG,2025-05-30 06:54:39,2025-05-30 06:54:39,
102dd9f5-9644-4903-8236-0026b0428d71,bf996092-8d66-408a-8d8e-5065ca3330c2,ada6015d-9fce-4f2c-b20f-fc9122d2face,2b699cc5-2d5c-4fa8-8fc4-a174aae8c97c,1,Civil Execution,V9Q2X946QA52XTJG,V9Q2X946QA52XTJG,2025-04-03 10:50:04,2025-04-03 10:50:04,
46f1e2e8-4bfa-4d11-96c8-e41992fc185f,bf996092-8d66-408a-8d8e-5065ca3330c2,967e785d-d83c-490b-8d6a-2ed926c956ac,35b91d1b-7f4f-4376-af12-37a0a66403ff,1,Safety ,U8Q2F3P4M3PWWQXF,U8Q2F3P4M3PWWQXF,2025-06-21 08:39:30,2025-06-21 08:39:30,
2d47f158-af4f-438b-a292-d1d86d35f971,bf996092-8d66-408a-8d8e-5065ca3330c2,967e785d-d83c-490b-8d6a-2ed926c956ac,35b91d1b-7f4f-4376-af12-37a0a66403ff,2,Site Staff ,U8Q2F3P4M3PWWQXF,U8Q2F3P4M3PWWQXF,2025-06-21 08:44:04,2025-06-21 08:44:04,
681f5979-8bd2-4cb7-870b-fafe45027da9,bf996092-8d66-408a-8d8e-5065ca3330c2,967e785d-d83c-490b-8d6a-2ed926c956ac,35b91d1b-7f4f-4376-af12-37a0a66403ff,3,Planning ,U8Q2F3P4M3PWWQXF,U8Q2F3P4M3PWWQXF,2025-06-21 08:46:07,2025-06-21 08:46:07,
39ae57f1-c48e-41b5-b497-b86ac047c91f,bf996092-8d66-408a-8d8e-5065ca3330c2,967e785d-d83c-490b-8d6a-2ed926c956ac,35b91d1b-7f4f-4376-af12-37a0a66403ff,4,Coordination Meeting,U8Q2F3P4M3PWWQXF,U8Q2F3P4M3PWWQXF,2025-06-21 08:48:55,2025-06-21 08:48:55,
64bddab9-50d6-4a17-9fd3-253311ecf653,bf996092-8d66-408a-8d8e-5065ca3330c2,967e785d-d83c-490b-8d6a-2ed926c956ac,35b91d1b-7f4f-4376-af12-37a0a66403ff,5,Quality ,U8Q2F3P4M3PWWQXF,U8Q2F3P4M3PWWQXF,2025-06-21 08:50:54,2025-06-21 08:50:54,
24a8ae66-b8aa-47b0-a32c-ce81a87975e5,bf996092-8d66-408a-8d8e-5065ca3330c2,ada6015d-9fce-4f2c-b20f-fc9122d2face,34c64be7-9a9c-46dd-a8fd-15a465b956e4,1,BOQ,V9Q2X946QA52XTJG,V9Q2X946QA52XTJG,2025-06-21 10:50:44,2025-06-21 10:50:44,
f870edc9-9289-4eb3-9d39-6f83237b77b0,bf996092-8d66-408a-8d8e-5065ca3330c2,ada6015d-9fce-4f2c-b20f-fc9122d2face,1b89d592-c380-420e-b087-00f06bbe7b75,1,BOQ,V9Q2X946QA52XTJG,V9Q2X946QA52XTJG,2025-06-21 10:45:59,2025-06-21 10:45:59,
041bc7ae-6924-4c77-aafb-8148795a3974,bf996092-8d66-408a-8d8e-5065ca3330c2,f6ab14eb-1a66-4ea5-8a0f-0afbda444403,5db2f99e-9247-431a-9f4e-e9f20184dc31,2,CLANCY- MEP CONSULTANT,TZXRKN44WBAJ,TZXRKN44WBAJ,2025-07-31 11:04:32,2025-07-31 11:04:32,
32f0fc7f-9d91-4385-9f28-a6682a821ec0,bf996092-8d66-408a-8d8e-5065ca3330c2,f6ab14eb-1a66-4ea5-8a0f-0afbda444403,5db2f99e-9247-431a-9f4e-e9f20184dc31,4,Omaxe- ARCHITECT TEAM,TZXRKN44WBAJ,TZXRKN44WBAJ,2025-07-31 11:04:32,2025-07-31 11:04:32,
4feca8ae-e5f3-4999-913e-f4a470ec3cd8,bf996092-8d66-408a-8d8e-5065ca3330c2,f6ab14eb-1a66-4ea5-8a0f-0afbda444403,5db2f99e-9247-431a-9f4e-e9f20184dc31,5,Omaxe- MEP,TZXRKN44WBAJ,TZXRKN44WBAJ,2025-07-31 11:04:32,2025-07-31 11:04:32,
08a44cf2-2a9d-4437-8156-ab0e20b74ff8,bf996092-8d66-408a-8d8e-5065ca3330c2,f6ab14eb-1a66-4ea5-8a0f-0afbda444403,5db2f99e-9247-431a-9f4e-e9f20184dc31,3,GPM- ARCHITECTURE CONSULTANT,TZXRKN44WBAJ,TZXRKN44WBAJ,2025-07-31 11:04:32,2025-07-31 11:04:32,
406c8018-e480-46b1-8946-b2547b702387,bf996092-8d66-408a-8d8e-5065ca3330c2,f6ab14eb-1a66-4ea5-8a0f-0afbda444403,5db2f99e-9247-431a-9f4e-e9f20184dc31,1,CBM - STRUCTURE CONSULTANT,TZXRKN44WBAJ,TZXRKN44WBAJ,2025-07-31 11:04:32,2025-07-31 11:04:32,
720b7f1a-13cc-4879-928f-4db181283608,bf996092-8d66-408a-8d8e-5065ca3330c2,ada6015d-9fce-4f2c-b20f-fc9122d2face,217b172a-0e31-476b-a16f-77e5042c52d7,1,Training,V9Q2X946QA52XTJG,V9Q2X946QA52XTJG,2025-05-27 11:48:50,2025-05-27 11:48:50,
1fdf50d2-a911-450a-b792-62887a14f3c5,bf996092-8d66-408a-8d8e-5065ca3330c2,ada6015d-9fce-4f2c-b20f-fc9122d2face,c65702d6-a1f3-4264-9124-6d6a893bdfec,1,Documentation,CMJ2N3U8MSMRM8ZA,CMJ2N3U8MSMRM8ZA,2025-05-08 06:22:56,2025-05-08 06:22:56,
83e97d40-59c7-463a-b390-4d08db536019,bf996092-8d66-408a-8d8e-5065ca3330c2,967e785d-d83c-490b-8d6a-2ed926c956ac,58fda15d-6158-4640-acdb-3b79962494de,1,Points Discussed,CMJ2N3U8MSMRM8ZA,CMJ2N3U8MSMRM8ZA,2025-05-08 07:35:51,2025-05-08 12:22:23,
fe5511b2-1afd-4938-8a25-c51bac83c3ee,bf996092-8d66-408a-8d8e-5065ca3330c2,ada6015d-9fce-4f2c-b20f-fc9122d2face,3bc24103-6c42-4a21-9494-91724bbefc64,2,sfdjdx,3NH2Q57QKQWJE37V,3NH2Q57QKQWJE37V,2025-06-10 09:27:34,2025-06-10 09:27:34,
27f15e0d-917a-4550-a3e1-9fbc6cd2a7ec,bf996092-8d66-408a-8d8e-5065ca3330c2,ada6015d-9fce-4f2c-b20f-fc9122d2face,3bc24103-6c42-4a21-9494-91724bbefc64,3,sfdjdx,3NH2Q57QKQWJE37V,3NH2Q57QKQWJE37V,2025-06-10 09:27:35,2025-06-10 09:27:35,
1015f997-1ce3-48d0-ad44-f163a7c59801,bf996092-8d66-408a-8d8e-5065ca3330c2,ada6015d-9fce-4f2c-b20f-fc9122d2face,3bc24103-6c42-4a21-9494-91724bbefc64,1,Internal Discussion,3NH2Q57QKQWJE37V,3NH2Q57QKQWJE37V,2025-06-10 09:27:21,2025-06-10 09:28:26,
0d9e712d-e5f8-4eb0-9470-80b60f9f9f28,bf996092-8d66-408a-8d8e-5065ca3330c2,f6ab14eb-1a66-4ea5-8a0f-0afbda444403,5e13d72e-f70c-496d-9189-338a238f4944,1,CBM - STRUCTURE CONSULTANT,TZXRKN44WBAJ,TZXRKN44WBAJ,2025-06-13 05:09:15,2025-06-13 07:29:05,
aab71211-e6ae-4744-99e8-8218892dabd4,bf996092-8d66-408a-8d8e-5065ca3330c2,f6ab14eb-1a66-4ea5-8a0f-0afbda444403,5e13d72e-f70c-496d-9189-338a238f4944,2,CLANCY- MEP CONSULTANT,TZXRKN44WBAJ,TZXRKN44WBAJ,2025-06-13 08:14:06,2025-06-13 08:14:22,
fcdfbfb0-a08f-4ed3-8d61-8a569909dea7,bf996092-8d66-408a-8d8e-5065ca3330c2,f6ab14eb-1a66-4ea5-8a0f-0afbda444403,5e13d72e-f70c-496d-9189-338a238f4944,3,GPM- ARCHITECTURE CONSULTANT,TZXRKN44WBAJ,TZXRKN44WBAJ,2025-06-13 08:16:28,2025-06-13 08:16:44,
a805e8d4-49a4-440f-8ff3-925f7e717770,bf996092-8d66-408a-8d8e-5065ca3330c2,f6ab14eb-1a66-4ea5-8a0f-0afbda444403,5e13d72e-f70c-496d-9189-338a238f4944,4,Omaxe- MEP Team,TZXRKN44WBAJ,TZXRKN44WBAJ,2025-06-13 08:18:10,2025-06-13 08:18:10,
ad4b53f9-a690-4ec5-bde8-faa291298d6a,bf996092-8d66-408a-8d8e-5065ca3330c2,ada6015d-9fce-4f2c-b20f-fc9122d2face,7ad09128-4e96-4a14-b480-7ffc594240af,2,q,DVW2J8GUNHESYYKC,DVW2J8GUNHESYYKC,2025-06-13 05:56:42,2025-06-13 05:56:42,
d13609f0-e3c2-4b93-a058-72a48c681cdc,bf996092-8d66-408a-8d8e-5065ca3330c2,ada6015d-9fce-4f2c-b20f-fc9122d2face,7ad09128-4e96-4a14-b480-7ffc594240af,1,a,DVW2J8GUNHESYYKC,DVW2J8GUNHESYYKC,2025-06-13 05:56:42,2025-06-13 05:56:42,
9193247d-ed9c-49e5-9e5d-0f8ce33b4bd4,bf996092-8d66-408a-8d8e-5065ca3330c2,ada6015d-9fce-4f2c-b20f-fc9122d2face,a7c6b312-1453-4e9a-920d-8820f564bbf0,5,Design,CMJ2N3U8MSMRM8ZA,CMJ2N3U8MSMRM8ZA,2025-06-13 09:02:22,2025-06-13 09:02:22,
5c19e79c-3dc4-40bb-8504-907b91f947de,bf996092-8d66-408a-8d8e-5065ca3330c2,ada6015d-9fce-4f2c-b20f-fc9122d2face,a7c6b312-1453-4e9a-920d-8820f564bbf0,3,Progress,CMJ2N3U8MSMRM8ZA,CMJ2N3U8MSMRM8ZA,2025-06-13 09:02:22,2025-06-13 09:02:22,
2de9753e-b575-4747-a2b3-8d413bfe758b,bf996092-8d66-408a-8d8e-5065ca3330c2,ada6015d-9fce-4f2c-b20f-fc9122d2face,a7c6b312-1453-4e9a-920d-8820f564bbf0,1,Quality,CMJ2N3U8MSMRM8ZA,CMJ2N3U8MSMRM8ZA,2025-06-13 09:02:22,2025-06-13 09:02:22,
dd704ad3-4c37-491f-bf7d-6e044d697651,bf996092-8d66-408a-8d8e-5065ca3330c2,ada6015d-9fce-4f2c-b20f-fc9122d2face,a7c6b312-1453-4e9a-920d-8820f564bbf0,4,Report,CMJ2N3U8MSMRM8ZA,CMJ2N3U8MSMRM8ZA,2025-06-13 09:02:22,2025-06-13 09:02:22,
40a087c0-04b2-45d6-a5fb-d52cceda109a,bf996092-8d66-408a-8d8e-5065ca3330c2,ada6015d-9fce-4f2c-b20f-fc9122d2face,a7c6b312-1453-4e9a-920d-8820f564bbf0,2,Safety,CMJ2N3U8MSMRM8ZA,CMJ2N3U8MSMRM8ZA,2025-06-13 09:02:22,2025-06-13 09:02:22,
97997aff-7a46-41ee-af1c-03a68870f7b2,bf996092-8d66-408a-8d8e-5065ca3330c2,ada6015d-9fce-4f2c-b20f-fc9122d2face,2dd1457e-f6c8-4057-8c44-36306a0fb2b1,1,Training,V9Q2X946QA52XTJG,V9Q2X946QA52XTJG,2025-05-27 11:41:24,2025-05-27 11:41:24,
85fc5053-51e2-40b1-9949-cff7073b284b,bf996092-8d66-408a-8d8e-5065ca3330c2,f679f4cf-c089-4a2b-9b84-b14129630601,a505e973-8aeb-4b1b-b41b-e8dd77f972b9,1,"Progress review Meeting
",7XGJKR7GMJ4QN93J,7XGJKR7GMJ4QN93J,2025-08-04 03:50:04,2025-08-04 03:50:04,
39377210-8e5c-4814-a776-4d5c39108353,bf996092-8d66-408a-8d8e-5065ca3330c2,f6ab14eb-1a66-4ea5-8a0f-0afbda444403,7237d155-cc89-4bc4-afb0-718a6a65e9c2,1,CBM - STRUCTURE CONSULTANT,TZXRKN44WBAJ,TZXRKN44WBAJ,2025-07-18 12:00:29,2025-07-18 12:00:29,
62c18302-62cd-4273-a096-51819be39b84,bf996092-8d66-408a-8d8e-5065ca3330c2,f6ab14eb-1a66-4ea5-8a0f-0afbda444403,7237d155-cc89-4bc4-afb0-718a6a65e9c2,3,GPM- ARCHITECTURE CONSULTANT,TZXRKN44WBAJ,TZXRKN44WBAJ,2025-07-18 12:00:29,2025-07-18 12:00:29,
fb638d18-21c9-4b6a-a6b1-782189462579,bf996092-8d66-408a-8d8e-5065ca3330c2,f6ab14eb-1a66-4ea5-8a0f-0afbda444403,7237d155-cc89-4bc4-afb0-718a6a65e9c2,2,CLANCY- MEP CONSULTANT,TZXRKN44WBAJ,TZXRKN44WBAJ,2025-07-18 12:00:29,2025-07-18 12:00:29,
9de4923f-48cb-48c8-93ad-7567576406f7,bf996092-8d66-408a-8d8e-5065ca3330c2,f6ab14eb-1a66-4ea5-8a0f-0afbda444403,7237d155-cc89-4bc4-afb0-718a6a65e9c2,4,Omaxe- ARCHITECT TEAM,TZXRKN44WBAJ,TZXRKN44WBAJ,2025-07-18 12:00:29,2025-07-18 12:00:29,
22e18a9b-1146-44ef-89cc-57a48d43e801,bf996092-8d66-408a-8d8e-5065ca3330c2,f6ab14eb-1a66-4ea5-8a0f-0afbda444403,7237d155-cc89-4bc4-afb0-718a6a65e9c2,5,Omaxe- MEP,TZXRKN44WBAJ,TZXRKN44WBAJ,2025-07-18 12:22:46,2025-07-18 12:22:46,
40a4c6a4-e8ff-4e9b-b458-fae6e02809dd,bf996092-8d66-408a-8d8e-5065ca3330c2,f6ab14eb-1a66-4ea5-8a0f-0afbda444403,b318925e-4d3c-4da7-b427-d919809edb03,2,CLANCY- MEP CONSULTANT,TZXRKN44WBAJ,TZXRKN44WBAJ,2025-06-19 11:54:17,2025-06-19 11:54:17,
ddad5969-270f-4e62-a7e9-9d47db6dd80d,bf996092-8d66-408a-8d8e-5065ca3330c2,f6ab14eb-1a66-4ea5-8a0f-0afbda444403,b318925e-4d3c-4da7-b427-d919809edb03,4,Omaxe- MEP Team,TZXRKN44WBAJ,TZXRKN44WBAJ,2025-06-19 11:54:17,2025-06-19 11:54:17,
a36bc295-ebd8-4e7f-82f6-fc9e0c5105b9,bf996092-8d66-408a-8d8e-5065ca3330c2,f6ab14eb-1a66-4ea5-8a0f-0afbda444403,b318925e-4d3c-4da7-b427-d919809edb03,3,GPM- ARCHITECTURE CONSULTANT,TZXRKN44WBAJ,TZXRKN44WBAJ,2025-06-19 11:54:17,2025-06-19 11:54:17,
2cf7946d-a034-4a76-b6ed-0ce455bb5ad6,bf996092-8d66-408a-8d8e-5065ca3330c2,f6ab14eb-1a66-4ea5-8a0f-0afbda444403,b318925e-4d3c-4da7-b427-d919809edb03,1,CBM - STRUCTURE CONSULTANT,TZXRKN44WBAJ,TZXRKN44WBAJ,2025-06-19 11:54:17,2025-06-19 11:54:17,
150e251a-1d6c-453c-a2a1-555dd0437fba,bf996092-8d66-408a-8d8e-5065ca3330c2,e9b596f2-48ee-419b-a199-da304b38c398,f6f1392f-81cb-4025-8674-3426d0a66075,4,Omaxe-Architecture team,7UBTJ2JUZS54,7UBTJ2JUZS54,2025-06-19 07:27:53,2025-06-19 09:09:21,
75c9f5fe-2644-4af4-898d-88c1fcd50f17,bf996092-8d66-408a-8d8e-5065ca3330c2,e9b596f2-48ee-419b-a199-da304b38c398,f6f1392f-81cb-4025-8674-3426d0a66075,1,GPM-Architecture Consultant,7UBTJ2JUZS54,7UBTJ2JUZS54,2025-06-19 07:27:53,2025-06-19 08:55:48,
0240c657-472e-439d-b0da-ff9058b701b5,bf996092-8d66-408a-8d8e-5065ca3330c2,e9b596f2-48ee-419b-a199-da304b38c398,f6f1392f-81cb-4025-8674-3426d0a66075,2,Clancy-MEP Consultant,7UBTJ2JUZS54,7UBTJ2JUZS54,2025-06-19 07:27:53,2025-06-19 08:55:48,
75b07f08-15fe-42f7-852d-4b6d0eed5ad6,bf996092-8d66-408a-8d8e-5065ca3330c2,e9b596f2-48ee-419b-a199-da304b38c398,f6f1392f-81cb-4025-8674-3426d0a66075,3,Vintech-Structure consultant,7UBTJ2JUZS54,7UBTJ2JUZS54,2025-06-19 07:27:53,2025-06-19 09:01:58,
555a5436-1105-4289-be3b-fe7f3a4392ae,bf996092-8d66-408a-8d8e-5065ca3330c2,e9b596f2-48ee-419b-a199-da304b38c398,f6f1392f-81cb-4025-8674-3426d0a66075,5,Omaxe- MEP Team,7UBTJ2JUZS54,7UBTJ2JUZS54,2025-06-19 07:27:53,2025-06-19 09:09:21,
3d851055-1f17-4962-98de-f9b24c5b368d,bf996092-8d66-408a-8d8e-5065ca3330c2,ada6015d-9fce-4f2c-b20f-fc9122d2face,20aa6fbd-0e8d-4260-abbb-915525b6cb9a,1,Project Schedule & Manpower Histogram,CMJ2N3U8MSMRM8ZA,CMJ2N3U8MSMRM8ZA,2025-05-08 06:13:47,2025-05-08 06:13:47,
6bd7e9c0-bdee-4b66-88e1-ac2d0c8fc5d5,bf996092-8d66-408a-8d8e-5065ca3330c2,ada6015d-9fce-4f2c-b20f-fc9122d2face,b628b131-83cb-40b9-ac15-13b2b6d81480,1,gg,V9Q2X946QA52XTJG,V9Q2X946QA52XTJG,2025-05-08 06:23:55,2025-05-08 06:23:55,
05cbb077-fbe1-4775-a977-c9ef1be13eb9,bf996092-8d66-408a-8d8e-5065ca3330c2,ada6015d-9fce-4f2c-b20f-fc9122d2face,dca63b9b-6e96-4be7-91e4-c136ba77059c,1,1,DVW2J8GUNHESYYKC,DVW2J8GUNHESYYKC,2025-08-12 08:43:26,2025-08-12 08:45:10,2025-08-12 08:45:10
1ccbc948-2341-4630-ad51-aaa678128402,bf996092-8d66-408a-8d8e-5065ca3330c2,ada6015d-9fce-4f2c-b20f-fc9122d2face,9ed1d040-4040-4afd-9f38-2ff09a8d0c68,1,Stru,7UBTJ2JUZS54,7UBTJ2JUZS54,2025-06-05 07:52:41,2025-06-05 07:52:41,
a72d1586-d3b9-4c7f-a4de-620dcf8fb666,bf996092-8d66-408a-8d8e-5065ca3330c2,ada6015d-9fce-4f2c-b20f-fc9122d2face,9ed1d040-4040-4afd-9f38-2ff09a8d0c68,2,Arch,7UBTJ2JUZS54,7UBTJ2JUZS54,2025-06-05 07:52:59,2025-06-05 07:52:59,
6a3742e7-fc8c-4d74-a31a-aac94757ef51,bf996092-8d66-408a-8d8e-5065ca3330c2,ada6015d-9fce-4f2c-b20f-fc9122d2face,9ed1d040-4040-4afd-9f38-2ff09a8d0c68,3,mep,7UBTJ2JUZS54,7UBTJ2JUZS54,2025-06-05 07:53:09,2025-06-05 07:53:09,
8b0e3c3c-2ad5-48ad-bcd8-2c3eecef0913,bf996092-8d66-408a-8d8e-5065ca3330c2,ada6015d-9fce-4f2c-b20f-fc9122d2face,e38669b3-34dc-4e63-a012-506dd95651de,1,Vrindavan,U732BF28QXVF87C9,U732BF28QXVF87C9,2025-04-24 09:41:29,2025-04-24 09:41:29,
6b8b8512-000b-48b5-8e9c-4b061bdd7414,bf996092-8d66-408a-8d8e-5065ca3330c2,ada6015d-9fce-4f2c-b20f-fc9122d2face,e38669b3-34dc-4e63-a012-506dd95651de,2,Slab Casting,U732BF28QXVF87C9,U732BF28QXVF87C9,2025-04-24 09:41:29,2025-04-24 09:41:29,
181616ab-8185-4707-a9d2-e0e06887828d,bf996092-8d66-408a-8d8e-5065ca3330c2,ada6015d-9fce-4f2c-b20f-fc9122d2face,d45ebf10-4d8c-4ddf-8021-6041fde96c40,1,Vrindavan,U732BF28QXVF87C9,U732BF28QXVF87C9,2025-04-24 09:36:46,2025-04-24 09:36:46,
7e6781d5-01ef-4e5b-a020-87b437a406fa,bf996092-8d66-408a-8d8e-5065ca3330c2,ada6015d-9fce-4f2c-b20f-fc9122d2face,d45ebf10-4d8c-4ddf-8021-6041fde96c40,2,Slab Casting,U732BF28QXVF87C9,U732BF28QXVF87C9,2025-04-24 09:37:14,2025-04-24 09:37:14,
24454d37-7ce2-4648-90c9-ccacd703fa06,bf996092-8d66-408a-8d8e-5065ca3330c2,ada6015d-9fce-4f2c-b20f-fc9122d2face,7a7199a2-9d4c-4cbe-9903-72ce7bbb2870,1,Quality,CMJ2N3U8MSMRM8ZA,CMJ2N3U8MSMRM8ZA,2025-06-13 08:57:07,2025-06-13 08:57:07,
7f1001e2-242c-4017-848e-5bb306ff8c00,bf996092-8d66-408a-8d8e-5065ca3330c2,ada6015d-9fce-4f2c-b20f-fc9122d2face,7a7199a2-9d4c-4cbe-9903-72ce7bbb2870,2,Safety,CMJ2N3U8MSMRM8ZA,CMJ2N3U8MSMRM8ZA,2025-06-13 08:58:05,2025-06-13 08:58:05,
f5c517c5-8040-422d-bd54-e51bc299f14f,bf996092-8d66-408a-8d8e-5065ca3330c2,ada6015d-9fce-4f2c-b20f-fc9122d2face,7a7199a2-9d4c-4cbe-9903-72ce7bbb2870,3,Progress,CMJ2N3U8MSMRM8ZA,CMJ2N3U8MSMRM8ZA,2025-06-13 08:58:21,2025-06-13 08:58:21,
9f7fb9de-4ece-4dbd-87ce-4616a0d15788,bf996092-8d66-408a-8d8e-5065ca3330c2,ada6015d-9fce-4f2c-b20f-fc9122d2face,7a7199a2-9d4c-4cbe-9903-72ce7bbb2870,4,Report,CMJ2N3U8MSMRM8ZA,CMJ2N3U8MSMRM8ZA,2025-06-13 08:58:33,2025-06-13 08:58:33,
ca6d3371-6a80-4130-bc8b-0adf0f70db77,bf996092-8d66-408a-8d8e-5065ca3330c2,ada6015d-9fce-4f2c-b20f-fc9122d2face,7a7199a2-9d4c-4cbe-9903-72ce7bbb2870,5,Design,CMJ2N3U8MSMRM8ZA,CMJ2N3U8MSMRM8ZA,2025-06-13 08:58:44,2025-06-13 08:58:44,
52f3f8f5-fa71-4d1c-a43d-763a301fc2f9,bf996092-8d66-408a-8d8e-5065ca3330c2,ada6015d-9fce-4f2c-b20f-fc9122d2face,93d4bb14-2355-4fc8-9b11-76feb1bfc484,1,clashes,3NH2Q57QKQWJE37V,3NH2Q57QKQWJE37V,2025-06-11 06:57:53,2025-06-11 06:57:53,
08eaaf2b-b627-44fe-bae4-ef9c000bd455,bf996092-8d66-408a-8d8e-5065ca3330c2,ada6015d-9fce-4f2c-b20f-fc9122d2face,93d4bb14-2355-4fc8-9b11-76feb1bfc484,2,a,3NH2Q57QKQWJE37V,3NH2Q57QKQWJE37V,2025-06-11 06:58:06,2025-06-11 06:58:06,
6b18f530-1bdf-4504-a6ce-13c8b075d763,bf996092-8d66-408a-8d8e-5065ca3330c2,ada6015d-9fce-4f2c-b20f-fc9122d2face,93d4bb14-2355-4fc8-9b11-76feb1bfc484,3,nbfcxh,3NH2Q57QKQWJE37V,3NH2Q57QKQWJE37V,2025-06-11 07:01:35,2025-06-11 07:01:35,
42297933-20d2-4046-9f87-8d049fcafa46,bf996092-8d66-408a-8d8e-5065ca3330c2,ada6015d-9fce-4f2c-b20f-fc9122d2face,20ed9669-b36a-4a97-abf9-61f826cd79fc,1,a,DVW2J8GUNHESYYKC,DVW2J8GUNHESYYKC,2025-06-11 07:00:39,2025-06-11 07:00:39,
c4f9af30-8b9d-4341-bca3-564843e5799a,bf996092-8d66-408a-8d8e-5065ca3330c2,ada6015d-9fce-4f2c-b20f-fc9122d2face,20ed9669-b36a-4a97-abf9-61f826cd79fc,2,q,DVW2J8GUNHESYYKC,DVW2J8GUNHESYYKC,2025-06-11 07:02:42,2025-06-11 07:02:42,
ede81197-d4a2-4432-a78c-916262f7103c,bf996092-8d66-408a-8d8e-5065ca3330c2,ada6015d-9fce-4f2c-b20f-fc9122d2face,6bccdc18-d0e9-4444-870f-85168c69074b,1,a,DVW2J8GUNHESYYKC,DVW2J8GUNHESYYKC,2025-06-11 07:22:16,2025-06-11 07:22:16,
05165eba-6402-41e2-a8e3-1ba2373a8d72,bf996092-8d66-408a-8d8e-5065ca3330c2,ada6015d-9fce-4f2c-b20f-fc9122d2face,6bccdc18-d0e9-4444-870f-85168c69074b,2,q,DVW2J8GUNHESYYKC,DVW2J8GUNHESYYKC,2025-06-11 07:22:16,2025-06-11 07:22:16,
a4a4ed36-9fd7-4f15-9911-caba5c79e6df,bf996092-8d66-408a-8d8e-5065ca3330c2,ada6015d-9fce-4f2c-b20f-fc9122d2face,8398f43e-b3d9-4df2-90b8-3a16da0bf1f4,1,a,DVW2J8GUNHESYYKC,DVW2J8GUNHESYYKC,2025-06-11 07:25:14,2025-06-11 07:25:14,
b7f40e87-9e0f-4ac0-9ce8-9376437878b9,bf996092-8d66-408a-8d8e-5065ca3330c2,ada6015d-9fce-4f2c-b20f-fc9122d2face,8398f43e-b3d9-4df2-90b8-3a16da0bf1f4,2,q,DVW2J8GUNHESYYKC,DVW2J8GUNHESYYKC,2025-06-11 07:25:14,2025-06-11 07:25:14,
c80c3f61-e078-46c7-a7cd-a3c9f35f87b8,bf996092-8d66-408a-8d8e-5065ca3330c2,e9b596f2-48ee-419b-a199-da304b38c398,d92be0e3-07e9-4098-a667-80c691ddb85b,1,Audi stub columns can be reduced in depth and the width will be increased (450x1500/1800),7UBTJ2JUZS54,7UBTJ2JUZS54,2025-06-12 07:15:08,2025-06-12 07:16:12,2025-06-12 07:16:12
24488738-b2d3-4dce-a08d-e89770197c11,bf996092-8d66-408a-8d8e-5065ca3330c2,e9b596f2-48ee-419b-a199-da304b38c398,d92be0e3-07e9-4098-a667-80c691ddb85b,3,Vintech-Structure consultant,7UBTJ2JUZS54,7UBTJ2JUZS54,2025-06-12 07:16:21,2025-06-12 08:47:16,
0e2078d0-c252-4883-9288-3de36d5dd554,bf996092-8d66-408a-8d8e-5065ca3330c2,e9b596f2-48ee-419b-a199-da304b38c398,d92be0e3-07e9-4098-a667-80c691ddb85b,3,The elevations are changed from classical architecture to modern architecture. All sides’ views will,7UBTJ2JUZS54,7UBTJ2JUZS54,2025-06-12 07:16:54,2025-06-12 07:20:00,2025-06-12 07:20:00
d99a308f-81f5-4ed9-95ec-e109716d7486,bf996092-8d66-408a-8d8e-5065ca3330c2,e9b596f2-48ee-419b-a199-da304b38c398,d92be0e3-07e9-4098-a667-80c691ddb85b,4,GPM-Architecture Consultant,7UBTJ2JUZS54,7UBTJ2JUZS54,2025-06-12 07:18:14,2025-06-12 08:48:11,
5e10e563-68e8-4a05-b4b0-bdbcdcd55807,bf996092-8d66-408a-8d8e-5065ca3330c2,e9b596f2-48ee-419b-a199-da304b38c398,d92be0e3-07e9-4098-a667-80c691ddb85b,2,Omaxe- MEP Team,7UBTJ2JUZS54,7UBTJ2JUZS54,2025-06-12 07:28:15,2025-06-12 08:47:36,
10080c70-5589-499a-a5b8-7dfecfb06bd8,bf996092-8d66-408a-8d8e-5065ca3330c2,e9b596f2-48ee-419b-a199-da304b38c398,d92be0e3-07e9-4098-a667-80c691ddb85b,1,Clancy-MEP Consultant,7UBTJ2JUZS54,7UBTJ2JUZS54,2025-06-12 07:16:43,2025-06-12 08:47:29,
54147810-1fbe-4350-9167-6c1d617a269b,bf996092-8d66-408a-8d8e-5065ca3330c2,e9b596f2-48ee-419b-a199-da304b38c398,d92be0e3-07e9-4098-a667-80c691ddb85b,5,Omaxe-Architecture team,7UBTJ2JUZS54,7UBTJ2JUZS54,2025-06-12 07:20:10,2025-06-12 08:50:19,
8b39b48e-1dcd-41bb-8164-10e440649320,bf996092-8d66-408a-8d8e-5065ca3330c2,f679f4cf-c089-4a2b-9b84-b14129630601,dd0bf32f-3704-4361-8846-dcad04d83cce,2,CBM-STRUCTURAL CONSULTANT ,NTHFQB8P8X3C,NTHFQB8P8X3C,2025-08-28 11:08:59,2025-08-28 11:08:59,
d411ad86-42b9-489a-8bf9-d1a38985e85e,bf996092-8d66-408a-8d8e-5065ca3330c2,f679f4cf-c089-4a2b-9b84-b14129630601,dd0bf32f-3704-4361-8846-dcad04d83cce,3,Clancy-MEP Consultant,NTHFQB8P8X3C,NTHFQB8P8X3C,2025-08-28 11:08:59,2025-08-28 11:08:59,
1f1675be-43ad-4c4e-b58f-b3b014a333b4,bf996092-8d66-408a-8d8e-5065ca3330c2,f679f4cf-c089-4a2b-9b84-b14129630601,dd0bf32f-3704-4361-8846-dcad04d83cce,1,GPM-Architecture Consultant,NTHFQB8P8X3C,NTHFQB8P8X3C,2025-08-28 11:08:59,2025-08-28 11:08:59,
8a39f2b7-08da-43a1-9bf9-baa3ce33eedc,bf996092-8d66-408a-8d8e-5065ca3330c2,f679f4cf-c089-4a2b-9b84-b14129630601,dd0bf32f-3704-4361-8846-dcad04d83cce,4,Omaxe-Architecture team,NTHFQB8P8X3C,NTHFQB8P8X3C,2025-08-28 11:08:59,2025-08-28 11:08:59,
6eeced63-37ac-44ca-99b6-3e0d43bd15dc,bf996092-8d66-408a-8d8e-5065ca3330c2,f6ab14eb-1a66-4ea5-8a0f-0afbda444403,e5133227-5ec6-492c-a093-34d6216e96ec,1,CBM - STRUCTURE CONSULTANT,NTHFQB8P8X3C,NTHFQB8P8X3C,2025-08-28 11:48:49,2025-08-28 11:48:49,
e7c8a4a6-f9c9-4aa9-bdbe-35f3cca4fce5,bf996092-8d66-408a-8d8e-5065ca3330c2,f6ab14eb-1a66-4ea5-8a0f-0afbda444403,e5133227-5ec6-492c-a093-34d6216e96ec,2,CLANCY- MEP CONSULTANT,NTHFQB8P8X3C,NTHFQB8P8X3C,2025-08-28 11:48:49,2025-08-28 11:48:49,
9086fcd3-74cc-49cc-9422-2c1788245a29,bf996092-8d66-408a-8d8e-5065ca3330c2,f6ab14eb-1a66-4ea5-8a0f-0afbda444403,e5133227-5ec6-492c-a093-34d6216e96ec,5,OMAXE- MEP,NTHFQB8P8X3C,NTHFQB8P8X3C,2025-08-28 11:48:49,2025-08-28 11:48:49,
1fe1522c-8050-4ad7-b43b-85ede63abc70,bf996092-8d66-408a-8d8e-5065ca3330c2,f6ab14eb-1a66-4ea5-8a0f-0afbda444403,e5133227-5ec6-492c-a093-34d6216e96ec,4,OMAXE- ARCHITECT TEAM,NTHFQB8P8X3C,NTHFQB8P8X3C,2025-08-28 11:48:49,2025-08-28 11:48:49,
b33d66b6-57c1-4ab0-bcea-58ccb4dc943c,bf996092-8d66-408a-8d8e-5065ca3330c2,f6ab14eb-1a66-4ea5-8a0f-0afbda444403,e5133227-5ec6-492c-a093-34d6216e96ec,3,GPM- ARCHITECTURE CONSULTANT,NTHFQB8P8X3C,NTHFQB8P8X3C,2025-08-28 11:48:49,2025-08-28 11:48:49,
7bc6a97b-98dc-4768-8789-cebe90cb0878,bf996092-8d66-408a-8d8e-5065ca3330c2,f6ab14eb-1a66-4ea5-8a0f-0afbda444403,213810bb-dfe9-43b7-960d-1e6434aa8dda,3,GPM- ARCHITECTURE CONSULTANT,TZXRKN44WBAJ,TZXRKN44WBAJ,2025-07-31 05:27:56,2025-07-31 05:27:56,
945681cc-fcdf-4bc1-94da-394f920f67bf,bf996092-8d66-408a-8d8e-5065ca3330c2,f6ab14eb-1a66-4ea5-8a0f-0afbda444403,213810bb-dfe9-43b7-960d-1e6434aa8dda,2,CLANCY- MEP CONSULTANT,TZXRKN44WBAJ,TZXRKN44WBAJ,2025-07-31 05:27:56,2025-07-31 05:27:56,
f5fad735-f9e1-4188-99bd-ae7e15da7c62,bf996092-8d66-408a-8d8e-5065ca3330c2,f6ab14eb-1a66-4ea5-8a0f-0afbda444403,213810bb-dfe9-43b7-960d-1e6434aa8dda,1,CBM - STRUCTURE CONSULTANT,TZXRKN44WBAJ,TZXRKN44WBAJ,2025-07-31 05:27:56,2025-07-31 05:27:56,
6f0a526a-29cf-42d5-b5b1-fb0b50815eec,bf996092-8d66-408a-8d8e-5065ca3330c2,f6ab14eb-1a66-4ea5-8a0f-0afbda444403,213810bb-dfe9-43b7-960d-1e6434aa8dda,4,Omaxe- ARCHITECT TEAM,TZXRKN44WBAJ,TZXRKN44WBAJ,2025-07-31 05:27:56,2025-07-31 05:27:56,
8f8da6ce-81ae-4378-914e-fa7c3a93cfbb,bf996092-8d66-408a-8d8e-5065ca3330c2,f6ab14eb-1a66-4ea5-8a0f-0afbda444403,213810bb-dfe9-43b7-960d-1e6434aa8dda,5,Omaxe- MEP,TZXRKN44WBAJ,TZXRKN44WBAJ,2025-07-31 05:27:56,2025-07-31 05:27:56,
305fc06b-5f2f-4ca5-9ca2-a870a6375da1,bf996092-8d66-408a-8d8e-5065ca3330c2,ada6015d-9fce-4f2c-b20f-fc9122d2face,f5260134-2bd9-41f0-80f6-b41e3fef4350,1,Progress review Meeting ,7XGJKR7GMJ4QN93J,7XGJKR7GMJ4QN93J,2025-06-05 09:41:19,2025-06-05 10:21:46,
be818d10-072e-43a5-9258-08177d12af67,bf996092-8d66-408a-8d8e-5065ca3330c2,f679f4cf-c089-4a2b-9b84-b14129630601,e41dad05-e632-4871-b558-ebca9d545769,1,"Progress review Meeting
",7XGJKR7GMJ4QN93J,7XGJKR7GMJ4QN93J,2025-06-05 10:57:28,2025-06-05 10:57:28,
af1c2384-af25-4217-a642-860c18086cf6,bf996092-8d66-408a-8d8e-5065ca3330c2,23142979-9fb6-4fd3-bd82-62d7e0add75f,ae28b3b7-a99e-403c-ba42-b0fe6c436c8d,1,xyz,QNTJJ3CVR726KX4Z,QNTJJ3CVR726KX4Z,2025-04-03 06:19:48,2025-04-03 06:24:50,2025-04-03 06:24:50
d5c2576a-fb09-4d17-ae40-471fb2d6a12c,bf996092-8d66-408a-8d8e-5065ca3330c2,23142979-9fb6-4fd3-bd82-62d7e0add75f,b6a1c962-6a91-4485-a62c-16ed27c1d136,1,xyz,QNTJJ3CVR726KX4Z,QNTJJ3CVR726KX4Z,2025-04-03 06:28:16,2025-04-03 06:39:38,2025-04-03 06:39:38
f9a67346-43a9-460b-84da-df6280cd99fe,bf996092-8d66-408a-8d8e-5065ca3330c2,ada6015d-9fce-4f2c-b20f-fc9122d2face,7642d8a6-16ff-458a-a564-1c4247b6061c,1,Quality,CMJ2N3U8MSMRM8ZA,CMJ2N3U8MSMRM8ZA,2025-08-01 10:28:25,2025-08-01 10:28:25,
bd1fbd26-58e8-45b6-8d69-e7c902605ad3,bf996092-8d66-408a-8d8e-5065ca3330c2,ada6015d-9fce-4f2c-b20f-fc9122d2face,7642d8a6-16ff-458a-a564-1c4247b6061c,2,Safety,CMJ2N3U8MSMRM8ZA,CMJ2N3U8MSMRM8ZA,2025-08-01 10:28:35,2025-08-01 10:28:35,
40adae7c-8fdf-44c3-a49c-da23753ce057,bf996092-8d66-408a-8d8e-5065ca3330c2,ada6015d-9fce-4f2c-b20f-fc9122d2face,7642d8a6-16ff-458a-a564-1c4247b6061c,3,Billing,CMJ2N3U8MSMRM8ZA,CMJ2N3U8MSMRM8ZA,2025-08-01 10:28:44,2025-08-01 10:28:44,
8e081d18-2082-4d71-8010-a7bcce07f799,bf996092-8d66-408a-8d8e-5065ca3330c2,ada6015d-9fce-4f2c-b20f-fc9122d2face,7642d8a6-16ff-458a-a564-1c4247b6061c,4,Execution,CMJ2N3U8MSMRM8ZA,CMJ2N3U8MSMRM8ZA,2025-08-01 10:28:52,2025-08-01 10:28:52,
d3161bcc-bf76-4ca4-816e-5227129a79d3,bf996092-8d66-408a-8d8e-5065ca3330c2,ada6015d-9fce-4f2c-b20f-fc9122d2face,8b803dda-e6b3-4a19-b068-8614ab8225fe,1,Quality,CMJ2N3U8MSMRM8ZA,CMJ2N3U8MSMRM8ZA,2025-08-01 10:34:09,2025-08-01 10:34:09,
8d5aea85-c7ad-4322-a678-08d5b8173684,bf996092-8d66-408a-8d8e-5065ca3330c2,ada6015d-9fce-4f2c-b20f-fc9122d2face,8b803dda-e6b3-4a19-b068-8614ab8225fe,2,Safety,CMJ2N3U8MSMRM8ZA,CMJ2N3U8MSMRM8ZA,2025-08-01 10:34:09,2025-08-01 10:34:09,
eea52ecd-3869-4a8a-87ab-96d4385d5c12,bf996092-8d66-408a-8d8e-5065ca3330c2,ada6015d-9fce-4f2c-b20f-fc9122d2face,8b803dda-e6b3-4a19-b068-8614ab8225fe,3,Billing,CMJ2N3U8MSMRM8ZA,CMJ2N3U8MSMRM8ZA,2025-08-01 10:34:09,2025-08-01 10:34:09,
0a654fd5-34e4-4fb6-a0ea-84792f6685cb,bf996092-8d66-408a-8d8e-5065ca3330c2,ada6015d-9fce-4f2c-b20f-fc9122d2face,8b803dda-e6b3-4a19-b068-8614ab8225fe,4,Execution,CMJ2N3U8MSMRM8ZA,CMJ2N3U8MSMRM8ZA,2025-08-01 10:34:09,2025-08-01 10:34:09,
10397c71-10a5-4dc5-9f7a-f1ff37ef7525,bf996092-8d66-408a-8d8e-5065ca3330c2,967e785d-d83c-490b-8d6a-2ed926c956ac,c065d6a1-6346-4fb6-8b9b-cf0344c020cd,1,Progress & Quality Review,U8Q2F3P4M3PWWQXF,U8Q2F3P4M3PWWQXF,2025-06-11 10:51:40,2025-06-11 10:55:19,
c2024ed7-e07f-4602-af76-d92d907d6982,bf996092-8d66-408a-8d8e-5065ca3330c2,967e785d-d83c-490b-8d6a-2ed926c956ac,0df25ebf-7a04-44d6-a9c6-fa67b2cea72f,1,POINTS DISCUSSED ,U8Q2F3P4M3PWWQXF,U8Q2F3P4M3PWWQXF,2025-06-12 09:41:36,2025-06-12 09:41:36,
9c6f4692-1f5e-41d7-ae04-0bc26836707a,bf996092-8d66-408a-8d8e-5065ca3330c2,e9b596f2-48ee-419b-a199-da304b38c398,f947e284-c777-4f09-a56c-2b766e343e17,1,CL,7UBTJ2JUZS54,7UBTJ2JUZS54,2025-06-12 11:40:17,2025-06-12 11:43:27,2025-06-12 11:43:27
c4435b2a-f9a9-4f17-933c-6d977a670ad1,bf996092-8d66-408a-8d8e-5065ca3330c2,e9b596f2-48ee-419b-a199-da304b38c398,f947e284-c777-4f09-a56c-2b766e343e17,2,SR,7UBTJ2JUZS54,7UBTJ2JUZS54,2025-06-12 11:40:33,2025-06-12 11:43:27,2025-06-12 11:43:27
368980c5-3ec7-4840-aaec-963cc2db9b2e,bf996092-8d66-408a-8d8e-5065ca3330c2,e9b596f2-48ee-419b-a199-da304b38c398,4021ef5d-e887-47a8-bd78-02d65db17cc0,3,Vintech-Structure consultant,7UBTJ2JUZS54,7UBTJ2JUZS54,2025-07-17 08:35:29,2025-07-17 08:35:29,
57ba1e9e-b4e4-4899-9fa3-bfbb018c189a,bf996092-8d66-408a-8d8e-5065ca3330c2,e9b596f2-48ee-419b-a199-da304b38c398,4021ef5d-e887-47a8-bd78-02d65db17cc0,5,Omaxe- MEP Team,7UBTJ2JUZS54,7UBTJ2JUZS54,2025-07-17 08:35:29,2025-07-17 08:35:29,
5e5863bd-058c-4d74-a03a-3daa9e5559c4,bf996092-8d66-408a-8d8e-5065ca3330c2,e9b596f2-48ee-419b-a199-da304b38c398,4021ef5d-e887-47a8-bd78-02d65db17cc0,4,Omaxe-Architecture team,7UBTJ2JUZS54,7UBTJ2JUZS54,2025-07-17 08:35:29,2025-07-17 08:35:29,
53d1cf12-7dae-423e-9c2b-75cbef966038,bf996092-8d66-408a-8d8e-5065ca3330c2,e9b596f2-48ee-419b-a199-da304b38c398,4021ef5d-e887-47a8-bd78-02d65db17cc0,2,Clancy-MEP Consultant,7UBTJ2JUZS54,7UBTJ2JUZS54,2025-07-17 08:35:29,2025-07-17 08:35:29,
93a623c1-9ff9-4a5f-aeae-20093bcaea32,bf996092-8d66-408a-8d8e-5065ca3330c2,e9b596f2-48ee-419b-a199-da304b38c398,4021ef5d-e887-47a8-bd78-02d65db17cc0,1,GPM-Architecture Consultant,7UBTJ2JUZS54,7UBTJ2JUZS54,2025-07-17 08:35:29,2025-07-17 08:35:29,
8df1c636-3d30-482c-bbdc-d9ca8b3bf086,bf996092-8d66-408a-8d8e-5065ca3330c2,ada6015d-9fce-4f2c-b20f-fc9122d2face,a2a32dd0-02c3-4719-8c48-23a48cace433,3,Architecture,DVW2J8GUNHESYYKC,DVW2J8GUNHESYYKC,2025-07-08 07:49:30,2025-07-08 07:50:41,2025-07-08 07:50:41
cf262dce-fa62-4ed9-ac22-e8cec04fe391,bf996092-8d66-408a-8d8e-5065ca3330c2,ada6015d-9fce-4f2c-b20f-fc9122d2face,a2a32dd0-02c3-4719-8c48-23a48cace433,1,MEP,DVW2J8GUNHESYYKC,DVW2J8GUNHESYYKC,2025-07-08 07:49:07,2025-07-08 07:50:41,2025-07-08 07:50:41
155e2874-c8aa-421c-8c53-9b156f3927dc,bf996092-8d66-408a-8d8e-5065ca3330c2,ada6015d-9fce-4f2c-b20f-fc9122d2face,a2a32dd0-02c3-4719-8c48-23a48cace433,2,Structure,DVW2J8GUNHESYYKC,DVW2J8GUNHESYYKC,2025-07-08 07:49:19,2025-07-08 07:50:41,2025-07-08 07:50:41
cc1100c4-0bd6-465e-8c62-92aa8d3f3a03,bf996092-8d66-408a-8d8e-5065ca3330c2,967e785d-d83c-490b-8d6a-2ed926c956ac,f6c1ab4b-cb1b-4eae-af25-06adcabbfd01,1,Untitled,7M5KQ3PKABFC,7M5KQ3PKABFC,2025-07-25 10:44:55,2025-07-25 10:45:13,2025-07-25 10:45:13
13815634-4393-419f-8e07-05a007ce425c,bf996092-8d66-408a-8d8e-5065ca3330c2,e9b596f2-48ee-419b-a199-da304b38c398,415cb38c-59de-43b3-9535-2c6f72e659d9,1,GPM-Architecture Consultant,7UBTJ2JUZS54,7UBTJ2JUZS54,2025-07-03 06:04:14,2025-07-03 06:04:14,
f2a3c43c-fda6-4b06-88b3-1571c201105c,bf996092-8d66-408a-8d8e-5065ca3330c2,e9b596f2-48ee-419b-a199-da304b38c398,415cb38c-59de-43b3-9535-2c6f72e659d9,2,Clancy-MEP Consultant,7UBTJ2JUZS54,7UBTJ2JUZS54,2025-07-03 06:04:14,2025-07-03 06:04:14,
591fcb1c-2cfc-435f-b735-6c4faf17c4d9,bf996092-8d66-408a-8d8e-5065ca3330c2,e9b596f2-48ee-419b-a199-da304b38c398,415cb38c-59de-43b3-9535-2c6f72e659d9,3,Vintech-Structure consultant,7UBTJ2JUZS54,7UBTJ2JUZS54,2025-07-03 06:04:14,2025-07-03 06:04:14,
8be9b87e-f9bb-48e9-8084-37060a6fb94c,bf996092-8d66-408a-8d8e-5065ca3330c2,e9b596f2-48ee-419b-a199-da304b38c398,415cb38c-59de-43b3-9535-2c6f72e659d9,5,Omaxe- MEP Team,7UBTJ2JUZS54,7UBTJ2JUZS54,2025-07-03 06:04:14,2025-07-03 06:04:14,
aa2705de-8ba4-46c8-a01e-02d0fcc2d8ae,bf996092-8d66-408a-8d8e-5065ca3330c2,e9b596f2-48ee-419b-a199-da304b38c398,415cb38c-59de-43b3-9535-2c6f72e659d9,4,Omaxe-Architecture team,7UBTJ2JUZS54,7UBTJ2JUZS54,2025-07-03 06:04:14,2025-07-03 06:04:14,
1f7f9c3d-b551-4111-b6ea-db9b3c7127b4,bf996092-8d66-408a-8d8e-5065ca3330c2,f679f4cf-c089-4a2b-9b84-b14129630601,a0055014-4991-4859-885c-a3447fbb0c10,4,Omaxe-Architecture team,NTHFQB8P8X3C,NTHFQB8P8X3C,2025-08-07 10:23:57,2025-08-07 10:23:57,
994a5ca7-98ab-4fde-a502-2d9606a0fa53,bf996092-8d66-408a-8d8e-5065ca3330c2,f679f4cf-c089-4a2b-9b84-b14129630601,a0055014-4991-4859-885c-a3447fbb0c10,2,CBM-STRUCTURAL CONSULTANT ,NTHFQB8P8X3C,NTHFQB8P8X3C,2025-08-07 10:23:57,2025-08-07 10:23:57,
75847f4a-d56d-4212-ac1e-4f92eeb253e4,bf996092-8d66-408a-8d8e-5065ca3330c2,f679f4cf-c089-4a2b-9b84-b14129630601,a0055014-4991-4859-885c-a3447fbb0c10,1,GPM-Architecture Consultant,NTHFQB8P8X3C,NTHFQB8P8X3C,2025-08-07 10:23:57,2025-08-07 10:23:57,
e204c99a-5d60-454f-bd8b-32d632ef97b8,bf996092-8d66-408a-8d8e-5065ca3330c2,f679f4cf-c089-4a2b-9b84-b14129630601,a0055014-4991-4859-885c-a3447fbb0c10,3,Clancy-MEP Consultant,NTHFQB8P8X3C,NTHFQB8P8X3C,2025-08-07 10:23:57,2025-08-07 10:23:57,
429da634-8466-4597-b4b7-46c0011fb5e2,bf996092-8d66-408a-8d8e-5065ca3330c2,ada6015d-9fce-4f2c-b20f-fc9122d2face,8c8a4b68-c1b5-4473-8c6b-0b2e701f63c8,1,xxx,QNTJJ3CVR726KX4Z,QNTJJ3CVR726KX4Z,2025-03-20 09:57:50,2025-03-20 09:57:50,
66faa6b8-fb44-4048-b71e-0d021b90db7a,bf996092-8d66-408a-8d8e-5065ca3330c2,ada6015d-9fce-4f2c-b20f-fc9122d2face,8c8a4b68-c1b5-4473-8c6b-0b2e701f63c8,2,aaa,QNTJJ3CVR726KX4Z,QNTJJ3CVR726KX4Z,2025-03-20 09:59:12,2025-03-20 09:59:12,
04b3de72-1602-4758-81b9-3f1b6d9fad3d,bf996092-8d66-408a-8d8e-5065ca3330c2,ada6015d-9fce-4f2c-b20f-fc9122d2face,8c8a4b68-c1b5-4473-8c6b-0b2e701f63c8,3,aaa,QNTJJ3CVR726KX4Z,QNTJJ3CVR726KX4Z,2025-03-20 09:59:13,2025-03-20 09:59:13,
4b0f7519-9013-40c5-96ec-a1597d66da94,bf996092-8d66-408a-8d8e-5065ca3330c2,ada6015d-9fce-4f2c-b20f-fc9122d2face,cd040a1c-2eab-478a-b07d-9332a9461f17,1,Training,755J89QWMS5SYD8P,755J89QWMS5SYD8P,2025-04-04 10:18:59,2025-04-04 10:18:59,
f40b9723-a585-4434-9785-1f15608e2c6d,bf996092-8d66-408a-8d8e-5065ca3330c2,ada6015d-9fce-4f2c-b20f-fc9122d2face,44f5f222-6831-46e5-9189-3233d66c06f9,1,Training,755J89QWMS5SYD8P,755J89QWMS5SYD8P,2025-04-04 10:23:14,2025-04-04 10:23:14,
057d3f19-22a1-46db-8d15-4435ae43f601,bf996092-8d66-408a-8d8e-5065ca3330c2,ada6015d-9fce-4f2c-b20f-fc9122d2face,bf9bc3e3-d55b-41cd-954f-0bcbaa74c7a4,1,Stressing ,7XGJKR7GMJ4QN93J,7XGJKR7GMJ4QN93J,2025-07-02 11:46:06,2025-07-02 11:46:06,
b91aec19-60c9-47b9-853a-20494d6a9a2a,bf996092-8d66-408a-8d8e-5065ca3330c2,f679f4cf-c089-4a2b-9b84-b14129630601,ccc3556a-5376-462b-9bd8-072fe939fc08,2,CBM-STRUCTURAL CONSULTANT ,NTHFQB8P8X3C,NTHFQB8P8X3C,2025-08-21 10:25:43,2025-08-21 10:25:43,
8a1e7ba1-b9ed-4cda-a4bb-1979443fdc6c,bf996092-8d66-408a-8d8e-5065ca3330c2,f679f4cf-c089-4a2b-9b84-b14129630601,ccc3556a-5376-462b-9bd8-072fe939fc08,1,GPM-Architecture Consultant,NTHFQB8P8X3C,NTHFQB8P8X3C,2025-08-21 10:25:43,2025-08-21 10:25:43,
ca7172b0-cc90-4e42-a01b-9240629316a3,bf996092-8d66-408a-8d8e-5065ca3330c2,f679f4cf-c089-4a2b-9b84-b14129630601,ccc3556a-5376-462b-9bd8-072fe939fc08,3,Clancy-MEP Consultant,NTHFQB8P8X3C,NTHFQB8P8X3C,2025-08-21 10:25:43,2025-08-21 10:25:43,
65a3fab4-33b3-4e3f-bea5-283a314f7de8,bf996092-8d66-408a-8d8e-5065ca3330c2,f679f4cf-c089-4a2b-9b84-b14129630601,ccc3556a-5376-462b-9bd8-072fe939fc08,4,Omaxe-Architecture team,NTHFQB8P8X3C,NTHFQB8P8X3C,2025-08-21 10:25:43,2025-08-21 10:25:43,
07a418f4-8ffc-4a6c-81ad-93249f715f4d,bf996092-8d66-408a-8d8e-5065ca3330c2,f6ab14eb-1a66-4ea5-8a0f-0afbda444403,44ffbd97-5119-4039-98b7-4a40d47a55f5,2,CLANCY- MEP CONSULTANT,TZXRKN44WBAJ,TZXRKN44WBAJ,2025-07-04 09:58:18,2025-07-04 09:58:18,
6699b670-09f7-4ca4-9060-8c5ab9d73eb5,bf996092-8d66-408a-8d8e-5065ca3330c2,f6ab14eb-1a66-4ea5-8a0f-0afbda444403,44ffbd97-5119-4039-98b7-4a40d47a55f5,3,GPM- ARCHITECTURE CONSULTANT,TZXRKN44WBAJ,TZXRKN44WBAJ,2025-07-04 09:58:18,2025-07-04 09:58:18,
0eaf1ca1-edb2-4093-98cf-989c4ca354f0,bf996092-8d66-408a-8d8e-5065ca3330c2,f6ab14eb-1a66-4ea5-8a0f-0afbda444403,44ffbd97-5119-4039-98b7-4a40d47a55f5,1,CBM - STRUCTURE CONSULTANT,TZXRKN44WBAJ,TZXRKN44WBAJ,2025-07-04 09:58:18,2025-07-04 09:58:18,
523adf64-b27e-41df-8755-a56c4bd965c1,bf996092-8d66-408a-8d8e-5065ca3330c2,f6ab14eb-1a66-4ea5-8a0f-0afbda444403,44ffbd97-5119-4039-98b7-4a40d47a55f5,4,Omaxe- MEP Team,TZXRKN44WBAJ,TZXRKN44WBAJ,2025-07-04 09:58:18,2025-07-04 10:10:50,2025-07-04 10:10:50
1dc71c0b-bf03-4748-bcb2-b7f40ca39db0,bf996092-8d66-408a-8d8e-5065ca3330c2,f6ab14eb-1a66-4ea5-8a0f-0afbda444403,44ffbd97-5119-4039-98b7-4a40d47a55f5,4,Omaxe- ARCHITECT TEAM,TZXRKN44WBAJ,TZXRKN44WBAJ,2025-07-04 10:11:20,2025-07-04 10:11:20,
ec745800-22aa-4afb-9b4b-2736ded46fc8,bf996092-8d66-408a-8d8e-5065ca3330c2,f679f4cf-c089-4a2b-9b84-b14129630601,8c0bbf79-5d5a-4e5a-a7e2-57f366cf287b,1,Witnessing of First Anchor Stressing ,7XGJKR7GMJ4QN93J,7XGJKR7GMJ4QN93J,2025-07-02 11:28:02,2025-07-02 11:42:55,2025-07-02 11:42:55
5ddb4b73-5db0-4b2c-aac5-bf1ce1338f97,bf996092-8d66-408a-8d8e-5065ca3330c2,f679f4cf-c089-4a2b-9b84-b14129630601,1f259767-c020-4837-9f6a-270841b55596,1,Witnessing the stressing procedure ,7XGJKR7GMJ4QN93J,7XGJKR7GMJ4QN93J,2025-07-02 11:49:08,2025-07-02 11:49:08,
de04d75f-fc93-41f8-a780-71178226e7bf,bf996092-8d66-408a-8d8e-5065ca3330c2,ada6015d-9fce-4f2c-b20f-fc9122d2face,b83a17db-25d2-4104-bdc4-8ac64304a3bc,1,Civil Execution,V9Q2X946QA52XTJG,V9Q2X946QA52XTJG,2025-04-03 10:56:55,2025-04-03 10:56:55,
3d1f7cba-ea7b-4a24-9002-12489cfe0009,bf996092-8d66-408a-8d8e-5065ca3330c2,ada6015d-9fce-4f2c-b20f-fc9122d2face,682021fa-69d1-4ea7-a040-dac2551bb6f3,1,Execution,M3S24VBQJBGLZH2B,M3S24VBQJBGLZH2B,2025-07-31 09:45:11,2025-07-31 09:45:11,
d576490b-bec2-4bba-9d8e-cbf5a0e83388,bf996092-8d66-408a-8d8e-5065ca3330c2,ada6015d-9fce-4f2c-b20f-fc9122d2face,682021fa-69d1-4ea7-a040-dac2551bb6f3,2,Safety,M3S24VBQJBGLZH2B,M3S24VBQJBGLZH2B,2025-07-31 09:45:11,2025-07-31 09:45:11,
ffe8dfba-504a-4168-9171-65abbebaa71d,bf996092-8d66-408a-8d8e-5065ca3330c2,ada6015d-9fce-4f2c-b20f-fc9122d2face,5919a53f-9ef2-4806-b5c2-87af72275970,1,Execution,M3S24VBQJBGLZH2B,M3S24VBQJBGLZH2B,2025-07-31 09:40:38,2025-07-31 09:40:51,
b62a20ce-8862-4827-8c55-4b0bcf467853,bf996092-8d66-408a-8d8e-5065ca3330c2,ada6015d-9fce-4f2c-b20f-fc9122d2face,5919a53f-9ef2-4806-b5c2-87af72275970,2,Safety,M3S24VBQJBGLZH2B,M3S24VBQJBGLZH2B,2025-07-31 09:41:27,2025-07-31 09:41:27,
6686ee3b-cc0f-4e86-a9e7-c0afec5893c7,bf996092-8d66-408a-8d8e-5065ca3330c2,ada6015d-9fce-4f2c-b20f-fc9122d2face,42effba4-2bb7-4d0c-a98a-2ad2b7f36312,3,Safety,3NGJNZCXN8PBNTRV,3NGJNZCXN8PBNTRV,2025-06-07 10:07:48,2025-06-07 10:07:48,
a85cc502-8827-4bac-9f9c-b87e083909e3,bf996092-8d66-408a-8d8e-5065ca3330c2,ada6015d-9fce-4f2c-b20f-fc9122d2face,42effba4-2bb7-4d0c-a98a-2ad2b7f36312,1,Progress ,3NGJNZCXN8PBNTRV,3NGJNZCXN8PBNTRV,2025-06-07 10:05:15,2025-06-07 10:05:15,
63ab2d73-1bb1-4488-92a7-f29e398d915d,bf996092-8d66-408a-8d8e-5065ca3330c2,ada6015d-9fce-4f2c-b20f-fc9122d2face,42effba4-2bb7-4d0c-a98a-2ad2b7f36312,2,Quality,3NGJNZCXN8PBNTRV,3NGJNZCXN8PBNTRV,2025-06-07 10:07:09,2025-06-07 10:07:09,
1fe8726a-aef8-4e04-9667-e865c5d49463,bf996092-8d66-408a-8d8e-5065ca3330c2,ada6015d-9fce-4f2c-b20f-fc9122d2face,3560602d-d6ed-4972-81e9-fe794055c06c,1,Progress ,3NGJNZCXN8PBNTRV,3NGJNZCXN8PBNTRV,2025-06-07 10:16:42,2025-06-07 10:16:42,
c96e3b3b-40ac-49dd-a816-164b179f0068,bf996092-8d66-408a-8d8e-5065ca3330c2,ada6015d-9fce-4f2c-b20f-fc9122d2face,3560602d-d6ed-4972-81e9-fe794055c06c,2,Quality,3NGJNZCXN8PBNTRV,3NGJNZCXN8PBNTRV,2025-06-07 10:16:42,2025-06-07 10:16:42,
85d9d34b-b2b3-4ef8-ab75-45f0c88b5da3,bf996092-8d66-408a-8d8e-5065ca3330c2,ada6015d-9fce-4f2c-b20f-fc9122d2face,3560602d-d6ed-4972-81e9-fe794055c06c,3,Safety,3NGJNZCXN8PBNTRV,3NGJNZCXN8PBNTRV,2025-06-07 10:16:42,2025-06-07 10:16:42,
45a29db3-653c-4cc6-b84a-12cdf48b963c,bf996092-8d66-408a-8d8e-5065ca3330c2,f679f4cf-c089-4a2b-9b84-b14129630601,f1ca0844-719a-4205-92ff-4a5d0a27b06c,1,GPM-Architecture Consultant,NTHFQB8P8X3C,NTHFQB8P8X3C,2025-07-31 10:05:51,2025-07-31 10:05:51,
223e8f4a-7718-45b4-9c8f-b523f7cee6a6,bf996092-8d66-408a-8d8e-5065ca3330c2,f679f4cf-c089-4a2b-9b84-b14129630601,f1ca0844-719a-4205-92ff-4a5d0a27b06c,2,CBM-STRUCTURAL CONSULTANT ,NTHFQB8P8X3C,NTHFQB8P8X3C,2025-07-31 10:10:02,2025-07-31 10:10:02,
7d74e760-ff9c-445b-a273-4428e9e3e199,bf996092-8d66-408a-8d8e-5065ca3330c2,f679f4cf-c089-4a2b-9b84-b14129630601,f1ca0844-719a-4205-92ff-4a5d0a27b06c,4,Omaxe-Architecture team,NTHFQB8P8X3C,NTHFQB8P8X3C,2025-07-31 10:10:44,2025-07-31 10:10:44,
6d129d5a-3cbd-498a-882a-1f3e152ca34c,bf996092-8d66-408a-8d8e-5065ca3330c2,f679f4cf-c089-4a2b-9b84-b14129630601,f1ca0844-719a-4205-92ff-4a5d0a27b06c,3,Clancy-MEP Consultant,NTHFQB8P8X3C,NTHFQB8P8X3C,2025-07-31 10:10:24,2025-07-31 10:10:24,
360f061e-b0c5-4d5b-a874-66ef51315f43,bf996092-8d66-408a-8d8e-5065ca3330c2,ada6015d-9fce-4f2c-b20f-fc9122d2face,4c271871-24d6-49c4-9557-c3ee9675e873,1,Quality ,7XGJKR7GMJ4QN93J,7XGJKR7GMJ4QN93J,2025-08-04 10:52:07,2025-08-04 10:53:35,
fcd59996-9a1a-4e07-8c68-cac04313ba80,bf996092-8d66-408a-8d8e-5065ca3330c2,ada6015d-9fce-4f2c-b20f-fc9122d2face,4c271871-24d6-49c4-9557-c3ee9675e873,2,Safety ,7XGJKR7GMJ4QN93J,7XGJKR7GMJ4QN93J,2025-08-04 10:53:44,2025-08-04 10:53:44,
5b6b19ee-8a41-4b6b-8efa-1eef44999c95,bf996092-8d66-408a-8d8e-5065ca3330c2,f6ab14eb-1a66-4ea5-8a0f-0afbda444403,d5c45c01-52e2-4d26-9c11-ff97e66379b1,1,CBM - STRUCTURE CONSULTANT,NTHFQB8P8X3C,NTHFQB8P8X3C,2025-08-22 09:51:01,2025-08-22 09:51:01,
956d099f-0979-4a48-97f5-10a55384629f,bf996092-8d66-408a-8d8e-5065ca3330c2,f6ab14eb-1a66-4ea5-8a0f-0afbda444403,d5c45c01-52e2-4d26-9c11-ff97e66379b1,2,CLANCY- MEP CONSULTANT,NTHFQB8P8X3C,NTHFQB8P8X3C,2025-08-22 10:03:34,2025-08-22 10:03:34,
917e86be-4210-4062-b85a-4654dc3ae8da,bf996092-8d66-408a-8d8e-5065ca3330c2,f6ab14eb-1a66-4ea5-8a0f-0afbda444403,d5c45c01-52e2-4d26-9c11-ff97e66379b1,3,GPM- ARCHITECTURE CONSULTANT,NTHFQB8P8X3C,NTHFQB8P8X3C,2025-08-22 10:07:37,2025-08-22 10:07:37,
8c2b6668-9220-4708-8502-627bc606815b,bf996092-8d66-408a-8d8e-5065ca3330c2,f6ab14eb-1a66-4ea5-8a0f-0afbda444403,d5c45c01-52e2-4d26-9c11-ff97e66379b1,4,OMAXE- ARCHITECT TEAM,NTHFQB8P8X3C,NTHFQB8P8X3C,2025-08-22 10:30:20,2025-08-22 10:30:20,
0a7dbfca-6c90-422f-a435-92a9103149bf,bf996092-8d66-408a-8d8e-5065ca3330c2,f6ab14eb-1a66-4ea5-8a0f-0afbda444403,d5c45c01-52e2-4d26-9c11-ff97e66379b1,5,OMAXE- MEP,NTHFQB8P8X3C,NTHFQB8P8X3C,2025-08-22 10:30:52,2025-08-22 10:30:52,
f38e9250-b1c7-4b3c-a357-3a4839f3d531,bf996092-8d66-408a-8d8e-5065ca3330c2,f679f4cf-c089-4a2b-9b84-b14129630601,0a43672c-1645-4042-86d8-a51faf4553cb,1,Mobilization and Initiation of Civil Works ,7XGJKR7GMJ4QN93J,7XGJKR7GMJ4QN93J,2025-08-04 03:56:01,2025-08-04 03:56:01,
cd9e4acb-375e-4bb9-bf34-56eae7e758d6,bf996092-8d66-408a-8d8e-5065ca3330c2,f679f4cf-c089-4a2b-9b84-b14129630601,0a43672c-1645-4042-86d8-a51faf4553cb,2,Mobilization schedule ,7XGJKR7GMJ4QN93J,7XGJKR7GMJ4QN93J,2025-08-04 04:02:19,2025-08-04 04:03:14,2025-08-04 04:03:14
3032f0a0-f6b3-49a0-a3fa-e571368d9fa0,bf996092-8d66-408a-8d8e-5065ca3330c2,f679f4cf-c089-4a2b-9b84-b14129630601,0a43672c-1645-4042-86d8-a51faf4553cb,2,Revised Construction Schedule,7XGJKR7GMJ4QN93J,7XGJKR7GMJ4QN93J,2025-08-04 04:02:49,2025-08-04 04:03:18,2025-08-04 04:03:18
