id,bim360_account_id,bim360_project_id,item_id,participant_id,non_member_participant_id,created_at,updated_at,deleted_at
f4c938f4-efcf-45a1-ac74-aeea3f7ded58,bf996092-8d66-408a-8d8e-5065ca3330c2,ada6015d-9fce-4f2c-b20f-fc9122d2face,c3877904-843b-4c40-acf0-dc80370816c7,b45a1a41-1305-4b83-b913-67d32255bca7,,2025-05-30 06:51:45,2025-05-30 06:51:45,
3d5a41eb-3962-455e-82c7-ad0f6d5fef7b,bf996092-8d66-408a-8d8e-5065ca3330c2,ada6015d-9fce-4f2c-b20f-fc9122d2face,c95a9a17-40aa-4ffb-b15e-8d9096371ee8,615a3d12-a18e-4247-93b9-d41350134484,,2025-05-30 06:52:51,2025-05-30 06:52:51,
a7192eb7-3f4b-4ba7-b0d8-ff9cc2c81839,bf996092-8d66-408a-8d8e-5065ca3330c2,ada6015d-9fce-4f2c-b20f-fc9122d2face,ed1f1eea-9cfd-4ab5-af42-245529e171ca,e789bf93-1583-4526-8d2b-611c50bd27eb,,2025-05-30 06:53:09,2025-05-30 06:53:09,
b73f82a9-6086-417a-a336-6bc0019e018f,bf996092-8d66-408a-8d8e-5065ca3330c2,ada6015d-9fce-4f2c-b20f-fc9122d2face,e36b76da-4eb5-4de4-8892-ef8c5d671e0a,3f2397ef-5d27-4511-824a-f704b278121b,,2025-05-30 06:54:39,2025-05-30 06:54:39,
d702c66b-d260-4d10-b10f-ccad9a393ba6,bf996092-8d66-408a-8d8e-5065ca3330c2,ada6015d-9fce-4f2c-b20f-fc9122d2face,261096f1-af43-4e2a-8687-0d7c947f9ea3,07261870-d806-4177-9d73-69af792719be,,2025-05-30 06:54:39,2025-05-30 06:54:39,
f69b41fe-12cb-4652-8496-6cf12825f9b8,bf996092-8d66-408a-8d8e-5065ca3330c2,ada6015d-9fce-4f2c-b20f-fc9122d2face,85b74404-8c1c-4d24-91d6-5f01b811798a,0c04461e-1cac-49f3-9f17-f9fd01f06b21,,2025-05-30 06:54:39,2025-05-30 06:54:39,
916ea3fe-14cc-4b99-bcdb-a9e95f68c9a9,bf996092-8d66-408a-8d8e-5065ca3330c2,ada6015d-9fce-4f2c-b20f-fc9122d2face,b4c02be1-6e75-40d1-995e-527e368838f5,a3ad109c-d3dd-42e2-b6c7-3af25a4aa4d8,,2025-07-31 09:45:11,2025-07-31 09:45:11,
1465114d-ab21-4224-a2fe-73ebf074530d,bf996092-8d66-408a-8d8e-5065ca3330c2,ada6015d-9fce-4f2c-b20f-fc9122d2face,f66d780d-8319-4f69-aa63-e7821ed88894,697dc6b3-bead-474e-9860-50916e3074c1,,2025-07-31 09:41:48,2025-07-31 09:41:48,
68d7b34e-d722-4205-b86a-0c904abcfcbe,bf996092-8d66-408a-8d8e-5065ca3330c2,f6ab14eb-1a66-4ea5-8a0f-0afbda444403,a1190c99-476c-4ead-9f0d-965c3cce1244,7bee21c8-bd9b-41dc-8a86-fbf56d701d88,,2025-07-04 09:58:18,2025-07-04 09:58:18,
b156f61a-2216-43a9-b606-53ed5db5758c,bf996092-8d66-408a-8d8e-5065ca3330c2,f6ab14eb-1a66-4ea5-8a0f-0afbda444403,a100dffd-bf86-4d7a-b116-9a55a0c29619,7bee21c8-bd9b-41dc-8a86-fbf56d701d88,,2025-07-04 09:58:18,2025-07-04 09:58:18,
1593cb14-af45-42f6-9e40-fd0c2eecb1b5,bf996092-8d66-408a-8d8e-5065ca3330c2,f6ab14eb-1a66-4ea5-8a0f-0afbda444403,86e74021-391b-42bb-9eaf-34d2323bc19b,599f36f0-be2b-4100-9512-fa005a27ec60,,2025-07-04 09:58:18,2025-07-04 09:58:18,
04110fdf-1bb3-48e2-a7f0-5151981d923b,bf996092-8d66-408a-8d8e-5065ca3330c2,f6ab14eb-1a66-4ea5-8a0f-0afbda444403,5ebf4cb3-c0f8-4cca-bfcf-a6303c20a0c9,599f36f0-be2b-4100-9512-fa005a27ec60,,2025-07-04 09:58:18,2025-07-04 09:58:18,
4a029cbb-f843-4cc3-a096-ff3fec6f7a39,bf996092-8d66-408a-8d8e-5065ca3330c2,f6ab14eb-1a66-4ea5-8a0f-0afbda444403,ff6c79fa-1573-4deb-863d-ea7aa289714d,599f36f0-be2b-4100-9512-fa005a27ec60,,2025-07-04 09:58:18,2025-07-04 09:58:18,
ee254cde-c094-46ff-aa18-bd33f47067c4,bf996092-8d66-408a-8d8e-5065ca3330c2,f6ab14eb-1a66-4ea5-8a0f-0afbda444403,62574ff4-9283-49d5-8ad7-facb216b70b0,599f36f0-be2b-4100-9512-fa005a27ec60,,2025-07-04 09:58:18,2025-07-04 09:58:18,
76c901d2-fa88-42d7-be96-5f9e12ab09f0,bf996092-8d66-408a-8d8e-5065ca3330c2,f6ab14eb-1a66-4ea5-8a0f-0afbda444403,3c095b77-86ce-493c-8cc5-14a4f6d1d27c,e8ddffb1-3151-4e66-9720-55fa5282e131,,2025-08-22 09:55:38,2025-08-22 09:55:38,
c05d33ca-7435-4af1-a15e-a2a1c44a6bb6,bf996092-8d66-408a-8d8e-5065ca3330c2,f6ab14eb-1a66-4ea5-8a0f-0afbda444403,daaed514-119f-44e9-9a99-2cd851d4b1ed,e8ddffb1-3151-4e66-9720-55fa5282e131,,2025-08-22 09:53:46,2025-08-22 09:55:18,2025-08-22 09:55:18
91e67b02-1e83-45f3-8c00-6828b66c8650,bf996092-8d66-408a-8d8e-5065ca3330c2,f6ab14eb-1a66-4ea5-8a0f-0afbda444403,6a7c84a1-5999-43af-908c-cf8fcb782685,e8ddffb1-3151-4e66-9720-55fa5282e131,,2025-08-22 10:33:55,2025-08-22 10:33:55,
9b32d891-5a17-4349-b30f-4eca7dafe292,bf996092-8d66-408a-8d8e-5065ca3330c2,f6ab14eb-1a66-4ea5-8a0f-0afbda444403,57ed2ed3-7741-458a-b2fc-9ca269ba8e9d,e8ddffb1-3151-4e66-9720-55fa5282e131,,2025-08-22 10:34:25,2025-08-22 10:34:25,
b44dec8c-0ce5-4a91-a30d-585291741eee,bf996092-8d66-408a-8d8e-5065ca3330c2,f6ab14eb-1a66-4ea5-8a0f-0afbda444403,bc3586d5-c85f-4b93-815f-9cc7dcfdd701,7966cd1c-a4bb-4d24-aaab-4af6cb86c993,,2025-08-22 10:04:45,2025-08-22 10:04:45,
52834aa7-e2eb-43eb-bdc7-3e8d4bad6ac3,bf996092-8d66-408a-8d8e-5065ca3330c2,f6ab14eb-1a66-4ea5-8a0f-0afbda444403,b0210e81-5962-47cf-96bc-e8882db56f04,7966cd1c-a4bb-4d24-aaab-4af6cb86c993,,2025-08-22 10:07:24,2025-08-22 10:07:24,
2c7b8046-580d-42dd-9ea8-cf543f38eb6e,bf996092-8d66-408a-8d8e-5065ca3330c2,f6ab14eb-1a66-4ea5-8a0f-0afbda444403,28c62163-6bf1-4014-bcf2-66636867dc34,7966cd1c-a4bb-4d24-aaab-4af6cb86c993,,2025-08-22 10:28:35,2025-08-22 10:28:35,
f29b0311-568c-46ef-88e8-5dc986428241,bf996092-8d66-408a-8d8e-5065ca3330c2,f6ab14eb-1a66-4ea5-8a0f-0afbda444403,8e70f0e0-6d72-4f5c-a3c9-191e6aef071a,c39add47-9e54-4b07-b20e-d4fd17829a01,,2025-08-22 10:29:11,2025-08-22 10:29:11,
e8d36ddc-255e-493b-89ed-a3c04bd67705,bf996092-8d66-408a-8d8e-5065ca3330c2,f6ab14eb-1a66-4ea5-8a0f-0afbda444403,24f440dd-a5b8-4289-b99d-a146ee6b4ae9,c39add47-9e54-4b07-b20e-d4fd17829a01,,2025-08-22 10:29:28,2025-08-22 10:29:28,
1d7e931f-9dd6-4224-9903-df2f62b8d77a,bf996092-8d66-408a-8d8e-5065ca3330c2,f6ab14eb-1a66-4ea5-8a0f-0afbda444403,7684eb27-20e0-414c-b97b-b5d588f9b8d2,c39add47-9e54-4b07-b20e-d4fd17829a01,,2025-08-22 10:29:42,2025-08-22 10:29:42,
9a582842-fc02-4288-8a7a-7a28f84c0788,bf996092-8d66-408a-8d8e-5065ca3330c2,f679f4cf-c089-4a2b-9b84-b14129630601,2adb2510-837b-4bfb-b15f-6eefe810a025,62c8efdb-f850-4939-ab9f-3f4412366e37,,2025-08-28 11:08:59,2025-08-28 11:08:59,
723d488b-bbca-4b8d-94cd-0fd49a4388d6,bf996092-8d66-408a-8d8e-5065ca3330c2,e9b596f2-48ee-419b-a199-da304b38c398,b24c92ab-2b5d-4081-8cd3-b9f74c4108f0,8f993525-53e4-4992-aa51-d55c1c09d511,,2025-06-19 07:27:53,2025-06-19 07:27:53,
49a2ebb1-1d62-4e30-808e-a899a0ffcdd1,bf996092-8d66-408a-8d8e-5065ca3330c2,e9b596f2-48ee-419b-a199-da304b38c398,b24c92ab-2b5d-4081-8cd3-b9f74c4108f0,3e30ae02-d966-48d6-8dbe-17533f8ed2ff,,2025-06-19 07:27:53,2025-06-19 07:27:53,
a2b2af71-70f9-4f3c-b686-12ef926ddb7f,bf996092-8d66-408a-8d8e-5065ca3330c2,e9b596f2-48ee-419b-a199-da304b38c398,080cab27-bac8-4a29-9d32-440dc4659024,a4fda6eb-a58f-4e02-b8dc-2d034d1bc292,,2025-06-19 07:27:53,2025-06-19 07:27:53,
6adb0112-6b8e-4bae-b2c7-631586967715,bf996092-8d66-408a-8d8e-5065ca3330c2,e9b596f2-48ee-419b-a199-da304b38c398,080cab27-bac8-4a29-9d32-440dc4659024,97b0fbd7-f599-46b6-9b8c-70e1049d2282,,2025-06-19 07:27:53,2025-06-19 07:27:53,
49bc7b94-5435-4ebf-a894-9f0444694025,bf996092-8d66-408a-8d8e-5065ca3330c2,e9b596f2-48ee-419b-a199-da304b38c398,8f9bd163-d51d-41c5-be15-83fd15144fe5,97b0fbd7-f599-46b6-9b8c-70e1049d2282,,2025-06-19 07:27:53,2025-06-19 07:27:53,
2280f8f6-9abb-48ce-9cca-c55ee5bf52c2,bf996092-8d66-408a-8d8e-5065ca3330c2,e9b596f2-48ee-419b-a199-da304b38c398,8f9bd163-d51d-41c5-be15-83fd15144fe5,a4fda6eb-a58f-4e02-b8dc-2d034d1bc292,,2025-06-19 07:27:53,2025-06-19 07:27:53,
7cfdfaad-68fc-42a5-a090-a51ece996d5f,bf996092-8d66-408a-8d8e-5065ca3330c2,e9b596f2-48ee-419b-a199-da304b38c398,5d3af1db-6860-4814-a7cc-0ace85650d3e,97b0fbd7-f599-46b6-9b8c-70e1049d2282,,2025-06-19 08:56:26,2025-06-19 08:56:26,
37360d93-4e1d-4b12-a529-a63cc3d3a752,bf996092-8d66-408a-8d8e-5065ca3330c2,e9b596f2-48ee-419b-a199-da304b38c398,5d3af1db-6860-4814-a7cc-0ace85650d3e,a4fda6eb-a58f-4e02-b8dc-2d034d1bc292,,2025-06-19 08:56:27,2025-06-19 08:56:27,
55b70626-001d-4ff0-b7f0-2cf455112a73,bf996092-8d66-408a-8d8e-5065ca3330c2,e9b596f2-48ee-419b-a199-da304b38c398,193d5145-8bf3-4594-8783-33c1009d8e3a,97b0fbd7-f599-46b6-9b8c-70e1049d2282,,2025-06-19 08:56:08,2025-06-19 08:56:08,
b3d5e44b-73ff-4b81-9a9b-2e01e0ba132a,bf996092-8d66-408a-8d8e-5065ca3330c2,e9b596f2-48ee-419b-a199-da304b38c398,193d5145-8bf3-4594-8783-33c1009d8e3a,a4fda6eb-a58f-4e02-b8dc-2d034d1bc292,,2025-06-19 08:56:08,2025-06-19 08:56:08,
2d73c51b-3215-4239-b6ec-546c16b6affa,bf996092-8d66-408a-8d8e-5065ca3330c2,e9b596f2-48ee-419b-a199-da304b38c398,229e94ae-bac9-48c8-813a-de493c943981,a4fda6eb-a58f-4e02-b8dc-2d034d1bc292,,2025-06-19 09:04:58,2025-06-19 09:04:58,
f381bc9e-f518-4eac-8e4c-baa86df5519b,bf996092-8d66-408a-8d8e-5065ca3330c2,e9b596f2-48ee-419b-a199-da304b38c398,229e94ae-bac9-48c8-813a-de493c943981,97b0fbd7-f599-46b6-9b8c-70e1049d2282,,2025-06-19 09:04:58,2025-06-19 09:04:58,
1ab2ec3a-e976-499a-8960-f6f2cbfe2e7d,bf996092-8d66-408a-8d8e-5065ca3330c2,e9b596f2-48ee-419b-a199-da304b38c398,30d6f685-6b9c-409c-b553-537bfae359b0,a4fda6eb-a58f-4e02-b8dc-2d034d1bc292,,2025-06-19 09:11:05,2025-06-19 09:11:14,2025-06-19 09:11:14
8401d30f-1701-4306-9001-cc5afcc6c880,bf996092-8d66-408a-8d8e-5065ca3330c2,e9b596f2-48ee-419b-a199-da304b38c398,30d6f685-6b9c-409c-b553-537bfae359b0,97b0fbd7-f599-46b6-9b8c-70e1049d2282,,2025-06-19 09:11:06,2025-06-19 09:11:06,
ba55b857-d905-4a1b-88f3-7b06120323de,bf996092-8d66-408a-8d8e-5065ca3330c2,e9b596f2-48ee-419b-a199-da304b38c398,30d6f685-6b9c-409c-b553-537bfae359b0,a4fda6eb-a58f-4e02-b8dc-2d034d1bc292,,2025-06-19 09:11:21,2025-06-19 09:11:21,
2280a3fb-a1c1-421b-ab88-695383016592,bf996092-8d66-408a-8d8e-5065ca3330c2,e9b596f2-48ee-419b-a199-da304b38c398,30d6f685-6b9c-409c-b553-537bfae359b0,3e30ae02-d966-48d6-8dbe-17533f8ed2ff,,2025-06-19 09:15:16,2025-06-19 09:15:16,
bbcfdcc8-ee00-4935-8004-068ce1f3ce8e,bf996092-8d66-408a-8d8e-5065ca3330c2,e9b596f2-48ee-419b-a199-da304b38c398,bae2c496-2dc2-4721-b3ff-a499b5383ad6,587c8efa-dbcb-41e9-a9d3-5c337e23c063,,2025-06-19 07:27:53,2025-06-19 07:27:53,
41902fa5-5e41-43d8-ac01-9d123014bcef,bf996092-8d66-408a-8d8e-5065ca3330c2,e9b596f2-48ee-419b-a199-da304b38c398,2df84997-cb0b-49b9-b7a1-4d9b8cf71202,587c8efa-dbcb-41e9-a9d3-5c337e23c063,,2025-06-19 08:21:08,2025-06-19 08:21:08,
c206b991-f260-4e2b-acc6-7e6dd509e6e2,bf996092-8d66-408a-8d8e-5065ca3330c2,e9b596f2-48ee-419b-a199-da304b38c398,2df84997-cb0b-49b9-b7a1-4d9b8cf71202,24688967-f3a0-4610-8406-e8c8c45a6a99,,2025-06-19 08:21:08,2025-06-19 08:21:08,
5bdc029d-e85f-4a99-88f9-7223792b3a7b,bf996092-8d66-408a-8d8e-5065ca3330c2,e9b596f2-48ee-419b-a199-da304b38c398,d4327766-729f-490e-bd1b-e45fe3a4be98,24688967-f3a0-4610-8406-e8c8c45a6a99,,2025-06-19 09:01:12,2025-06-19 09:01:25,2025-06-19 09:01:25
8e854595-abe8-4edf-9003-19ef40807a17,bf996092-8d66-408a-8d8e-5065ca3330c2,e9b596f2-48ee-419b-a199-da304b38c398,d4327766-729f-490e-bd1b-e45fe3a4be98,24688967-f3a0-4610-8406-e8c8c45a6a99,,2025-06-19 09:01:36,2025-06-19 09:01:36,
60148aa5-271c-4a88-96a1-670a6d371751,bf996092-8d66-408a-8d8e-5065ca3330c2,e9b596f2-48ee-419b-a199-da304b38c398,d4327766-729f-490e-bd1b-e45fe3a4be98,587c8efa-dbcb-41e9-a9d3-5c337e23c063,,2025-06-19 09:01:12,2025-06-19 09:01:12,
d4d3b40f-dd67-4651-9f11-c976820c1a44,bf996092-8d66-408a-8d8e-5065ca3330c2,e9b596f2-48ee-419b-a199-da304b38c398,1a38c610-dbba-4e6a-8651-ee2e0eb210e0,52432f96-b31f-45bc-b4af-41d1806f8390,,2025-06-19 07:27:53,2025-06-19 07:27:53,
d392528b-2902-41f1-be2e-f9250e619a72,bf996092-8d66-408a-8d8e-5065ca3330c2,e9b596f2-48ee-419b-a199-da304b38c398,1a38c610-dbba-4e6a-8651-ee2e0eb210e0,b978d5ef-3358-4287-91c5-1bf9da84a1f7,,2025-06-19 07:27:53,2025-06-19 07:27:53,
5d3c30ea-ca65-475d-9963-1e918bbbe10f,bf996092-8d66-408a-8d8e-5065ca3330c2,e9b596f2-48ee-419b-a199-da304b38c398,c5bc3f1c-77d7-483c-beca-75df2db2e363,b978d5ef-3358-4287-91c5-1bf9da84a1f7,,2025-06-19 09:05:51,2025-06-19 09:06:01,2025-06-19 09:06:01
9dcb10f5-0bf8-4eb8-af3a-b47582eaf058,bf996092-8d66-408a-8d8e-5065ca3330c2,e9b596f2-48ee-419b-a199-da304b38c398,c5bc3f1c-77d7-483c-beca-75df2db2e363,52432f96-b31f-45bc-b4af-41d1806f8390,,2025-06-19 09:05:51,2025-06-19 09:05:51,
91f9b286-0d05-4803-9834-16961f9ba0c7,bf996092-8d66-408a-8d8e-5065ca3330c2,e9b596f2-48ee-419b-a199-da304b38c398,c5bc3f1c-77d7-483c-beca-75df2db2e363,b978d5ef-3358-4287-91c5-1bf9da84a1f7,,2025-06-19 09:06:08,2025-06-19 09:06:08,
5c803798-cf1f-411b-aa94-79bab3fda0cb,bf996092-8d66-408a-8d8e-5065ca3330c2,e9b596f2-48ee-419b-a199-da304b38c398,76ea3f15-547d-48b7-bef3-0fb6e3eddcbc,1352ca8d-5f64-4284-9ed6-5b020b66ffba,,2025-06-19 07:27:53,2025-06-19 07:27:53,
3c372456-2fda-4c3a-b80f-7745d8bd4197,bf996092-8d66-408a-8d8e-5065ca3330c2,ada6015d-9fce-4f2c-b20f-fc9122d2face,e1571178-7e97-458e-b8f0-cc9ef8bd962f,1732d88d-c9ef-4825-acc8-20c493080153,,2025-06-05 10:25:34,2025-06-05 10:25:34,
97fee126-33ca-41fd-ae82-d3e36b0f237e,bf996092-8d66-408a-8d8e-5065ca3330c2,f679f4cf-c089-4a2b-9b84-b14129630601,3c96c63d-e2c8-4cf5-9c50-276cf715777d,36b0b66b-2080-4775-882b-ff7a87db65df,,2025-06-05 11:04:27,2025-06-05 11:04:27,
a67c9794-4c32-4674-90f9-7be25e0e2848,bf996092-8d66-408a-8d8e-5065ca3330c2,f679f4cf-c089-4a2b-9b84-b14129630601,bc9cd55c-bd1c-42f1-8d83-f9a18b8b8a53,36b0b66b-2080-4775-882b-ff7a87db65df,,2025-06-05 11:04:01,2025-06-05 11:04:01,
4b5cbe23-b60f-47e7-b657-9725bad763d9,bf996092-8d66-408a-8d8e-5065ca3330c2,f679f4cf-c089-4a2b-9b84-b14129630601,f25816be-66f1-4881-a30d-61a0041d1cc5,36b0b66b-2080-4775-882b-ff7a87db65df,,2025-06-05 11:04:44,2025-06-05 11:04:44,
2a52041b-64ae-4fb4-bbd8-8d26dd713d41,bf996092-8d66-408a-8d8e-5065ca3330c2,f679f4cf-c089-4a2b-9b84-b14129630601,85ea6e5c-fbe2-4b3b-a6a5-2eff34804103,36b0b66b-2080-4775-882b-ff7a87db65df,,2025-06-05 11:06:17,2025-06-05 11:06:17,
8dafdee0-ed5e-44ab-8113-3613d994a1d7,bf996092-8d66-408a-8d8e-5065ca3330c2,f679f4cf-c089-4a2b-9b84-b14129630601,6cace00c-754a-4c0d-967e-989b24d3db7d,36b0b66b-2080-4775-882b-ff7a87db65df,,2025-06-05 11:06:58,2025-06-05 11:07:03,2025-06-05 11:07:03
fbee0fe6-e370-4403-8090-ce948f3360ed,bf996092-8d66-408a-8d8e-5065ca3330c2,f679f4cf-c089-4a2b-9b84-b14129630601,fc08ef8a-4679-4f73-8a6b-6ed76c130977,51f64e1e-2422-401c-81ae-a6f3aa3414b0,,2025-06-05 11:10:42,2025-06-05 11:10:42,
d7e02efd-9c8f-4172-b738-6af34d34090c,bf996092-8d66-408a-8d8e-5065ca3330c2,f679f4cf-c089-4a2b-9b84-b14129630601,fc08ef8a-4679-4f73-8a6b-6ed76c130977,36b0b66b-2080-4775-882b-ff7a87db65df,,2025-06-05 11:10:42,2025-06-05 11:10:42,
181b1885-7985-4b9c-9884-9f5c06224a51,bf996092-8d66-408a-8d8e-5065ca3330c2,f679f4cf-c089-4a2b-9b84-b14129630601,6fdc275a-3afb-434a-8ce9-fc7ff3d012e1,36b0b66b-2080-4775-882b-ff7a87db65df,,2025-06-05 11:06:29,2025-06-05 11:06:45,2025-06-05 11:06:45
46cce575-d659-4bcb-9f8e-78313720e598,bf996092-8d66-408a-8d8e-5065ca3330c2,f679f4cf-c089-4a2b-9b84-b14129630601,6fdc275a-3afb-434a-8ce9-fc7ff3d012e1,36b0b66b-2080-4775-882b-ff7a87db65df,,2025-06-05 11:11:19,2025-06-05 11:11:19,
addb666e-7b83-442a-929d-99c17d0d5062,bf996092-8d66-408a-8d8e-5065ca3330c2,f6ab14eb-1a66-4ea5-8a0f-0afbda444403,a8f0d3a7-674c-42bb-ac0f-ceaff5137d08,e0a254c7-7685-442f-9af9-6d4c06ba8895,,2025-06-13 08:33:09,2025-06-13 08:33:09,
40719015-5d80-4029-ba93-9688471afb74,bf996092-8d66-408a-8d8e-5065ca3330c2,f6ab14eb-1a66-4ea5-8a0f-0afbda444403,a8f0d3a7-674c-42bb-ac0f-ceaff5137d08,071d1076-f2d9-4272-a6a5-9e20ace9fc63,,2025-06-13 08:32:47,2025-06-13 08:33:10,2025-06-13 08:33:10
0bce8cfd-540a-44f7-b310-9fdcb93aa319,bf996092-8d66-408a-8d8e-5065ca3330c2,f6ab14eb-1a66-4ea5-8a0f-0afbda444403,57a451bb-45f5-4e26-a792-5aad8751d482,071d1076-f2d9-4272-a6a5-9e20ace9fc63,,2025-06-13 08:32:41,2025-06-13 08:32:59,2025-06-13 08:32:59
a443f09e-8bc3-4292-ae1c-d56c1c2b14b4,bf996092-8d66-408a-8d8e-5065ca3330c2,f6ab14eb-1a66-4ea5-8a0f-0afbda444403,57a451bb-45f5-4e26-a792-5aad8751d482,e0a254c7-7685-442f-9af9-6d4c06ba8895,,2025-06-13 08:32:59,2025-06-13 08:32:59,
277f4f7e-26d2-40af-b4a3-e9abeb51800d,bf996092-8d66-408a-8d8e-5065ca3330c2,f6ab14eb-1a66-4ea5-8a0f-0afbda444403,ff613c7e-0402-43ea-bb8e-f34841846c64,071d1076-f2d9-4272-a6a5-9e20ace9fc63,,2025-06-13 08:33:16,2025-06-13 08:33:16,
baf86acc-3ee1-41a0-8bc9-e13e9e742b97,bf996092-8d66-408a-8d8e-5065ca3330c2,f6ab14eb-1a66-4ea5-8a0f-0afbda444403,880aa3c8-abe0-40f9-b122-f15029be6301,071d1076-f2d9-4272-a6a5-9e20ace9fc63,,2025-06-13 08:33:21,2025-06-13 08:33:21,
38c96083-335e-4e20-b30b-1d47110bd688,bf996092-8d66-408a-8d8e-5065ca3330c2,f6ab14eb-1a66-4ea5-8a0f-0afbda444403,c0e9b752-aebb-43e4-a020-2846433d10cf,8f538ea8-df21-49a2-8dc5-8ce9e31472a4,,2025-06-13 08:33:26,2025-06-13 08:33:26,
1d7dad80-e9b3-4dd9-93e0-4d51d30e80c1,bf996092-8d66-408a-8d8e-5065ca3330c2,ada6015d-9fce-4f2c-b20f-fc9122d2face,2d68ca93-e218-4707-ac4f-b778febb1f55,e479cd97-b39d-44d9-b8bc-932c402f7a23,,2025-06-13 05:56:42,2025-06-13 05:56:42,
f6062f97-634b-4f5b-8477-62be10d222d9,bf996092-8d66-408a-8d8e-5065ca3330c2,ada6015d-9fce-4f2c-b20f-fc9122d2face,7e2c9577-8433-4558-8d1b-74ebf3f596a2,04ca9233-5008-452b-8f9e-fd18ede0ff74,,2025-06-13 09:02:22,2025-06-13 09:02:22,
2785fb5a-b223-40c6-9228-f95650ef0894,bf996092-8d66-408a-8d8e-5065ca3330c2,ada6015d-9fce-4f2c-b20f-fc9122d2face,4c53ccf6-e825-43c7-8bbc-61d343da7287,69b93127-30a4-4bed-ad0e-262603a6f72f,,2025-06-13 09:02:22,2025-06-13 09:02:22,
c696d8a7-f050-4f01-ae39-e49641038d6b,bf996092-8d66-408a-8d8e-5065ca3330c2,f679f4cf-c089-4a2b-9b84-b14129630601,ec516dea-556d-4252-95e4-f0643ba8c0e3,01f01c77-8de5-4ffe-b50f-8fc13f253f54,,2025-08-04 03:50:04,2025-08-04 03:50:04,
b4541892-38f2-403d-8905-e2c483335495,bf996092-8d66-408a-8d8e-5065ca3330c2,f679f4cf-c089-4a2b-9b84-b14129630601,ec516dea-556d-4252-95e4-f0643ba8c0e3,7c7bfb0d-72ea-4490-bb4d-12b98ae87555,,2025-08-04 03:50:04,2025-08-04 03:50:04,
d6ed1640-cfda-488e-985b-042547e2baa2,bf996092-8d66-408a-8d8e-5065ca3330c2,f679f4cf-c089-4a2b-9b84-b14129630601,a163a8dd-801a-4ea7-9c89-607cec7cf815,7c7bfb0d-72ea-4490-bb4d-12b98ae87555,,2025-08-04 03:50:04,2025-08-04 03:50:04,
013a90ca-0c25-4455-af86-4605e1aa64ac,bf996092-8d66-408a-8d8e-5065ca3330c2,f679f4cf-c089-4a2b-9b84-b14129630601,e1ee7a0e-7bc9-485c-b88c-e7e6f7d4cbdd,7c7bfb0d-72ea-4490-bb4d-12b98ae87555,,2025-08-04 03:50:04,2025-08-04 03:50:04,
3ad26a0c-519d-4855-8181-26c2666895a2,bf996092-8d66-408a-8d8e-5065ca3330c2,f679f4cf-c089-4a2b-9b84-b14129630601,9c1a6285-0572-4e62-b30e-996ff2d7b6f1,7c7bfb0d-72ea-4490-bb4d-12b98ae87555,,2025-08-04 03:50:04,2025-08-04 03:50:04,
70b48bf6-b67c-47db-bebb-87da095f5c0e,bf996092-8d66-408a-8d8e-5065ca3330c2,f679f4cf-c089-4a2b-9b84-b14129630601,3181854d-4735-4162-8c98-698b000697ae,7c7bfb0d-72ea-4490-bb4d-12b98ae87555,,2025-08-04 03:50:04,2025-08-04 03:50:04,
1f734543-d926-4912-9dae-2fcc4e63007b,bf996092-8d66-408a-8d8e-5065ca3330c2,f679f4cf-c089-4a2b-9b84-b14129630601,dde4710b-3cf7-40bb-98dd-d2f65c927dff,7c7bfb0d-72ea-4490-bb4d-12b98ae87555,,2025-08-04 03:50:04,2025-08-04 03:50:04,
12cbb84f-3438-4653-8768-9243bc2dd798,bf996092-8d66-408a-8d8e-5065ca3330c2,f679f4cf-c089-4a2b-9b84-b14129630601,b45575fb-41d3-472b-87b7-a4f7e38f1719,aa0d2a7c-4c70-4fe5-b168-034089f0b1e4,,2025-08-07 10:23:57,2025-08-07 10:23:57,
520e5ecf-0dc8-4561-9cb9-64863b984da9,bf996092-8d66-408a-8d8e-5065ca3330c2,f679f4cf-c089-4a2b-9b84-b14129630601,bf1fbdb1-87a4-4e1c-a655-8be3b869c45a,aa0d2a7c-4c70-4fe5-b168-034089f0b1e4,,2025-08-07 10:23:57,2025-08-07 10:23:57,
f8288ddd-4847-4049-9579-0e9b91d71ac0,bf996092-8d66-408a-8d8e-5065ca3330c2,f679f4cf-c089-4a2b-9b84-b14129630601,ce41e7b0-1e51-422e-a527-ba52e7fd7344,aa0d2a7c-4c70-4fe5-b168-034089f0b1e4,,2025-08-07 10:23:57,2025-08-07 10:23:57,
5565cd9e-4c00-407a-920e-1e6a9dfaa7cd,bf996092-8d66-408a-8d8e-5065ca3330c2,f679f4cf-c089-4a2b-9b84-b14129630601,069e95b1-73be-4aff-8c8d-9ce8a6e66f2b,aa0d2a7c-4c70-4fe5-b168-034089f0b1e4,,2025-08-07 10:23:57,2025-08-07 10:25:07,2025-08-07 10:25:07
83f9b537-0cd3-4a9d-aa91-c73e4df0b1b7,bf996092-8d66-408a-8d8e-5065ca3330c2,f679f4cf-c089-4a2b-9b84-b14129630601,b94fdffe-3387-41b1-924f-23aae51a9763,a6c93142-4612-4636-80a0-a08cdc96c577,,2025-08-07 10:23:57,2025-08-07 10:23:57,
71200d8e-aa34-4c24-ba5b-3d7166c7131c,bf996092-8d66-408a-8d8e-5065ca3330c2,f679f4cf-c089-4a2b-9b84-b14129630601,412c8601-c85e-437e-8a17-6a2cd3ecbc06,1a22c047-0feb-40fb-808a-cacf2aff4fac,,2025-08-07 10:23:57,2025-08-07 10:23:57,
6e40f2b5-97d3-43f1-ac82-417629fd9a23,bf996092-8d66-408a-8d8e-5065ca3330c2,f679f4cf-c089-4a2b-9b84-b14129630601,17fb69dd-a2ae-4e12-a170-369bd11fa887,62c8efdb-f850-4939-ab9f-3f4412366e37,,2025-08-28 11:08:59,2025-08-28 11:08:59,
7f31a8c7-f834-461b-82bc-5f72ae775ffe,bf996092-8d66-408a-8d8e-5065ca3330c2,f679f4cf-c089-4a2b-9b84-b14129630601,ff09d110-039b-4023-8a78-187295bd8d35,b4c8e506-3803-489e-9ba1-b41a27aa1aab,,2025-08-28 11:08:59,2025-08-28 11:08:59,
5cf70579-22b0-42b0-a8cf-c8e57ce47450,bf996092-8d66-408a-8d8e-5065ca3330c2,ada6015d-9fce-4f2c-b20f-fc9122d2face,1af3d197-2f69-4333-8dfe-5dcff12633ac,574b8462-39bf-498f-8a5b-e3b5ec7838a7,,2025-04-04 10:20:26,2025-04-04 10:21:16,2025-04-04 10:21:16
795e1c6a-76c0-46b9-81fb-57e134128ec4,bf996092-8d66-408a-8d8e-5065ca3330c2,ada6015d-9fce-4f2c-b20f-fc9122d2face,f40bc96a-1879-45da-adf4-194f69179e1c,45b02758-aebb-48fb-a9b9-ef31e0627048,,2025-06-07 10:08:56,2025-06-07 10:08:56,
8a8a559d-9c57-43a4-94f0-1f81599904c0,bf996092-8d66-408a-8d8e-5065ca3330c2,ada6015d-9fce-4f2c-b20f-fc9122d2face,0a19fa0c-47c4-4f38-bf1c-64f828b2b6ab,33d13f54-2f8a-428f-a7cc-51045677e6dc,,2025-06-07 10:09:54,2025-06-07 10:09:54,
81e45932-fc70-404f-9d29-d56b76ba9619,bf996092-8d66-408a-8d8e-5065ca3330c2,ada6015d-9fce-4f2c-b20f-fc9122d2face,fc28c9f2-c25f-42a7-a41f-ab1651023e3d,9162a0a5-d771-4c91-acbe-2bfda67c0a7e,,2025-06-07 10:09:38,2025-06-07 10:09:38,
9b609182-bf44-4629-bea0-ccbaf92a9190,bf996092-8d66-408a-8d8e-5065ca3330c2,ada6015d-9fce-4f2c-b20f-fc9122d2face,b325e8cb-0dae-4de5-bc4b-9581be988a76,06242929-33aa-4961-aea8-e1e43d16c8b7,,2025-06-07 10:16:42,2025-06-07 10:16:42,
5c6e0e39-43b8-4bc5-9314-5ffbab3c3839,bf996092-8d66-408a-8d8e-5065ca3330c2,ada6015d-9fce-4f2c-b20f-fc9122d2face,e1e28de7-db58-40d2-8d6b-4f14a5e2a2c1,4e7a199a-ee2a-43e0-a4e2-a338dfd6a899,,2025-06-07 10:16:42,2025-06-07 10:16:42,
abc027ae-bd64-444f-854a-4ac9473099a5,bf996092-8d66-408a-8d8e-5065ca3330c2,ada6015d-9fce-4f2c-b20f-fc9122d2face,06fd76a3-6736-42a2-8f03-8eb490aab115,ce0b1940-a9d2-414b-b0bd-6aea536c193d,,2025-06-07 10:16:42,2025-06-07 10:16:42,
796f5b96-7617-4826-b659-e68726210147,bf996092-8d66-408a-8d8e-5065ca3330c2,f679f4cf-c089-4a2b-9b84-b14129630601,83215504-2eaf-4b4e-b2f2-4535dd789445,239ba006-b83b-4abd-91d9-afb3b968267c,,2025-07-31 10:06:54,2025-08-04 09:09:04,2025-08-04 09:09:04
77b5cb68-e7e4-4264-9017-1a5434145c82,bf996092-8d66-408a-8d8e-5065ca3330c2,f679f4cf-c089-4a2b-9b84-b14129630601,d659bfe1-6b3f-4423-8df8-479469422bc0,239ba006-b83b-4abd-91d9-afb3b968267c,,2025-07-31 10:06:40,2025-07-31 10:06:40,
4bd0e92a-abd6-4bda-a5f2-e057daae4181,bf996092-8d66-408a-8d8e-5065ca3330c2,f679f4cf-c089-4a2b-9b84-b14129630601,2798f7cc-eb07-4b52-8f50-418991469c0a,239ba006-b83b-4abd-91d9-afb3b968267c,,2025-07-31 10:06:45,2025-08-04 09:08:59,2025-08-04 09:08:59
399a5930-f721-4f7a-b13b-9796a4403d66,bf996092-8d66-408a-8d8e-5065ca3330c2,f679f4cf-c089-4a2b-9b84-b14129630601,d95fc37f-79a3-401a-97e3-f9b410ea08c7,239ba006-b83b-4abd-91d9-afb3b968267c,,2025-08-04 09:50:19,2025-08-04 09:51:09,2025-08-04 09:51:09
df587333-7286-42e0-bdef-09915b01753e,bf996092-8d66-408a-8d8e-5065ca3330c2,f679f4cf-c089-4a2b-9b84-b14129630601,fedd823e-1783-41c5-bba3-a44638b75bb7,6da4a04c-cabb-4834-8b0a-3cac06a4126d,,2025-08-04 09:45:12,2025-08-04 09:45:12,
83534719-634b-4a33-97aa-ae444545ba3e,bf996092-8d66-408a-8d8e-5065ca3330c2,f679f4cf-c089-4a2b-9b84-b14129630601,140dcc39-98db-46df-82a2-f7dcaa6de1cd,6da4a04c-cabb-4834-8b0a-3cac06a4126d,,2025-08-04 09:10:16,2025-08-04 09:10:16,
0cf1cbff-28e7-48ab-a3af-ec4c48c3e4bf,bf996092-8d66-408a-8d8e-5065ca3330c2,f679f4cf-c089-4a2b-9b84-b14129630601,c42f7398-520b-4528-9db8-e505e3e0fc89,6da4a04c-cabb-4834-8b0a-3cac06a4126d,,2025-08-04 09:10:54,2025-08-04 09:10:54,
00959ff7-5cf4-480e-871d-8e1566cb1d2a,bf996092-8d66-408a-8d8e-5065ca3330c2,f679f4cf-c089-4a2b-9b84-b14129630601,fb2414cf-33f7-4ef2-80c1-101350ec4f26,6da4a04c-cabb-4834-8b0a-3cac06a4126d,,2025-08-04 09:45:02,2025-08-04 09:45:02,
c1fa5123-b4bb-4c72-951d-ac4e63bce108,bf996092-8d66-408a-8d8e-5065ca3330c2,f679f4cf-c089-4a2b-9b84-b14129630601,a686b294-22e7-4940-bf2c-ecbd6101ee87,4e23f615-0839-454b-80a9-7ab684e009c5,,2025-08-04 09:49:02,2025-08-04 09:49:02,
36678c13-c4b9-4567-833a-c0aa9d804537,bf996092-8d66-408a-8d8e-5065ca3330c2,ada6015d-9fce-4f2c-b20f-fc9122d2face,9cae2eb5-b0d4-4363-809c-906073b5bc3c,91479621-75f0-4be1-82ba-c286e7323181,,2025-06-13 08:59:45,2025-06-13 09:24:58,2025-06-13 09:24:58
11aea7af-7b22-4388-888e-668876500eaa,bf996092-8d66-408a-8d8e-5065ca3330c2,ada6015d-9fce-4f2c-b20f-fc9122d2face,9cae2eb5-b0d4-4363-809c-906073b5bc3c,ef6973b7-d73a-430a-b66e-cb60f47576ba,,2025-06-13 09:24:58,2025-06-13 09:24:58,
e1c76182-2868-45df-b1da-08a2ae164454,bf996092-8d66-408a-8d8e-5065ca3330c2,ada6015d-9fce-4f2c-b20f-fc9122d2face,388957e4-e4c6-4732-b4b4-c65ef9d52a37,ce6e627b-be18-42f0-a1d0-f40102e7008f,,2025-06-13 08:59:32,2025-06-13 08:59:32,
03a6839a-3df1-4006-8afc-1eebf873bc7b,bf996092-8d66-408a-8d8e-5065ca3330c2,ada6015d-9fce-4f2c-b20f-fc9122d2face,75060b65-b307-41f9-bc23-c8e2cef05c41,24353240-5a11-4b47-9e5a-0689ab34aafb,,2025-06-11 07:03:49,2025-06-11 07:03:49,
a1836648-ffb2-4437-ab2c-b13df27d283c,bf996092-8d66-408a-8d8e-5065ca3330c2,ada6015d-9fce-4f2c-b20f-fc9122d2face,72aedd30-4a46-4c76-bc52-ef0db67870a2,6c8db9c6-361c-49c6-a7c4-0de66640d2c8,,2025-06-11 07:22:16,2025-06-11 07:22:16,
9fdb5e9d-bfbb-49e8-b5b8-9dbd67b6af63,bf996092-8d66-408a-8d8e-5065ca3330c2,ada6015d-9fce-4f2c-b20f-fc9122d2face,d5d1cde5-79d9-4aa2-864a-48623973d10b,401c46ff-c741-45cf-9c95-f37fededccfb,,2025-06-11 07:25:14,2025-06-11 07:25:14,
ee821043-1f3d-446e-a7da-95c0c10f4f41,bf996092-8d66-408a-8d8e-5065ca3330c2,ada6015d-9fce-4f2c-b20f-fc9122d2face,8919ad2b-7444-4974-936e-9d09b64f7191,04d8c9b7-22ce-4435-99b0-3878c977dfc9,,2025-06-21 10:50:44,2025-06-21 10:50:44,
6d35f5ed-7c8c-48f5-b528-c3030162b39c,bf996092-8d66-408a-8d8e-5065ca3330c2,ada6015d-9fce-4f2c-b20f-fc9122d2face,95093f01-811c-47da-aa62-4cf5dd19369a,36eba012-441b-4b22-beec-163a9c7535e9,,2025-06-21 10:50:44,2025-06-21 10:50:44,
a29c79ef-f73b-425d-9274-e9fa8c09906e,bf996092-8d66-408a-8d8e-5065ca3330c2,ada6015d-9fce-4f2c-b20f-fc9122d2face,b53acbdc-e088-483a-9044-4732b30c1283,a52aca5b-d0cb-4645-8094-520a488dfc0e,,2025-06-21 10:47:22,2025-06-21 10:47:22,
4616844d-fc54-408f-8abe-deb871cecd4d,bf996092-8d66-408a-8d8e-5065ca3330c2,ada6015d-9fce-4f2c-b20f-fc9122d2face,571bb39e-3466-42f8-9fa7-0b1bc66fe240,9ee455a5-40ac-48e5-8d00-e2b16642dccf,,2025-06-21 10:47:08,2025-06-21 10:47:08,
4fe243c0-8caf-4de8-8ff6-01760bbd4060,bf996092-8d66-408a-8d8e-5065ca3330c2,f6ab14eb-1a66-4ea5-8a0f-0afbda444403,918e5cee-4737-4d8f-9967-2f10fc97cf36,cdad626d-e01a-4f7d-9189-513d7e0f667d,,2025-07-31 05:27:56,2025-07-31 05:27:56,
dfdb730e-5868-43f3-a76f-3a04f11b62ff,bf996092-8d66-408a-8d8e-5065ca3330c2,f6ab14eb-1a66-4ea5-8a0f-0afbda444403,8ceb7621-f2f4-4d00-8fa8-d9b0b1c971f4,0e0219e6-701b-482d-8f2b-94096f6bd3c6,,2025-07-31 05:27:56,2025-07-31 05:27:56,
8ff60150-6d15-423b-9b6d-2f882a05e616,bf996092-8d66-408a-8d8e-5065ca3330c2,f6ab14eb-1a66-4ea5-8a0f-0afbda444403,d336a162-a4ae-449f-adb9-fe535b3b1dbc,0e0219e6-701b-482d-8f2b-94096f6bd3c6,,2025-07-31 05:27:56,2025-07-31 05:27:56,
01ae1bdd-e6f1-4f56-85f8-00d5a5d2bdb8,bf996092-8d66-408a-8d8e-5065ca3330c2,f6ab14eb-1a66-4ea5-8a0f-0afbda444403,a44ac118-9116-4389-8818-4c51a5707237,7f026a09-09c3-47c9-8631-56ec9aa9ad19,,2025-07-31 05:27:56,2025-07-31 05:27:56,
d1085aa6-dfcb-4abe-8f9e-41b656c29261,bf996092-8d66-408a-8d8e-5065ca3330c2,ada6015d-9fce-4f2c-b20f-fc9122d2face,2c6fd58c-0015-4587-9624-16496f5e8b65,1fea1b38-f648-4c42-a6a7-e45b271e1764,,2025-05-08 06:23:38,2025-05-08 12:14:42,2025-05-08 12:14:42
7cb5a981-255c-47c9-b39c-4fca668285fa,bf996092-8d66-408a-8d8e-5065ca3330c2,ada6015d-9fce-4f2c-b20f-fc9122d2face,fc99f0fb-f5e4-430f-b380-686cc72b9d92,1fea1b38-f648-4c42-a6a7-e45b271e1764,,2025-05-08 06:24:19,2025-05-08 06:27:05,2025-05-08 06:27:05
4c5a25d2-f668-4194-93a9-453009a18541,bf996092-8d66-408a-8d8e-5065ca3330c2,ada6015d-9fce-4f2c-b20f-fc9122d2face,fc99f0fb-f5e4-430f-b380-686cc72b9d92,dd0dd4fa-ee23-41f1-b3a1-4502f482d64e,,2025-05-08 06:27:05,2025-05-08 06:27:05,
0ab51420-97c9-4f5d-84fc-bff2be4e5f07,bf996092-8d66-408a-8d8e-5065ca3330c2,967e785d-d83c-490b-8d6a-2ed926c956ac,d530364d-9540-4be3-95fa-453ed45fd29b,0c8212ea-b043-4b6f-b4f9-478f29a8df30,,2025-05-08 12:01:30,2025-05-08 12:01:30,
70a9ec26-9a8a-413a-997f-1c4e29ba772a,bf996092-8d66-408a-8d8e-5065ca3330c2,967e785d-d83c-490b-8d6a-2ed926c956ac,32e28ce7-c251-40f7-9641-09ed267768d5,0c8212ea-b043-4b6f-b4f9-478f29a8df30,,2025-05-08 12:01:39,2025-05-08 12:01:39,
31c246ab-6520-4b27-9019-e3f887a14287,bf996092-8d66-408a-8d8e-5065ca3330c2,967e785d-d83c-490b-8d6a-2ed926c956ac,b7904de1-c1c8-4253-b8bb-90d7834d5fa7,0c8212ea-b043-4b6f-b4f9-478f29a8df30,,2025-05-08 12:01:50,2025-05-08 12:01:50,
5e91f538-8721-453c-a483-ec9c69dd0562,bf996092-8d66-408a-8d8e-5065ca3330c2,967e785d-d83c-490b-8d6a-2ed926c956ac,c409c3fd-b9fd-4851-aa15-73bd3289973c,0c8212ea-b043-4b6f-b4f9-478f29a8df30,,2025-05-08 12:01:59,2025-05-08 12:01:59,
09a6d936-0cb4-4e79-b21b-8da5d5c73b52,bf996092-8d66-408a-8d8e-5065ca3330c2,967e785d-d83c-490b-8d6a-2ed926c956ac,e3db4f25-65e5-45d3-8fc4-6b0e8170db2b,0c8212ea-b043-4b6f-b4f9-478f29a8df30,,2025-05-08 12:02:16,2025-05-08 12:02:16,
be03b425-79f1-4203-a089-07c8598a265b,bf996092-8d66-408a-8d8e-5065ca3330c2,967e785d-d83c-490b-8d6a-2ed926c956ac,41a70b6e-5a3a-4360-961c-5a9ae1f7431f,0c8212ea-b043-4b6f-b4f9-478f29a8df30,,2025-05-08 12:02:29,2025-05-08 12:02:29,
068ecb35-73e9-4490-8824-61beca983a07,bf996092-8d66-408a-8d8e-5065ca3330c2,967e785d-d83c-490b-8d6a-2ed926c956ac,49d1e124-886f-4482-81e2-a622aed84183,0c8212ea-b043-4b6f-b4f9-478f29a8df30,,2025-05-08 12:03:06,2025-05-08 12:03:06,
502ea92c-80fa-491c-8084-3fb5d6a2268b,bf996092-8d66-408a-8d8e-5065ca3330c2,967e785d-d83c-490b-8d6a-2ed926c956ac,d2138328-a66d-4244-a5fd-90f159c5ab77,0c8212ea-b043-4b6f-b4f9-478f29a8df30,,2025-05-08 12:03:36,2025-05-08 12:03:36,
370cf864-f509-41d3-91a7-a6171a898463,bf996092-8d66-408a-8d8e-5065ca3330c2,967e785d-d83c-490b-8d6a-2ed926c956ac,33d0c9b8-f8f6-4353-8fd1-70434b3de110,0c8212ea-b043-4b6f-b4f9-478f29a8df30,,2025-05-08 12:02:08,2025-05-08 12:02:08,
3998fa39-d387-4e80-9090-e604587a1e31,bf996092-8d66-408a-8d8e-5065ca3330c2,967e785d-d83c-490b-8d6a-2ed926c956ac,68cb0703-2888-48a0-b08b-7b10b9c62c02,0c8212ea-b043-4b6f-b4f9-478f29a8df30,,2025-05-08 12:03:12,2025-05-08 12:03:12,
53798023-e3fc-4056-9d94-fa6b3a8544e1,bf996092-8d66-408a-8d8e-5065ca3330c2,ada6015d-9fce-4f2c-b20f-fc9122d2face,0e6e8728-81c9-449e-ab5e-0a48913d9044,70b6aa60-2cd1-45ab-ae19-c9e552a8d66e,,2025-04-24 09:41:29,2025-04-24 09:41:29,
454293aa-4748-425d-9110-343cfaffbc9f,bf996092-8d66-408a-8d8e-5065ca3330c2,ada6015d-9fce-4f2c-b20f-fc9122d2face,483bd66b-7dfd-42ce-81d6-ba6e7acafbf4,f76c28cb-19a8-4836-8450-8a919a9d5536,,2025-04-24 09:41:29,2025-04-24 09:41:29,
8eb0aa88-3b13-4c42-9603-0295b50f4441,bf996092-8d66-408a-8d8e-5065ca3330c2,ada6015d-9fce-4f2c-b20f-fc9122d2face,1816811d-82d6-4874-8dea-2f7095532ac6,5f5d6a91-86c6-4a61-9d19-220eddf83e8a,,2025-04-24 09:39:24,2025-04-24 09:39:24,
525abd49-9b18-4101-b133-cd3fe05bd17f,bf996092-8d66-408a-8d8e-5065ca3330c2,ada6015d-9fce-4f2c-b20f-fc9122d2face,e028d1d3-ab65-48e3-a754-a1c809e1e0d1,0229bffd-1401-4226-9046-e5f63f41fc22,,2025-04-24 09:39:00,2025-04-24 09:39:00,
4e85ab9d-06e3-432a-b577-6a611e338d9c,bf996092-8d66-408a-8d8e-5065ca3330c2,e9b596f2-48ee-419b-a199-da304b38c398,92cdc4a1-d6f4-49b4-8bf9-9c4700eb4371,84b5f795-9bc8-4653-b368-1fb1a023b6c0,,2025-06-12 08:47:47,2025-06-12 08:47:47,
b5f1a41b-0539-4b23-9169-a4b24b999f20,bf996092-8d66-408a-8d8e-5065ca3330c2,e9b596f2-48ee-419b-a199-da304b38c398,92cdc4a1-d6f4-49b4-8bf9-9c4700eb4371,aa738ff3-609f-485b-bb5e-ff02a4928345,,2025-06-12 08:47:48,2025-06-12 08:47:48,
98778621-9b74-4e56-a56a-77f484d29729,bf996092-8d66-408a-8d8e-5065ca3330c2,e9b596f2-48ee-419b-a199-da304b38c398,f7ff3d17-6dd6-4a9f-bc03-dbdb9919aea0,95c04a65-9c7e-454a-9d20-6f85f02fe98e,,2025-06-12 08:48:46,2025-06-12 08:48:46,
d9ea2df0-1d9b-411a-8737-cfc6a3c62814,bf996092-8d66-408a-8d8e-5065ca3330c2,e9b596f2-48ee-419b-a199-da304b38c398,f7ff3d17-6dd6-4a9f-bc03-dbdb9919aea0,a07b7d0f-1765-48a0-95ad-dc9c74f27fc6,,2025-06-12 08:48:46,2025-06-12 08:48:46,
62a55aa8-0685-4a1b-ab43-38f295c42f6c,bf996092-8d66-408a-8d8e-5065ca3330c2,e9b596f2-48ee-419b-a199-da304b38c398,a364e395-6719-4d8a-9752-83de324de3dc,95c04a65-9c7e-454a-9d20-6f85f02fe98e,,2025-06-12 08:49:02,2025-06-12 08:49:02,
25c5e0fd-1581-4e9d-beb2-514ab88399ed,bf996092-8d66-408a-8d8e-5065ca3330c2,e9b596f2-48ee-419b-a199-da304b38c398,a364e395-6719-4d8a-9752-83de324de3dc,a07b7d0f-1765-48a0-95ad-dc9c74f27fc6,,2025-06-12 08:49:02,2025-06-12 08:49:02,
2c50d104-2acb-4733-a670-d9d4a8d8f240,bf996092-8d66-408a-8d8e-5065ca3330c2,e9b596f2-48ee-419b-a199-da304b38c398,084c261a-0dfc-4042-a06a-b717e4fa8138,e1cd64b9-b995-45d3-bb2e-34a742cf0b3c,,2025-06-12 08:46:06,2025-06-12 08:46:06,
4260e66f-48f9-4739-a2d5-7045bafed3dd,bf996092-8d66-408a-8d8e-5065ca3330c2,e9b596f2-48ee-419b-a199-da304b38c398,b4dbb7ac-5f07-4e40-ab6d-3b8c0649e169,3b034b1d-f506-4afd-8083-6bc0cba6d6fd,,2025-06-12 08:45:34,2025-06-12 08:45:34,
bab7cca2-54b6-48ab-83dc-8d9126d86ae7,bf996092-8d66-408a-8d8e-5065ca3330c2,e9b596f2-48ee-419b-a199-da304b38c398,b4dbb7ac-5f07-4e40-ab6d-3b8c0649e169,95c04a65-9c7e-454a-9d20-6f85f02fe98e,,2025-06-12 08:40:38,2025-06-12 08:45:35,2025-06-12 08:45:35
e6101170-c980-48c1-a08a-74ba8ecb56f2,bf996092-8d66-408a-8d8e-5065ca3330c2,e9b596f2-48ee-419b-a199-da304b38c398,fb41a36f-ee24-4945-98ea-dff373dd3719,6cbd16eb-893e-47ff-af08-aef8cc5ff40f,,2025-06-12 08:51:33,2025-06-12 08:51:33,
6069999d-dd49-45d4-861f-8a8fc51edbf8,bf996092-8d66-408a-8d8e-5065ca3330c2,e9b596f2-48ee-419b-a199-da304b38c398,fb41a36f-ee24-4945-98ea-dff373dd3719,10218dcc-d615-400e-87fe-0100456003bb,,2025-06-12 08:51:34,2025-06-12 08:51:34,
24e787f7-68e9-4757-9e51-209e19495a34,bf996092-8d66-408a-8d8e-5065ca3330c2,e9b596f2-48ee-419b-a199-da304b38c398,e9b1bdbb-5f02-4ad5-bb80-81f78c82081e,071ca873-ef56-4a22-ac08-07da0ce9da5c,,2025-07-03 06:04:14,2025-07-03 06:04:14,
c0146d7f-f776-4b39-a15a-0ab43a9fb797,bf996092-8d66-408a-8d8e-5065ca3330c2,e9b596f2-48ee-419b-a199-da304b38c398,e9b1bdbb-5f02-4ad5-bb80-81f78c82081e,9f803fcd-7029-4012-a103-25eb6ac15d67,,2025-07-03 06:04:14,2025-07-03 06:04:14,
f8a70076-e00e-46b2-8fab-43aa5ca05cbe,bf996092-8d66-408a-8d8e-5065ca3330c2,e9b596f2-48ee-419b-a199-da304b38c398,31933773-4fc4-4f9b-912e-3f2927e86bd5,9f803fcd-7029-4012-a103-25eb6ac15d67,,2025-07-03 06:04:14,2025-07-03 06:04:14,
fcd35235-c71a-4feb-9932-3096d01573c6,bf996092-8d66-408a-8d8e-5065ca3330c2,e9b596f2-48ee-419b-a199-da304b38c398,31933773-4fc4-4f9b-912e-3f2927e86bd5,071ca873-ef56-4a22-ac08-07da0ce9da5c,,2025-07-03 06:04:14,2025-07-03 06:04:14,
88a7468a-4cc3-41d1-8f2b-8531c56800b4,bf996092-8d66-408a-8d8e-5065ca3330c2,e9b596f2-48ee-419b-a199-da304b38c398,b1e322ba-bda1-4bd6-9e25-9de9766cbe7a,071ca873-ef56-4a22-ac08-07da0ce9da5c,,2025-07-03 06:04:14,2025-07-03 06:04:14,
f7ce53d5-98ab-48bf-8f9f-4db8bd413af0,bf996092-8d66-408a-8d8e-5065ca3330c2,e9b596f2-48ee-419b-a199-da304b38c398,b1e322ba-bda1-4bd6-9e25-9de9766cbe7a,9f803fcd-7029-4012-a103-25eb6ac15d67,,2025-07-03 06:04:14,2025-07-03 06:04:14,
301013a8-68ff-45d5-aa23-06cd82b5b781,bf996092-8d66-408a-8d8e-5065ca3330c2,e9b596f2-48ee-419b-a199-da304b38c398,ae2a5733-144b-4a15-8610-28e7379ee70d,071ca873-ef56-4a22-ac08-07da0ce9da5c,,2025-07-03 06:04:14,2025-07-03 06:04:14,
e30a7ae3-be80-45e9-90cd-6484c15beb95,bf996092-8d66-408a-8d8e-5065ca3330c2,e9b596f2-48ee-419b-a199-da304b38c398,ae2a5733-144b-4a15-8610-28e7379ee70d,e8c55565-5519-48db-81c0-f2d30c686c10,,2025-07-03 06:04:14,2025-07-03 06:04:14,
33fb115e-8291-4e8e-afd8-821a3283c77d,bf996092-8d66-408a-8d8e-5065ca3330c2,e9b596f2-48ee-419b-a199-da304b38c398,ae2a5733-144b-4a15-8610-28e7379ee70d,9f803fcd-7029-4012-a103-25eb6ac15d67,,2025-07-03 06:04:14,2025-07-03 06:04:14,
c1e3ff84-495e-4e06-b636-41b533871a82,bf996092-8d66-408a-8d8e-5065ca3330c2,e9b596f2-48ee-419b-a199-da304b38c398,e457d28c-d02e-40fe-b271-191a56d8ef04,2d3abb86-1dd7-44e3-83c1-d755fe0e5227,,2025-07-03 06:04:14,2025-07-03 06:04:14,
bb569e4b-f7f7-4dcb-a403-03a5a6fdff8c,bf996092-8d66-408a-8d8e-5065ca3330c2,e9b596f2-48ee-419b-a199-da304b38c398,e457d28c-d02e-40fe-b271-191a56d8ef04,adca0e1a-3996-4fa0-8b4d-a165236a46cc,,2025-07-03 06:04:14,2025-07-03 06:04:14,
1ec90f60-08c2-4172-8215-b6d383bbbf2f,bf996092-8d66-408a-8d8e-5065ca3330c2,e9b596f2-48ee-419b-a199-da304b38c398,b4f0b7dc-bda5-47ec-9bbc-17ff20e10c48,adca0e1a-3996-4fa0-8b4d-a165236a46cc,,2025-07-03 06:04:14,2025-07-03 06:04:14,
b8416a43-9e74-4e10-a3ed-4b8766b07310,bf996092-8d66-408a-8d8e-5065ca3330c2,e9b596f2-48ee-419b-a199-da304b38c398,b4f0b7dc-bda5-47ec-9bbc-17ff20e10c48,2d3abb86-1dd7-44e3-83c1-d755fe0e5227,,2025-07-03 06:04:14,2025-07-03 06:04:14,
1155109b-3673-4c23-8b6d-6c7594e25468,bf996092-8d66-408a-8d8e-5065ca3330c2,e9b596f2-48ee-419b-a199-da304b38c398,33af8008-6b32-4354-8515-473cf0da1328,2d3abb86-1dd7-44e3-83c1-d755fe0e5227,,2025-07-03 06:18:58,2025-07-03 06:18:58,
e6eb8fb8-3d69-4c8e-908f-433ff8947e17,bf996092-8d66-408a-8d8e-5065ca3330c2,e9b596f2-48ee-419b-a199-da304b38c398,ec1df4cb-60b0-4ca3-bf33-040fdfbd7663,2d3abb86-1dd7-44e3-83c1-d755fe0e5227,,2025-07-03 06:16:05,2025-07-03 06:16:05,
ac9d74ef-4d31-4b22-944d-9920144b2dc1,bf996092-8d66-408a-8d8e-5065ca3330c2,e9b596f2-48ee-419b-a199-da304b38c398,ec1df4cb-60b0-4ca3-bf33-040fdfbd7663,adca0e1a-3996-4fa0-8b4d-a165236a46cc,,2025-07-03 06:16:06,2025-07-03 06:16:06,
23000f24-c37f-4341-b2e1-bb92b40b01f1,bf996092-8d66-408a-8d8e-5065ca3330c2,e9b596f2-48ee-419b-a199-da304b38c398,61977730-e014-4ce0-97d3-0ab766d86d69,2d3abb86-1dd7-44e3-83c1-d755fe0e5227,,2025-07-03 06:35:27,2025-07-03 06:38:01,2025-07-03 06:38:01
f01b9676-eaf1-4704-bf47-ad991732e40e,bf996092-8d66-408a-8d8e-5065ca3330c2,e9b596f2-48ee-419b-a199-da304b38c398,0ec3734e-487b-4dda-bc98-4f895c0a9f82,0e2424c7-cb00-49c0-91f1-496b9c0f6b4d,,2025-07-03 06:04:14,2025-07-03 06:04:14,
f6a36edb-2f5b-477f-8fde-00d8d96484f2,bf996092-8d66-408a-8d8e-5065ca3330c2,e9b596f2-48ee-419b-a199-da304b38c398,0ec3734e-487b-4dda-bc98-4f895c0a9f82,49c6e904-338c-47e0-bccb-e8db0f841394,,2025-07-03 06:04:14,2025-07-03 06:04:14,
f33f0c0a-c2e3-483a-8baf-b0e08a8e63d5,bf996092-8d66-408a-8d8e-5065ca3330c2,e9b596f2-48ee-419b-a199-da304b38c398,0bc640b7-df44-45ba-ad04-09ecb8f35236,0e2424c7-cb00-49c0-91f1-496b9c0f6b4d,,2025-07-03 06:40:54,2025-07-03 06:40:54,
d621310c-3d4d-4551-90e4-152ff6846f99,bf996092-8d66-408a-8d8e-5065ca3330c2,e9b596f2-48ee-419b-a199-da304b38c398,0bc640b7-df44-45ba-ad04-09ecb8f35236,49c6e904-338c-47e0-bccb-e8db0f841394,,2025-07-03 06:40:54,2025-07-03 06:40:54,
bd287c9e-f3de-406f-b610-7edab1cb221e,bf996092-8d66-408a-8d8e-5065ca3330c2,e9b596f2-48ee-419b-a199-da304b38c398,8aff96f4-41ff-4582-81a2-579505cade24,49c6e904-338c-47e0-bccb-e8db0f841394,,2025-07-03 06:39:24,2025-07-03 06:39:24,
7de3817f-0576-43fe-91c0-4421a7bfc1e8,bf996092-8d66-408a-8d8e-5065ca3330c2,e9b596f2-48ee-419b-a199-da304b38c398,8aff96f4-41ff-4582-81a2-579505cade24,0e2424c7-cb00-49c0-91f1-496b9c0f6b4d,,2025-07-03 06:39:25,2025-07-03 06:39:25,
e09e8c03-0678-4510-9ae0-7055ddb785c7,bf996092-8d66-408a-8d8e-5065ca3330c2,e9b596f2-48ee-419b-a199-da304b38c398,f778f511-e884-45c2-b0f0-9707389e7032,e1fa1d0e-35c8-4bfe-a8f4-63e9bacd197f,,2025-07-03 06:04:14,2025-07-03 06:04:14,
ceccc23b-1ced-4f01-9415-aafe587f4bb6,bf996092-8d66-408a-8d8e-5065ca3330c2,e9b596f2-48ee-419b-a199-da304b38c398,a1cdbce3-cd54-4082-99c8-2dd046ff5630,e8c55565-5519-48db-81c0-f2d30c686c10,,2025-07-03 06:04:14,2025-07-03 06:04:14,
6a139da1-ae7e-420e-bd60-e9eab4fe6576,bf996092-8d66-408a-8d8e-5065ca3330c2,e9b596f2-48ee-419b-a199-da304b38c398,a1cdbce3-cd54-4082-99c8-2dd046ff5630,28aff12d-f59e-4e1a-b7b8-9507bbed5657,,2025-07-03 06:04:14,2025-07-03 06:04:14,
3b4de531-f157-4480-8d9b-c33fb74172f0,bf996092-8d66-408a-8d8e-5065ca3330c2,f679f4cf-c089-4a2b-9b84-b14129630601,63cd4337-c91b-466e-87f4-fcd4a3ac042c,b4c8e506-3803-489e-9ba1-b41a27aa1aab,,2025-08-28 11:08:59,2025-08-28 11:08:59,
d05da4ba-4305-48e0-b3d1-d6b0ca5b7745,bf996092-8d66-408a-8d8e-5065ca3330c2,f679f4cf-c089-4a2b-9b84-b14129630601,614db48e-de03-41bc-92bd-13c78fdbd211,faa29f49-2d3e-42d9-b6d6-4153080cafab,,2025-08-28 11:08:59,2025-08-28 11:08:59,
91b1f334-6f25-466c-87bf-5b0c1b755421,bf996092-8d66-408a-8d8e-5065ca3330c2,f679f4cf-c089-4a2b-9b84-b14129630601,a67aab64-3695-4871-8600-61a01ad2ff1e,3924b477-b77d-45c3-a22c-41c318ca9c5d,,2025-08-28 11:08:59,2025-08-28 11:08:59,
43bb4bcc-9b8f-4a7a-bad2-934ce2de5da4,bf996092-8d66-408a-8d8e-5065ca3330c2,f6ab14eb-1a66-4ea5-8a0f-0afbda444403,807681ee-dc5b-495e-9b0c-68d7acf3b991,0a5108bf-3518-4a84-a31d-24240a641de0,,2025-08-28 11:48:49,2025-08-28 11:48:49,
a2687f33-2a28-443b-a126-82134bce17ab,bf996092-8d66-408a-8d8e-5065ca3330c2,f6ab14eb-1a66-4ea5-8a0f-0afbda444403,343cb788-2a52-42a1-8fc3-bbc688b50ae2,0a5108bf-3518-4a84-a31d-24240a641de0,,2025-08-28 11:54:58,2025-08-28 11:54:58,
5fd86cfd-9643-4aed-9961-b953a2fd89fd,bf996092-8d66-408a-8d8e-5065ca3330c2,ada6015d-9fce-4f2c-b20f-fc9122d2face,8092c201-0115-4cde-9d8e-ebd11a91dad9,23b4531e-259a-4ab6-be69-596d5f402379,,2025-04-03 10:50:47,2025-04-03 10:52:58,2025-04-03 10:52:58
6b2f8bc4-bedb-475a-88d5-c9a01fcf821f,bf996092-8d66-408a-8d8e-5065ca3330c2,f6ab14eb-1a66-4ea5-8a0f-0afbda444403,b5093c13-63c9-4ab1-8f85-d22c6d9c0cb6,210b3942-016a-4d60-9165-b010e6880df4,,2025-07-31 11:04:32,2025-07-31 11:04:32,
ff2611ac-1a9c-4448-8b11-e8107dcd0198,bf996092-8d66-408a-8d8e-5065ca3330c2,f6ab14eb-1a66-4ea5-8a0f-0afbda444403,c1088f2a-2b20-4f8c-937e-55cb3979c1f4,210b3942-016a-4d60-9165-b010e6880df4,,2025-07-31 11:10:29,2025-07-31 11:10:29,
6483d7a9-01a7-466f-8d5d-92d7b0b9eaf1,bf996092-8d66-408a-8d8e-5065ca3330c2,f6ab14eb-1a66-4ea5-8a0f-0afbda444403,874d3e2f-0dff-44a1-b72a-206974e96bb8,a1545e54-34af-4757-9fb1-3c6ab2b4d624,,2025-07-31 11:04:32,2025-07-31 11:04:32,
9a52f4ab-a9c1-4e1e-adc7-06119be5d9c5,bf996092-8d66-408a-8d8e-5065ca3330c2,f6ab14eb-1a66-4ea5-8a0f-0afbda444403,24304d98-0bc3-4cef-afd0-d5d4ec877ec7,a1545e54-34af-4757-9fb1-3c6ab2b4d624,,2025-07-31 11:08:30,2025-07-31 11:08:30,
4da4b62f-e752-4504-8510-b5b9a4f57834,bf996092-8d66-408a-8d8e-5065ca3330c2,f6ab14eb-1a66-4ea5-8a0f-0afbda444403,718b0b9f-e5bc-493b-877d-a26e60f06dae,a1545e54-34af-4757-9fb1-3c6ab2b4d624,,2025-07-31 11:07:16,2025-07-31 11:07:16,
9157125a-7736-4743-8289-8723cc627d8a,bf996092-8d66-408a-8d8e-5065ca3330c2,ada6015d-9fce-4f2c-b20f-fc9122d2face,d5eb26d9-ae74-4282-b4a5-512ecc84497a,c7282705-9231-42e5-9488-596e4d883c4a,,2025-08-01 10:30:19,2025-08-01 10:30:19,
2e340757-cebb-4ee9-968f-9a5944837170,bf996092-8d66-408a-8d8e-5065ca3330c2,ada6015d-9fce-4f2c-b20f-fc9122d2face,7eca0987-6021-4cd2-80e3-4106d50eb410,ec89b678-8d25-4ca9-8c72-bd39e3fbeb02,,2025-08-01 10:30:29,2025-08-01 10:30:29,
c5c5e862-9c6c-49a4-9db6-30d2b6663c0e,bf996092-8d66-408a-8d8e-5065ca3330c2,ada6015d-9fce-4f2c-b20f-fc9122d2face,3423de44-a9fb-4827-9933-fa365e370697,731869e3-950b-451e-9ff8-e052dbf84336,,2025-08-01 10:34:09,2025-08-01 10:34:09,
179eee84-f1ca-430f-b475-03650836c033,bf996092-8d66-408a-8d8e-5065ca3330c2,ada6015d-9fce-4f2c-b20f-fc9122d2face,e4c4ae72-fbab-46c3-ab95-f74a1dd23155,3145fe55-dc0b-4962-9cfb-985a03949060,,2025-08-01 10:34:09,2025-08-01 10:34:09,
2c05cbc7-cab5-446b-9195-9b667b85f2c5,bf996092-8d66-408a-8d8e-5065ca3330c2,f679f4cf-c089-4a2b-9b84-b14129630601,1971bf04-e65c-4e11-bbe9-64994c29b8e5,eef8869e-855e-49de-bccd-56eabce016b4,,2025-08-21 10:25:43,2025-08-21 10:25:43,
02515f9a-1d20-4a6d-9306-e7f8e55079fe,bf996092-8d66-408a-8d8e-5065ca3330c2,f679f4cf-c089-4a2b-9b84-b14129630601,48873d4f-efb1-4532-b379-d39f36d66ffb,eef8869e-855e-49de-bccd-56eabce016b4,,2025-08-21 10:25:43,2025-08-21 10:25:43,
cfb030c3-b975-4f32-a93c-7f5a3cf1649f,bf996092-8d66-408a-8d8e-5065ca3330c2,f679f4cf-c089-4a2b-9b84-b14129630601,cf2e9f3f-92e9-48a4-aee2-64f6dc0637de,9205d42f-1c54-43fe-bd38-c1153fdbeb99,,2025-08-21 10:25:43,2025-08-21 10:25:43,
abbc42f4-7a55-4545-88c3-8d830965e5ea,bf996092-8d66-408a-8d8e-5065ca3330c2,f679f4cf-c089-4a2b-9b84-b14129630601,fe975154-4800-4518-b26b-0efdb80dff2b,c356d66c-b34d-42aa-8a90-fd48d4885a82,,2025-08-21 10:25:43,2025-08-21 10:25:43,
0ae36fe6-1c30-4517-bedd-28355c817bfb,bf996092-8d66-408a-8d8e-5065ca3330c2,f679f4cf-c089-4a2b-9b84-b14129630601,353de30f-2c8c-4a37-b10d-c1d99e5f3879,c356d66c-b34d-42aa-8a90-fd48d4885a82,,2025-08-21 10:27:50,2025-08-21 10:27:50,
1931c596-adb7-40b8-8f42-e2b848ee5e15,bf996092-8d66-408a-8d8e-5065ca3330c2,f679f4cf-c089-4a2b-9b84-b14129630601,5e7b1da3-92fe-49df-97e9-98d31c679f54,3e7c9506-e37c-4669-974d-1cc7bd173c2d,,2025-08-21 10:33:14,2025-08-21 10:33:14,
abb3c6a6-bab0-40bd-b084-1b9c80e1b743,bf996092-8d66-408a-8d8e-5065ca3330c2,e9b596f2-48ee-419b-a199-da304b38c398,2d7fd5da-82b2-4fa3-bb64-4dc7a7d4617f,f8f04b7e-d4d9-4d57-9cb1-3b6b199b96d8,,2025-06-12 11:42:07,2025-06-12 11:43:27,2025-06-12 11:43:27
7dc56c06-5168-44f1-a408-4263f2d50563,bf996092-8d66-408a-8d8e-5065ca3330c2,e9b596f2-48ee-419b-a199-da304b38c398,7c3ff9cb-79b3-412b-a409-f1d646f06349,2d9ebade-4aff-450a-ac40-8ad8b7cadcf4,,2025-07-17 08:35:29,2025-07-17 08:35:29,
a394c471-ab83-4666-9374-b0331dde50cc,bf996092-8d66-408a-8d8e-5065ca3330c2,e9b596f2-48ee-419b-a199-da304b38c398,7c3ff9cb-79b3-412b-a409-f1d646f06349,f087d405-b70c-487b-bbb7-623cfc19e81f,,2025-07-17 08:35:29,2025-07-17 08:35:29,
b96acbd4-654f-4752-8013-ba5bfdbaf262,bf996092-8d66-408a-8d8e-5065ca3330c2,e9b596f2-48ee-419b-a199-da304b38c398,9f0e2602-cef7-43c5-8f57-733728479294,f087d405-b70c-487b-bbb7-623cfc19e81f,,2025-07-17 08:35:29,2025-07-17 08:35:29,
271f395f-79ca-4c98-8478-9a67378d5992,bf996092-8d66-408a-8d8e-5065ca3330c2,e9b596f2-48ee-419b-a199-da304b38c398,9f0e2602-cef7-43c5-8f57-733728479294,2d9ebade-4aff-450a-ac40-8ad8b7cadcf4,,2025-07-17 08:35:29,2025-07-17 08:35:29,
d89e0e6b-cb5d-4b68-9aab-19d189230ad7,bf996092-8d66-408a-8d8e-5065ca3330c2,e9b596f2-48ee-419b-a199-da304b38c398,c2a5ef13-bc6f-45ca-8bc8-f1822f21fee0,51becfcb-940c-4857-9894-2c6e903c96a6,,2025-07-17 08:35:29,2025-07-17 08:58:08,2025-07-17 08:58:08
828a5a72-bd1b-4b47-9373-276cb4f76fa4,bf996092-8d66-408a-8d8e-5065ca3330c2,e9b596f2-48ee-419b-a199-da304b38c398,bcab6a3f-6a24-4980-ae1d-c01adac9582f,cd4af488-621f-4baa-8851-16bb7f43fdfb,,2025-07-17 08:35:29,2025-07-17 08:35:29,
68cf96de-dbda-426b-824e-8455fb54f7c4,bf996092-8d66-408a-8d8e-5065ca3330c2,e9b596f2-48ee-419b-a199-da304b38c398,bcab6a3f-6a24-4980-ae1d-c01adac9582f,d886d84b-0e84-4673-afb6-519e2e234f5a,,2025-07-17 08:35:29,2025-07-17 08:35:29,
9a60c18a-56ad-4fc3-a362-f75e2d4b447a,bf996092-8d66-408a-8d8e-5065ca3330c2,e9b596f2-48ee-419b-a199-da304b38c398,2dce924b-8532-4298-b9b7-2dfffe37454c,63b959ed-62fd-4e76-8424-0c4ebfc30bf1,,2025-07-17 08:43:48,2025-07-17 08:43:48,
7132d1fa-7771-431f-8f85-8e3bd3ecd9bf,bf996092-8d66-408a-8d8e-5065ca3330c2,e9b596f2-48ee-419b-a199-da304b38c398,2dce924b-8532-4298-b9b7-2dfffe37454c,d886d84b-0e84-4673-afb6-519e2e234f5a,,2025-07-17 08:43:48,2025-07-17 08:43:48,
a4551204-9817-4d2f-9e88-be65aee3a238,bf996092-8d66-408a-8d8e-5065ca3330c2,e9b596f2-48ee-419b-a199-da304b38c398,299c86d3-eec4-4492-aaa7-a4ac3e32e36e,cf5a8e8b-a301-4747-908a-c082473be27f,,2025-07-17 08:35:29,2025-07-17 08:35:29,
d343f8d0-1ec7-4241-9d1f-c646da92d809,bf996092-8d66-408a-8d8e-5065ca3330c2,e9b596f2-48ee-419b-a199-da304b38c398,3fe09935-2625-48e1-9cda-b7f91f3aedc6,cf5a8e8b-a301-4747-908a-c082473be27f,,2025-07-17 08:46:49,2025-07-17 08:46:49,
ab5a37bd-ae8d-4c66-84fc-94f6d5b7db5b,bf996092-8d66-408a-8d8e-5065ca3330c2,e9b596f2-48ee-419b-a199-da304b38c398,16fac6da-0eea-4abf-b9d3-f3d625cc3f26,cf5a8e8b-a301-4747-908a-c082473be27f,,2025-07-17 08:35:29,2025-07-17 08:35:29,
5aebc0dd-2a00-4663-b455-12516d2e8fc7,bf996092-8d66-408a-8d8e-5065ca3330c2,e9b596f2-48ee-419b-a199-da304b38c398,16fac6da-0eea-4abf-b9d3-f3d625cc3f26,fc817bd5-8ad5-41a0-8f71-538d38614514,,2025-07-17 08:35:29,2025-07-17 08:47:58,2025-07-17 08:47:58
95240804-a959-4409-b78c-aeff97d1a6a6,bf996092-8d66-408a-8d8e-5065ca3330c2,e9b596f2-48ee-419b-a199-da304b38c398,f906a6ef-7b52-4da1-bff0-5f1f042ba4ef,fe411ac6-5c5e-473e-9efb-7e64602527cc,,2025-07-17 08:35:29,2025-07-17 08:58:03,2025-07-17 08:58:03
f1ae2cde-eabc-4a05-b5e8-71bbd94090a2,bf996092-8d66-408a-8d8e-5065ca3330c2,e9b596f2-48ee-419b-a199-da304b38c398,f906a6ef-7b52-4da1-bff0-5f1f042ba4ef,30de5dc1-f750-4f55-9ced-c6f9dcb1442f,,2025-07-17 08:35:29,2025-07-17 08:58:03,2025-07-17 08:58:03
4c94fdb7-955e-4e70-a71c-9dc295bddbff,bf996092-8d66-408a-8d8e-5065ca3330c2,e9b596f2-48ee-419b-a199-da304b38c398,f906a6ef-7b52-4da1-bff0-5f1f042ba4ef,d886d84b-0e84-4673-afb6-519e2e234f5a,,2025-07-17 08:35:29,2025-07-17 08:58:03,2025-07-17 08:58:03
a09329e4-3f72-4108-83bf-104f587d8834,bf996092-8d66-408a-8d8e-5065ca3330c2,e9b596f2-48ee-419b-a199-da304b38c398,c13d3520-e9d1-4988-8627-3091b5bd33a7,fe411ac6-5c5e-473e-9efb-7e64602527cc,,2025-07-17 08:55:01,2025-07-17 08:55:01,
f5069aab-752b-4eb8-850e-2566657df43c,bf996092-8d66-408a-8d8e-5065ca3330c2,e9b596f2-48ee-419b-a199-da304b38c398,c13d3520-e9d1-4988-8627-3091b5bd33a7,30de5dc1-f750-4f55-9ced-c6f9dcb1442f,,2025-07-17 08:55:01,2025-07-17 08:55:01,
8c6c883a-f166-4089-a5fd-1b643b9731f1,bf996092-8d66-408a-8d8e-5065ca3330c2,f6ab14eb-1a66-4ea5-8a0f-0afbda444403,1006b343-f99c-449b-951f-69c45af686d0,e8119582-30a8-4318-9a99-d84bc2cfa60d,,2025-07-18 12:00:29,2025-07-18 12:00:29,
69dda8ad-dde0-4669-8820-71958016e054,bf996092-8d66-408a-8d8e-5065ca3330c2,f6ab14eb-1a66-4ea5-8a0f-0afbda444403,4e756d28-edbb-49aa-b450-41b0dabee9ee,e8119582-30a8-4318-9a99-d84bc2cfa60d,,2025-07-18 12:00:29,2025-07-18 12:00:29,
a6a06115-6346-44f9-97f0-e9436436a38f,bf996092-8d66-408a-8d8e-5065ca3330c2,f6ab14eb-1a66-4ea5-8a0f-0afbda444403,efb92c37-1f80-4a4b-80d2-53b2cdf2c036,e8119582-30a8-4318-9a99-d84bc2cfa60d,,2025-07-18 12:27:50,2025-07-18 12:28:20,2025-07-18 12:28:20
4c0c976a-049a-4f58-ad65-218dec8f0674,bf996092-8d66-408a-8d8e-5065ca3330c2,f6ab14eb-1a66-4ea5-8a0f-0afbda444403,64f20d67-16b7-477d-aa51-1b49e0d93df8,a9858180-8bfd-47ad-8d08-d33094d2a671,,2025-07-18 12:22:24,2025-07-18 12:22:24,
c0925655-c3f9-4ac4-acaa-c21d75fa9522,bf996092-8d66-408a-8d8e-5065ca3330c2,f6ab14eb-1a66-4ea5-8a0f-0afbda444403,ea5ba342-6ef5-447e-8502-0f36617cc2db,d8819fca-9bd4-4c3f-a06b-a0ce658daade,,2025-07-18 12:17:55,2025-07-18 12:17:55,
1884ce3c-3c7a-448e-8f98-d078e1a384a8,bf996092-8d66-408a-8d8e-5065ca3330c2,f6ab14eb-1a66-4ea5-8a0f-0afbda444403,0fac17eb-4c90-4841-9ad2-acf7466e64d3,d8819fca-9bd4-4c3f-a06b-a0ce658daade,,2025-07-18 12:26:21,2025-07-18 12:26:21,
fad941b7-f2ff-4785-b5a4-a5ab3b5dcb53,bf996092-8d66-408a-8d8e-5065ca3330c2,f6ab14eb-1a66-4ea5-8a0f-0afbda444403,75f35a31-3bfe-4566-9c19-05c94b172587,4e8fee30-800b-4f0c-84f4-8291ba879df1,,2025-06-19 11:54:17,2025-06-19 11:54:17,
3e819ec7-c93a-4b03-814d-8a158d5c46e7,bf996092-8d66-408a-8d8e-5065ca3330c2,f6ab14eb-1a66-4ea5-8a0f-0afbda444403,8383eeed-e7e7-4ef9-a170-a6655f664887,4e8fee30-800b-4f0c-84f4-8291ba879df1,,2025-06-19 12:05:41,2025-06-19 12:05:41,
07183606-355e-4237-b0b6-2d29d3088f1d,bf996092-8d66-408a-8d8e-5065ca3330c2,f6ab14eb-1a66-4ea5-8a0f-0afbda444403,fa332643-2bca-4d45-a473-d4aae40c2178,4e8fee30-800b-4f0c-84f4-8291ba879df1,,2025-06-19 11:54:17,2025-06-19 11:54:17,
adf02bf4-6475-4776-bb14-ed37d34c8447,bf996092-8d66-408a-8d8e-5065ca3330c2,f6ab14eb-1a66-4ea5-8a0f-0afbda444403,33bb083a-bdfd-4394-b38e-0c9f466326dc,f98165eb-18d8-4b19-ac8d-73cfb3362470,,2025-06-19 11:54:17,2025-06-19 11:54:17,
ee7cc2c4-2a81-47e3-9cfb-8fdc29a4b5e4,bf996092-8d66-408a-8d8e-5065ca3330c2,f6ab14eb-1a66-4ea5-8a0f-0afbda444403,30522071-c031-4d26-9933-3bba15323b7f,10099aee-6ef9-4461-a5de-8453a0320183,,2025-06-19 11:54:17,2025-06-19 11:54:17,
e5c3bedd-0696-4774-867d-103638176fc4,bf996092-8d66-408a-8d8e-5065ca3330c2,f6ab14eb-1a66-4ea5-8a0f-0afbda444403,b2da6d9f-125d-4572-abc1-9c8d49e5d31e,10099aee-6ef9-4461-a5de-8453a0320183,,2025-06-19 12:01:02,2025-06-19 12:01:02,
685b4419-9b62-4f96-9da7-da0d9a7c46ae,bf996092-8d66-408a-8d8e-5065ca3330c2,f6ab14eb-1a66-4ea5-8a0f-0afbda444403,7575488b-b16b-42f7-b446-c03776cffc53,10099aee-6ef9-4461-a5de-8453a0320183,,2025-06-19 12:02:23,2025-06-19 12:02:23,
090afa24-cb1c-415f-b58e-0ba22983362b,bf996092-8d66-408a-8d8e-5065ca3330c2,f6ab14eb-1a66-4ea5-8a0f-0afbda444403,819c5292-558b-4b7b-af11-b53c7b0f2ea3,10099aee-6ef9-4461-a5de-8453a0320183,,2025-06-19 11:54:17,2025-06-19 11:54:17,
d5e03b9d-ce16-4f5c-a275-74afb512b9f8,bf996092-8d66-408a-8d8e-5065ca3330c2,f6ab14eb-1a66-4ea5-8a0f-0afbda444403,47ecd745-32e3-4a0d-a46e-621dfb9eb149,091b4fe7-2cb6-4da9-9da6-edb7ae34100e,,2025-08-28 11:48:49,2025-08-28 11:48:49,
84a40d0b-39d5-400c-bf50-c263d918db51,bf996092-8d66-408a-8d8e-5065ca3330c2,f6ab14eb-1a66-4ea5-8a0f-0afbda444403,b53b1437-87e5-47a5-ad6b-da6b7119051c,091b4fe7-2cb6-4da9-9da6-edb7ae34100e,,2025-08-28 11:56:13,2025-08-28 11:56:13,
