id,bim360_account_id,bim360_project_id,review_document_id,created_by,status,text,created_at,updated_at,deleted_at,round_num
3678352,bf996092-8d66-408a-8d8e-5065ca3330c2,ada6015d-9fce-4f2c-b20f-fc9122d2face,2b33739a-ab04-4049-8e75-69799b8708a0,H4J29KZBMAKAE737,submitted,check roofing,2025-04-19 06:39:38.854,2025-04-19 06:39:38.854,,1
3678356,bf996092-8d66-408a-8d8e-5065ca3330c2,23142979-9fb6-4fd3-bd82-62d7e0add75f,5779e621-bd92-4ceb-b8ad-bd290c4c55af,S8W2PRCHQXETHD6D,submitted,plz check,2025-04-19 07:07:49.742,2025-04-19 07:07:49.742,,1
3765960,bf996092-8d66-408a-8d8e-5065ca3330c2,23142979-9fb6-4fd3-bd82-62d7e0add75f,7eb29853-7e04-4ca8-a645-ae04fe068418,HGDJ7CYFKNB85P3J,submitted,ok,2025-05-14 10:10:27.283,2025-05-14 10:10:27.283,,1
3765961,bf996092-8d66-408a-8d8e-5065ca3330c2,23142979-9fb6-4fd3-bd82-62d7e0add75f,121f6ba4-39d8-45f6-b57b-2047bffe4584,HGDJ7CYFKNB85P3J,submitted,ok,2025-05-14 10:10:33.874,2025-05-14 10:10:33.874,,1
3766051,bf996092-8d66-408a-8d8e-5065ca3330c2,23142979-9fb6-4fd3-bd82-62d7e0add75f,3dcabe41-472c-452f-b448-cd6255e65b4c,HGDJ7CYFKNB85P3J,submitted,Pls select the publish folder,2025-05-14 10:27:40.807,2025-05-14 10:27:40.807,,1
3766052,bf996092-8d66-408a-8d8e-5065ca3330c2,23142979-9fb6-4fd3-bd82-62d7e0add75f,9cadc5fe-db5e-479a-be37-5f5bf305bfa2,HGDJ7CYFKNB85P3J,submitted,Pls select the publish folder,2025-05-14 10:27:40.807,2025-05-14 10:27:40.807,,1
3938468,bf996092-8d66-408a-8d8e-5065ca3330c2,f6ab14eb-1a66-4ea5-8a0f-0afbda444403,13718c46-26f7-488f-ad96-238ea8d8cb2e,S762NMGBKUB423MM,submitted,Comments shared on Mail,2025-07-04 12:47:53.252,2025-07-04 12:47:53.252,,1
3938469,bf996092-8d66-408a-8d8e-5065ca3330c2,f6ab14eb-1a66-4ea5-8a0f-0afbda444403,22477c0f-ecd2-4093-8b7d-95728d338729,S762NMGBKUB423MM,submitted,Comments shared on Mail,2025-07-04 12:47:53.252,2025-07-04 12:47:53.252,,1
3938470,bf996092-8d66-408a-8d8e-5065ca3330c2,f6ab14eb-1a66-4ea5-8a0f-0afbda444403,0aec4de2-b6e4-48a0-b12d-55baa5672666,S762NMGBKUB423MM,submitted,Comments shared on Mail,2025-07-04 12:47:53.252,2025-07-04 12:47:53.252,,1
3938471,bf996092-8d66-408a-8d8e-5065ca3330c2,f6ab14eb-1a66-4ea5-8a0f-0afbda444403,47358130-2031-4f99-8aff-712198aeedbc,S762NMGBKUB423MM,submitted,Comments shared on Mail,2025-07-04 12:47:53.252,2025-07-04 12:47:53.252,,1
3938472,bf996092-8d66-408a-8d8e-5065ca3330c2,f6ab14eb-1a66-4ea5-8a0f-0afbda444403,79ce8d1a-f7f2-4a4e-9667-2e17a2f75ed2,S762NMGBKUB423MM,submitted,Comments shared on Mail,2025-07-04 12:47:53.252,2025-07-04 12:47:53.252,,1
3938473,bf996092-8d66-408a-8d8e-5065ca3330c2,f6ab14eb-1a66-4ea5-8a0f-0afbda444403,3c9d0e33-084d-4184-bf1f-33c0aec18493,S762NMGBKUB423MM,submitted,Comments shared on Mail,2025-07-04 12:47:53.252,2025-07-04 12:47:53.252,,1
3938488,bf996092-8d66-408a-8d8e-5065ca3330c2,f6ab14eb-1a66-4ea5-8a0f-0afbda444403,db81889f-e9ef-4973-90c0-e7b546dd0526,S762NMGBKUB423MM,submitted,Comments shared on Mail,2025-07-04 12:49:52.843,2025-07-04 12:49:52.843,,1
3938489,bf996092-8d66-408a-8d8e-5065ca3330c2,f6ab14eb-1a66-4ea5-8a0f-0afbda444403,ddcf2d4c-3133-4e93-9d74-b93fa013294e,S762NMGBKUB423MM,submitted,Comments shared on Mail,2025-07-04 12:49:52.843,2025-07-04 12:49:52.843,,1
3938490,bf996092-8d66-408a-8d8e-5065ca3330c2,f6ab14eb-1a66-4ea5-8a0f-0afbda444403,1ac34c0a-18f0-4823-bf83-f610b0403eef,S762NMGBKUB423MM,submitted,Comments shared on Mail,2025-07-04 12:49:52.843,2025-07-04 12:49:52.843,,1
3938491,bf996092-8d66-408a-8d8e-5065ca3330c2,f6ab14eb-1a66-4ea5-8a0f-0afbda444403,0bc658cc-a460-4f30-917f-6e2e5117c3e4,S762NMGBKUB423MM,submitted,Comments shared on Mail,2025-07-04 12:49:52.843,2025-07-04 12:49:52.843,,1
3938492,bf996092-8d66-408a-8d8e-5065ca3330c2,f6ab14eb-1a66-4ea5-8a0f-0afbda444403,c36d1916-9747-4c7e-954c-3f99d18fdade,S762NMGBKUB423MM,submitted,Comments shared on Mail,2025-07-04 12:49:52.843,2025-07-04 12:49:52.843,,1
3938493,bf996092-8d66-408a-8d8e-5065ca3330c2,f6ab14eb-1a66-4ea5-8a0f-0afbda444403,389a5364-1c0e-416f-8d90-5c946ddd5a00,S762NMGBKUB423MM,submitted,Comments shared on Mail,2025-07-04 12:49:52.843,2025-07-04 12:49:52.843,,1
3938494,bf996092-8d66-408a-8d8e-5065ca3330c2,f6ab14eb-1a66-4ea5-8a0f-0afbda444403,2e5c37e2-2cc5-43d9-96f6-120734fb0822,S762NMGBKUB423MM,submitted,Comments shared on Mail,2025-07-04 12:49:52.843,2025-07-04 12:49:52.843,,1
3938495,bf996092-8d66-408a-8d8e-5065ca3330c2,f6ab14eb-1a66-4ea5-8a0f-0afbda444403,bc1a1c00-2095-43b5-af76-b5174ae3c18b,S762NMGBKUB423MM,submitted,Comments shared on Mail,2025-07-04 12:49:52.843,2025-07-04 12:49:52.843,,1
3938496,bf996092-8d66-408a-8d8e-5065ca3330c2,f6ab14eb-1a66-4ea5-8a0f-0afbda444403,65a84cc9-8a6f-4326-bc46-7c0935ad8492,S762NMGBKUB423MM,submitted,Comments shared on Mail,2025-07-04 12:49:52.843,2025-07-04 12:49:52.843,,1
3938497,bf996092-8d66-408a-8d8e-5065ca3330c2,f6ab14eb-1a66-4ea5-8a0f-0afbda444403,68886e74-3655-4e93-be47-faaf0fc3d5fe,S762NMGBKUB423MM,submitted,Comments shared on Mail,2025-07-04 12:49:52.843,2025-07-04 12:49:52.843,,1
3938498,bf996092-8d66-408a-8d8e-5065ca3330c2,f6ab14eb-1a66-4ea5-8a0f-0afbda444403,466f7b54-6376-4fcd-b9dc-d58f0f11714e,S762NMGBKUB423MM,submitted,Comments shared on Mail,2025-07-04 12:49:52.843,2025-07-04 12:49:52.843,,1
3938499,bf996092-8d66-408a-8d8e-5065ca3330c2,f6ab14eb-1a66-4ea5-8a0f-0afbda444403,81f4c8cd-dd8e-4500-a69f-829545bd8f6f,S762NMGBKUB423MM,submitted,Comments shared on Mail,2025-07-04 12:49:52.843,2025-07-04 12:49:52.843,,1
3938500,bf996092-8d66-408a-8d8e-5065ca3330c2,f6ab14eb-1a66-4ea5-8a0f-0afbda444403,7f5ae1eb-e872-465a-b35e-fb69ed342e9d,S762NMGBKUB423MM,submitted,Comments shared on Mail,2025-07-04 12:49:52.843,2025-07-04 12:49:52.843,,1
3938501,bf996092-8d66-408a-8d8e-5065ca3330c2,f6ab14eb-1a66-4ea5-8a0f-0afbda444403,f03f1614-afec-4856-8600-2c4575648aad,S762NMGBKUB423MM,submitted,Comments shared on Mail,2025-07-04 12:49:52.843,2025-07-04 12:49:52.843,,1
3938502,bf996092-8d66-408a-8d8e-5065ca3330c2,f6ab14eb-1a66-4ea5-8a0f-0afbda444403,8f50ec9d-cb8c-497b-bdb2-dba564ef6d7c,S762NMGBKUB423MM,submitted,Comments shared on Mail,2025-07-04 12:49:52.843,2025-07-04 12:49:52.843,,1
3938503,bf996092-8d66-408a-8d8e-5065ca3330c2,f6ab14eb-1a66-4ea5-8a0f-0afbda444403,f095a7e7-a833-4929-ae94-5d0876cb5ed3,S762NMGBKUB423MM,submitted,Comments shared on Mail,2025-07-04 12:49:52.843,2025-07-04 12:49:52.843,,1
3938504,bf996092-8d66-408a-8d8e-5065ca3330c2,f6ab14eb-1a66-4ea5-8a0f-0afbda444403,6ea03393-d24a-47b5-a416-59e1e081e817,S762NMGBKUB423MM,submitted,Comments shared on Mail,2025-07-04 12:49:52.843,2025-07-04 12:49:52.843,,1
3938505,bf996092-8d66-408a-8d8e-5065ca3330c2,f6ab14eb-1a66-4ea5-8a0f-0afbda444403,a9f434e2-bf87-49a4-a537-073da5a1f57c,S762NMGBKUB423MM,submitted,Comments shared on Mail,2025-07-04 12:49:52.843,2025-07-04 12:49:52.843,,1
3938506,bf996092-8d66-408a-8d8e-5065ca3330c2,f6ab14eb-1a66-4ea5-8a0f-0afbda444403,5e3efee5-47a0-4a19-b454-865db51fcc96,S762NMGBKUB423MM,submitted,Comments shared on Mail,2025-07-04 12:49:52.843,2025-07-04 12:49:52.843,,1
3938507,bf996092-8d66-408a-8d8e-5065ca3330c2,f6ab14eb-1a66-4ea5-8a0f-0afbda444403,238c6428-0920-4506-a793-191193cfdb6d,S762NMGBKUB423MM,submitted,Comments shared on Mail,2025-07-04 12:49:52.843,2025-07-04 12:49:52.843,,1
3938508,bf996092-8d66-408a-8d8e-5065ca3330c2,f6ab14eb-1a66-4ea5-8a0f-0afbda444403,e2ed5137-631f-4f7e-a352-9fcbd48bd42b,S762NMGBKUB423MM,submitted,Comments shared on Mail,2025-07-04 12:49:52.843,2025-07-04 12:49:52.843,,1
3938509,bf996092-8d66-408a-8d8e-5065ca3330c2,f6ab14eb-1a66-4ea5-8a0f-0afbda444403,d6952ff5-b222-4ad6-8446-f5e8d2e0974c,S762NMGBKUB423MM,submitted,Comments shared on Mail,2025-07-04 12:49:52.843,2025-07-04 12:49:52.843,,1
3938510,bf996092-8d66-408a-8d8e-5065ca3330c2,f6ab14eb-1a66-4ea5-8a0f-0afbda444403,a45ef7f1-f6cc-42e9-86a2-fc0737a2e39e,S762NMGBKUB423MM,submitted,Comments shared on Mail,2025-07-04 12:49:52.843,2025-07-04 12:49:52.843,,1
3938511,bf996092-8d66-408a-8d8e-5065ca3330c2,f6ab14eb-1a66-4ea5-8a0f-0afbda444403,c1a3c720-f441-4260-b921-2acd2b456862,S762NMGBKUB423MM,submitted,Comments shared on Mail,2025-07-04 12:49:52.843,2025-07-04 12:49:52.843,,1
3938512,bf996092-8d66-408a-8d8e-5065ca3330c2,f6ab14eb-1a66-4ea5-8a0f-0afbda444403,f0abcd8d-6356-4f26-8e31-6b233f35d651,S762NMGBKUB423MM,submitted,Comments shared on Mail,2025-07-04 12:49:52.843,2025-07-04 12:49:52.843,,1
3938513,bf996092-8d66-408a-8d8e-5065ca3330c2,f6ab14eb-1a66-4ea5-8a0f-0afbda444403,11e0a4e3-3f27-4916-b675-2c4bf1e3597b,S762NMGBKUB423MM,submitted,Comments shared on Mail,2025-07-04 12:49:52.843,2025-07-04 12:49:52.843,,1
3938514,bf996092-8d66-408a-8d8e-5065ca3330c2,f6ab14eb-1a66-4ea5-8a0f-0afbda444403,e46f6461-80d7-4f29-a888-601008088760,S762NMGBKUB423MM,submitted,Comments shared on Mail,2025-07-04 12:49:52.843,2025-07-04 12:49:52.843,,1
3938515,bf996092-8d66-408a-8d8e-5065ca3330c2,f6ab14eb-1a66-4ea5-8a0f-0afbda444403,06d2a596-8f8b-4bdc-9448-df3ba4c7080d,S762NMGBKUB423MM,submitted,Comments shared on Mail,2025-07-04 12:49:52.843,2025-07-04 12:49:52.843,,1
3938516,bf996092-8d66-408a-8d8e-5065ca3330c2,f6ab14eb-1a66-4ea5-8a0f-0afbda444403,aa097847-2fc4-404a-834e-d87858c786d9,S762NMGBKUB423MM,submitted,Comments shared on Mail,2025-07-04 12:49:52.843,2025-07-04 12:49:52.843,,1
3938517,bf996092-8d66-408a-8d8e-5065ca3330c2,f6ab14eb-1a66-4ea5-8a0f-0afbda444403,f6de42c2-bd14-46c5-893c-69669271df61,S762NMGBKUB423MM,submitted,Comments shared on Mail,2025-07-04 12:49:52.843,2025-07-04 12:49:52.843,,1
3938524,bf996092-8d66-408a-8d8e-5065ca3330c2,f6ab14eb-1a66-4ea5-8a0f-0afbda444403,7ae6a99f-5249-46d9-88c5-ab7466f4cfd7,S762NMGBKUB423MM,submitted,Comments shared on Mail,2025-07-04 12:50:52.465,2025-07-04 12:50:52.465,,1
3938525,bf996092-8d66-408a-8d8e-5065ca3330c2,f6ab14eb-1a66-4ea5-8a0f-0afbda444403,78a3af69-9bdc-4097-a647-5ab2bebf1ef4,S762NMGBKUB423MM,submitted,Comments shared on Mail,2025-07-04 12:50:52.465,2025-07-04 12:50:52.465,,1
3938526,bf996092-8d66-408a-8d8e-5065ca3330c2,f6ab14eb-1a66-4ea5-8a0f-0afbda444403,dfdbe678-25d4-4297-ab32-2e97f1b82547,S762NMGBKUB423MM,submitted,Comments shared on Mail,2025-07-04 12:50:52.465,2025-07-04 12:50:52.465,,1
3938527,bf996092-8d66-408a-8d8e-5065ca3330c2,f6ab14eb-1a66-4ea5-8a0f-0afbda444403,78bbc411-e1ba-4531-87c5-9dca45d8d282,S762NMGBKUB423MM,submitted,Comments shared on Mail,2025-07-04 12:50:52.465,2025-07-04 12:50:52.465,,1
3938528,bf996092-8d66-408a-8d8e-5065ca3330c2,f6ab14eb-1a66-4ea5-8a0f-0afbda444403,8ea7bf0b-cbe7-4804-8654-71473bc7494f,S762NMGBKUB423MM,submitted,Comments shared on Mail,2025-07-04 12:50:52.465,2025-07-04 12:50:52.465,,1
3938529,bf996092-8d66-408a-8d8e-5065ca3330c2,f6ab14eb-1a66-4ea5-8a0f-0afbda444403,a32697bb-7f52-4167-a84a-feb11306d85e,S762NMGBKUB423MM,submitted,Comments shared on Mail,2025-07-04 12:50:52.465,2025-07-04 12:50:52.465,,1
3938530,bf996092-8d66-408a-8d8e-5065ca3330c2,f6ab14eb-1a66-4ea5-8a0f-0afbda444403,580f70a9-f213-4477-ae47-ff57f6e60125,S762NMGBKUB423MM,submitted,Comments shared on Mail,2025-07-04 12:50:52.465,2025-07-04 12:50:52.465,,1
3938531,bf996092-8d66-408a-8d8e-5065ca3330c2,f6ab14eb-1a66-4ea5-8a0f-0afbda444403,bded5ab5-3d87-4412-a93d-a6ff0b634639,S762NMGBKUB423MM,submitted,Comments shared on Mail,2025-07-04 12:50:52.465,2025-07-04 12:50:52.465,,1
3938532,bf996092-8d66-408a-8d8e-5065ca3330c2,f6ab14eb-1a66-4ea5-8a0f-0afbda444403,24d2e05e-b9b4-436e-912d-020cc9971f3a,S762NMGBKUB423MM,submitted,Comments shared on Mail,2025-07-04 12:50:52.465,2025-07-04 12:50:52.465,,1
3938533,bf996092-8d66-408a-8d8e-5065ca3330c2,f6ab14eb-1a66-4ea5-8a0f-0afbda444403,90608daa-ee35-4781-a953-17df22ae7c70,S762NMGBKUB423MM,submitted,Comments shared on Mail,2025-07-04 12:50:52.465,2025-07-04 12:50:52.465,,1
3960890,bf996092-8d66-408a-8d8e-5065ca3330c2,f679f4cf-c089-4a2b-9b84-b14129630601,c6483857-d46d-4f11-bd8c-d2ff32c63453,FM42EJFZPNC5F3HF,submitted,Not is CBM's Scope.,2025-07-11 05:38:31.23,2025-07-11 05:38:31.23,,1
3960891,bf996092-8d66-408a-8d8e-5065ca3330c2,f679f4cf-c089-4a2b-9b84-b14129630601,7ff146b0-7e96-4bca-93f8-ffa8c6744d91,FM42EJFZPNC5F3HF,submitted,Not is CBM's Scope.,2025-07-11 05:38:31.23,2025-07-11 05:38:31.23,,1
3962346,bf996092-8d66-408a-8d8e-5065ca3330c2,f6ab14eb-1a66-4ea5-8a0f-0afbda444403,0a4f9b3d-6e95-4285-b93b-b22eed83a190,NXBJU9KZRN2LR6EX,submitted,Report is not correct,2025-07-11 13:06:04.182,2025-07-11 13:06:04.182,,1
3962357,bf996092-8d66-408a-8d8e-5065ca3330c2,f6ab14eb-1a66-4ea5-8a0f-0afbda444403,98f93be5-9fe2-4e03-9362-ef646de98139,NXBJU9KZRN2LR6EX,submitted,Report is submitted previosly,2025-07-11 13:07:19.079,2025-07-11 13:07:19.079,,1
3962383,bf996092-8d66-408a-8d8e-5065ca3330c2,f6ab14eb-1a66-4ea5-8a0f-0afbda444403,e3b3eb4d-f4cc-45bb-9b56-5d2abb3258e7,NXBJU9KZRN2LR6EX,submitted,Report submitted previosly,2025-07-11 13:10:07.806,2025-07-11 13:10:07.806,,1
3962388,bf996092-8d66-408a-8d8e-5065ca3330c2,f6ab14eb-1a66-4ea5-8a0f-0afbda444403,3a13b3b2-cee5-4519-8d4e-4963ba0a981c,NXBJU9KZRN2LR6EX,submitted,report submitted previosly,2025-07-11 13:10:50.171,2025-07-11 13:10:50.171,,1
4045576,bf996092-8d66-408a-8d8e-5065ca3330c2,23142979-9fb6-4fd3-bd82-62d7e0add75f,cf9c603f-9412-45d7-acea-92198c6b1f11,S8W2PRCHQXETHD6D,submitted,Kindly confirm the tunnel location as mark in the dwg,2025-08-05 04:56:14.634,2025-08-05 04:56:14.634,,1
4047205,bf996092-8d66-408a-8d8e-5065ca3330c2,967e785d-d83c-490b-8d6a-2ed926c956ac,3e834b4b-c98a-48e2-8ea5-ec9f3721d409,C6Z2RETEN3MN8XZF,submitted,excavation qty. is not correct so change it,2025-08-05 10:52:56.771,2025-08-05 10:52:56.771,,1
4058646,bf996092-8d66-408a-8d8e-5065ca3330c2,2f551e7d-05e6-4bfc-8ee1-0ef3a8487c11,d98c46c5-d80c-4468-80c5-4ba1f3d3faf2,VM52VJACLXDVGKG6,submitted,The comments provided in the Excel log appear to have been addressed in these drawings,2025-08-08 07:20:00.261,2025-08-08 07:20:00.261,,1
4058647,bf996092-8d66-408a-8d8e-5065ca3330c2,2f551e7d-05e6-4bfc-8ee1-0ef3a8487c11,360fc8b5-7851-4e7e-9b15-bfa6340078e5,VM52VJACLXDVGKG6,submitted,The comments provided in the Excel log appear to have been addressed in these drawings,2025-08-08 07:20:04.272,2025-08-08 07:20:04.272,,1
4058648,bf996092-8d66-408a-8d8e-5065ca3330c2,2f551e7d-05e6-4bfc-8ee1-0ef3a8487c11,93fdad24-b358-465c-afc6-ec0f5006e974,VM52VJACLXDVGKG6,submitted,The comments provided in the Excel log appear to have been addressed in these drawings,2025-08-08 07:20:07.74,2025-08-08 07:20:07.74,,1
4058631,bf996092-8d66-408a-8d8e-5065ca3330c2,2f551e7d-05e6-4bfc-8ee1-0ef3a8487c11,47a9aa87-8cee-47ab-9302-8aff734519d0,VM52VJACLXDVGKG6,submitted,The comments provided in the Excel log appear to have been addressed in these drawings,2025-08-08 07:13:30.17,2025-08-08 07:13:30.17,2025-08-08 07:18:16.406,1
4058633,bf996092-8d66-408a-8d8e-5065ca3330c2,2f551e7d-05e6-4bfc-8ee1-0ef3a8487c11,fe67effb-229c-4dbb-8c87-8f77a71a57fa,VM52VJACLXDVGKG6,submitted,The comments provided in the Excel log appear to have been addressed in these drawings,2025-08-08 07:13:42.479,2025-08-08 07:13:42.479,2025-08-08 07:18:11.875,1
4058634,bf996092-8d66-408a-8d8e-5065ca3330c2,2f551e7d-05e6-4bfc-8ee1-0ef3a8487c11,b5f4aa53-4247-4b4a-84b6-7ed4d434f170,VM52VJACLXDVGKG6,submitted,The comments provided in the Excel log appear to have been addressed in these drawings,2025-08-08 07:13:48.518,2025-08-08 07:13:48.518,2025-08-08 07:18:07.525,1
4058971,bf996092-8d66-408a-8d8e-5065ca3330c2,f679f4cf-c089-4a2b-9b84-b14129630601,53a36e8e-7210-4663-ba80-a7b4a54c0a52,NTHFQB8P8X3C,submitted,Section -16 Sunken width should be 500 same as plan  ,2025-08-08 09:06:04.773,2025-08-08 09:06:04.773,,2
4076796,bf996092-8d66-408a-8d8e-5065ca3330c2,2f551e7d-05e6-4bfc-8ee1-0ef3a8487c11,5b77609c-97d2-4ec4-ac64-67435442a60d,VM52VJACLXDVGKG6,submitted,"All comments mentioned in the Excel log, except comment #18, have been incorporated in the latest drawings. Comment #18 will be addressed by PICE once the combined roof model is prepared.",2025-08-14 09:07:23.753,2025-08-14 09:22:38.127,,2
4076855,bf996092-8d66-408a-8d8e-5065ca3330c2,2f551e7d-05e6-4bfc-8ee1-0ef3a8487c11,01a98f11-ed09-4ae2-8b56-c6464e448dbf,VM52VJACLXDVGKG6,submitted,"All comments mentioned in the Excel log, except comment #18, have been incorporated in the latest drawings. Comment #18 will be addressed by PICE once the combined roof model is prepared.",2025-08-14 09:21:46.478,2025-08-14 09:22:22.202,,2
4120077,bf996092-8d66-408a-8d8e-5065ca3330c2,f679f4cf-c089-4a2b-9b84-b14129630601,ae9fab91-dd98-4173-936c-9556253554b7,NTHFQB8P8X3C,submitted,It is ok for GFC,2025-08-27 11:54:27.546,2025-08-27 11:54:27.546,,3
4120078,bf996092-8d66-408a-8d8e-5065ca3330c2,f679f4cf-c089-4a2b-9b84-b14129630601,8397d499-26be-4f03-aad9-c4217e667719,NTHFQB8P8X3C,submitted,Please attend observation as mentioned earlier.,2025-08-27 11:54:27.546,2025-08-27 11:54:27.546,,3
4120079,bf996092-8d66-408a-8d8e-5065ca3330c2,f679f4cf-c089-4a2b-9b84-b14129630601,e3217fd9-0387-4b88-8023-3eac94116f60,NTHFQB8P8X3C,submitted,Please attend observation as mentioned earlier.,2025-08-27 11:54:27.546,2025-08-27 11:54:27.546,,3
3689174,bf996092-8d66-408a-8d8e-5065ca3330c2,ada6015d-9fce-4f2c-b20f-fc9122d2face,a70d409d-3b37-4cbc-a21a-4b22a315fb42,V9Q2X946QA52XTJG,submitted,Please check markups provided on the file,2025-04-23 06:26:16.66,2025-04-23 06:26:16.66,,1
3727300,bf996092-8d66-408a-8d8e-5065ca3330c2,ada6015d-9fce-4f2c-b20f-fc9122d2face,39dc5f9a-ebb7-462e-b500-17e3753530df,V9Q2X946QA52XTJG,submitted,Please check the highlighted area and markups,2025-05-02 07:10:32.363,2025-05-02 07:10:32.363,,1
3733332,bf996092-8d66-408a-8d8e-5065ca3330c2,ada6015d-9fce-4f2c-b20f-fc9122d2face,8b654a7f-7868-4c9e-90b0-6079cc49ee83,V9Q2X946QA52XTJG,submitted,pls check,2025-05-05 10:58:04.208,2025-05-05 10:58:04.208,,2
3733333,bf996092-8d66-408a-8d8e-5065ca3330c2,ada6015d-9fce-4f2c-b20f-fc9122d2face,14e270d0-4b5b-4524-8af2-49de5e1e322c,V9Q2X946QA52XTJG,submitted,pls check,2025-05-05 10:58:04.208,2025-05-05 10:58:04.208,,2
3552848,bf996092-8d66-408a-8d8e-5065ca3330c2,ada6015d-9fce-4f2c-b20f-fc9122d2face,d155ad61-a3f6-4021-99d9-3f38cb447e1b,Z3429E4KRUPBNHD4,submitted,"Check Clouded portion, but OK to proceed",2025-03-12 06:02:32.072,2025-03-12 06:02:32.072,,1
3552850,bf996092-8d66-408a-8d8e-5065ca3330c2,ada6015d-9fce-4f2c-b20f-fc9122d2face,d155ad61-a3f6-4021-99d9-3f38cb447e1b,Z3429E4KRUPBNHD4,submitted,OK proceed,2025-03-12 06:02:56.953,2025-03-12 06:02:56.953,,1
3552852,bf996092-8d66-408a-8d8e-5065ca3330c2,ada6015d-9fce-4f2c-b20f-fc9122d2face,d155ad61-a3f6-4021-99d9-3f38cb447e1b,Z3429E4KRUPBNHD4,submitted,PRoceed,2025-03-12 06:03:20.022,2025-03-12 06:03:20.022,,1
3553730,bf996092-8d66-408a-8d8e-5065ca3330c2,ada6015d-9fce-4f2c-b20f-fc9122d2face,b6bfd054-baf1-4fdf-92cc-5cc722e31993,QNTJJ3CVR726KX4Z,submitted,Ref. The comments marked in Drawings,2025-03-12 10:12:00.998,2025-03-12 10:12:00.998,,1
3553742,bf996092-8d66-408a-8d8e-5065ca3330c2,ada6015d-9fce-4f2c-b20f-fc9122d2face,b6bfd054-baf1-4fdf-92cc-5cc722e31993,Z3429E4KRUPBNHD4,submitted,OK Proceed,2025-03-12 10:17:20.526,2025-03-12 10:17:20.526,,1
3553748,bf996092-8d66-408a-8d8e-5065ca3330c2,ada6015d-9fce-4f2c-b20f-fc9122d2face,b6bfd054-baf1-4fdf-92cc-5cc722e31993,Z3429E4KRUPBNHD4,submitted,OK,2025-03-12 10:17:46.9,2025-03-12 10:17:46.9,,1
3644091,bf996092-8d66-408a-8d8e-5065ca3330c2,23142979-9fb6-4fd3-bd82-62d7e0add75f,024eb84d-2b7a-46a9-8549-6d146d6bdb9e,S8W2PRCHQXETHD6D,submitted,"As discussed, please update and resend",2025-04-09 05:53:05.428,2025-04-09 05:53:05.428,,1
3894567,bf996092-8d66-408a-8d8e-5065ca3330c2,ada6015d-9fce-4f2c-b20f-fc9122d2face,e0f06cad-398d-442d-b7c5-64774a573f37,V9Q2X946QA52XTJG,submitted,Please check the comments,2025-06-21 09:06:59.265,2025-06-21 09:06:59.265,,1
3914026,bf996092-8d66-408a-8d8e-5065ca3330c2,f679f4cf-c089-4a2b-9b84-b14129630601,e688f304-445c-4f18-b7e1-7ad9a47bfb3a,3NGJNZCXN8PBNTRV,submitted,Please update title with date.,2025-06-27 06:06:03.621,2025-06-27 06:06:03.621,,1
4036628,bf996092-8d66-408a-8d8e-5065ca3330c2,967e785d-d83c-490b-8d6a-2ed926c956ac,b5a324b2-46d1-4b70-837e-678968b3d0cb,C6Z2RETEN3MN8XZF,submitted,reload in shared folder,2025-08-01 10:47:15.723,2025-08-01 10:47:15.723,,1
4036659,bf996092-8d66-408a-8d8e-5065ca3330c2,967e785d-d83c-490b-8d6a-2ed926c956ac,7cd915dd-373a-4642-9b04-16f493879664,C6Z2RETEN3MN8XZF,submitted,again send with correct flow,2025-08-01 11:00:18.872,2025-08-01 11:00:18.872,,1
4073608,bf996092-8d66-408a-8d8e-5065ca3330c2,f6ab14eb-1a66-4ea5-8a0f-0afbda444403,119c0a4d-0cc6-41a1-afd6-9f156ffd7706,NXBJU9KZRN2LR6EX,submitted,11 AUG REPORT ALREADY SUBMITTED,2025-08-13 13:03:41.555,2025-08-13 13:03:41.555,,1
4076069,bf996092-8d66-408a-8d8e-5065ca3330c2,f679f4cf-c089-4a2b-9b84-b14129630601,9ac9b578-cfc6-44a9-a67c-3ae962c24501,3NGJNZCXN8PBNTRV,submitted,Correct the Anchor Labour,2025-08-14 05:11:26.57,2025-08-14 05:11:26.57,,1
4088794,bf996092-8d66-408a-8d8e-5065ca3330c2,f6ab14eb-1a66-4ea5-8a0f-0afbda444403,d1bb4ddf-5832-4016-baf2-f9e3e8cef319,NXBJU9KZRN2LR6EX,submitted,DATE IN DPR IS NOT CORRECT,2025-08-19 04:49:42.873,2025-08-19 04:49:42.873,,1
4109055,bf996092-8d66-408a-8d8e-5065ca3330c2,f6ab14eb-1a66-4ea5-8a0f-0afbda444403,7c2fee99-ed0f-4419-ae67-22f6794312b9,NXBJU9KZRN2LR6EX,submitted,Already submitted,2025-08-25 13:33:59.23,2025-08-25 13:33:59.23,,1
4109060,bf996092-8d66-408a-8d8e-5065ca3330c2,f6ab14eb-1a66-4ea5-8a0f-0afbda444403,b762a452-7696-4685-96e8-ad0a7fde7097,NXBJU9KZRN2LR6EX,submitted,Already submitted,2025-08-25 13:34:53.032,2025-08-25 13:34:53.032,,1
4109079,bf996092-8d66-408a-8d8e-5065ca3330c2,f6ab14eb-1a66-4ea5-8a0f-0afbda444403,6de372eb-e07f-4972-8204-30cd4bc9d75e,NXBJU9KZRN2LR6EX,submitted,Data entry is incorrect,2025-08-25 13:38:17.6,2025-08-25 13:38:17.6,,1
4109096,bf996092-8d66-408a-8d8e-5065ca3330c2,f6ab14eb-1a66-4ea5-8a0f-0afbda444403,b8b6236c-8dad-46de-83f8-0f394e8ec098,NXBJU9KZRN2LR6EX,submitted,Data enter is wrong,2025-08-25 13:40:12.83,2025-08-25 13:40:12.83,,1
4109110,bf996092-8d66-408a-8d8e-5065ca3330c2,f6ab14eb-1a66-4ea5-8a0f-0afbda444403,afde616f-414b-4ad7-b0a4-5433f43531a2,NXBJU9KZRN2LR6EX,submitted,data entered is wrong,2025-08-25 13:40:56.076,2025-08-25 13:40:56.076,,1
4111041,bf996092-8d66-408a-8d8e-5065ca3330c2,2f551e7d-05e6-4bfc-8ee1-0ef3a8487c11,f7adfd42-41f0-4220-ad18-120a08c3d7b8,VM52VJACLXDVGKG6,submitted,Kindly refer excel log uploaded on following path: https://acc.autodesk.com/docs/files/projects/2f551e7d-05e6-4bfc-8ee1-0ef3a8487c11?folderUrn=urn%3Aadsk.wipprod%3Afs.folder%3Aco.rNHJGExmRCK8Tql1L23IQw&entityId=urn%3Aadsk.wipprod%3Adm.lineage%3AN2UHEuXVRbKlnm4vF3Jybg&viewModel=detail&moduleId=folders,2025-08-26 04:33:09.792,2025-08-26 04:33:09.792,,1
4111042,bf996092-8d66-408a-8d8e-5065ca3330c2,2f551e7d-05e6-4bfc-8ee1-0ef3a8487c11,77bcf16f-de13-4cd0-a5f4-c08062bd7926,VM52VJACLXDVGKG6,submitted,Kindly refer excel log uploaded on following path: https://acc.autodesk.com/docs/files/projects/2f551e7d-05e6-4bfc-8ee1-0ef3a8487c11?folderUrn=urn%3Aadsk.wipprod%3Afs.folder%3Aco.rNHJGExmRCK8Tql1L23IQw&entityId=urn%3Aadsk.wipprod%3Adm.lineage%3AN2UHEuXVRbKlnm4vF3Jybg&viewModel=detail&moduleId=folders,2025-08-26 04:33:27.257,2025-08-26 04:33:27.257,,1
4123650,bf996092-8d66-408a-8d8e-5065ca3330c2,f6ab14eb-1a66-4ea5-8a0f-0afbda444403,c8e43fa5-198a-435b-a949-8d0674e7b639,NXBJU9KZRN2LR6EX,submitted,DATA NOT ENTERED,2025-08-28 04:43:17.902,2025-08-28 04:43:17.902,,1
3669455,bf996092-8d66-408a-8d8e-5065ca3330c2,ada6015d-9fce-4f2c-b20f-fc9122d2face,8e47c031-56c1-4efa-ba21-632dff52874e,V9Q2X946QA52XTJG,submitted,Please refer to version 3 for mark-ups and initiate again with changes,2025-04-16 08:20:28.237,2025-04-16 08:20:28.237,,1
3750180,bf996092-8d66-408a-8d8e-5065ca3330c2,23142979-9fb6-4fd3-bd82-62d7e0add75f,398bb18a-5282-4a87-9a41-b94cea59ff1f,S8W2PRCHQXETHD6D,submitted,Kindly revised as comments market in the dwg.,2025-05-09 05:29:57.841,2025-05-09 05:29:57.841,,1
3750181,bf996092-8d66-408a-8d8e-5065ca3330c2,23142979-9fb6-4fd3-bd82-62d7e0add75f,9a434d43-bafb-4601-b631-80786d1e5ea9,S8W2PRCHQXETHD6D,submitted,Kindly revised as marked,2025-05-09 05:31:30.712,2025-05-09 05:31:30.712,2025-05-09 05:31:49.152,1
3750182,bf996092-8d66-408a-8d8e-5065ca3330c2,23142979-9fb6-4fd3-bd82-62d7e0add75f,1957eefe-577e-4bd9-92c3-5208418b4ff1,S8W2PRCHQXETHD6D,submitted,Kindly revised as marked,2025-05-09 05:32:04.335,2025-05-09 05:32:04.335,,1
3517699,bf996092-8d66-408a-8d8e-5065ca3330c2,ada6015d-9fce-4f2c-b20f-fc9122d2face,40e2ed0d-a33b-4c43-a07a-a98d7ea3a5cf,Z3429E4KRUPBNHD4,submitted,"Looks OK, Proceed",2025-02-28 10:06:34.305,2025-02-28 10:06:34.305,,1
3517727,bf996092-8d66-408a-8d8e-5065ca3330c2,ada6015d-9fce-4f2c-b20f-fc9122d2face,40e2ed0d-a33b-4c43-a07a-a98d7ea3a5cf,Z3429E4KRUPBNHD4,submitted,OK Go ahead,2025-02-28 10:11:25.546,2025-02-28 10:11:25.546,,1
3517730,bf996092-8d66-408a-8d8e-5065ca3330c2,ada6015d-9fce-4f2c-b20f-fc9122d2face,40e2ed0d-a33b-4c43-a07a-a98d7ea3a5cf,Z3429E4KRUPBNHD4,submitted,OK,2025-02-28 10:11:44.783,2025-02-28 10:11:44.783,,1
3517762,bf996092-8d66-408a-8d8e-5065ca3330c2,ada6015d-9fce-4f2c-b20f-fc9122d2face,1f850cc4-0bce-40f6-9ca5-85ef005cc388,Z3429E4KRUPBNHD4,submitted,OK proceed,2025-02-28 10:26:39.975,2025-02-28 10:26:39.975,,1
3910732,bf996092-8d66-408a-8d8e-5065ca3330c2,f679f4cf-c089-4a2b-9b84-b14129630601,d9d744b2-dd9c-4e9f-922b-5db229f74e69,NTHFQB8P8X3C,submitted,"@shyam JI,
All the comments shared in issue no-02.
and same issue placed on the drawing.
",2025-06-26 09:22:51.038,2025-06-26 09:22:51.038,,1
3948121,bf996092-8d66-408a-8d8e-5065ca3330c2,f679f4cf-c089-4a2b-9b84-b14129630601,1d5cdada-9c95-4f91-a9b3-caeb68fb79dc,3NGJNZCXN8PBNTRV,submitted,Update the Quantity and remove labour of 24-25 July,2025-07-08 08:03:56.297,2025-07-08 08:03:56.297,,1
3965442,bf996092-8d66-408a-8d8e-5065ca3330c2,f6ab14eb-1a66-4ea5-8a0f-0afbda444403,4ab35bb5-93bd-497b-82bd-e738c8169640,EAW249MULVNEJUNK,submitted,Approved ,2025-07-14 04:01:26.172,2025-07-14 04:01:26.172,,1
3965696,bf996092-8d66-408a-8d8e-5065ca3330c2,967e785d-d83c-490b-8d6a-2ed926c956ac,d8d2eee5-4720-46f8-80da-099c10bd8fab,NTHFQB8P8X3C,submitted,"1- Revised area(as marked R1) is ok.
2- Kindly update the molding section 6-6 and marked on atrium edge.",2025-07-14 06:36:55.606,2025-07-14 06:36:55.606,,1
3965743,bf996092-8d66-408a-8d8e-5065ca3330c2,967e785d-d83c-490b-8d6a-2ed926c956ac,dbdbf5bf-4c1c-4683-a11e-3debe82215fb,NTHFQB8P8X3C,submitted,Revised drawing( marked area R1) is approved ,2025-07-14 06:47:54.59,2025-07-14 06:47:54.59,,1
3981369,bf996092-8d66-408a-8d8e-5065ca3330c2,967e785d-d83c-490b-8d6a-2ed926c956ac,3554c75e-60fb-41eb-9fd0-f97c313f34fc,S762NMGBKUB423MM,submitted,"Drawing on which GPM commented has been uploaded, Kindlyu upload the correct drawings
Thanks",2025-07-17 07:19:55.295,2025-07-17 07:19:55.295,,1
4015860,bf996092-8d66-408a-8d8e-5065ca3330c2,f6ab14eb-1a66-4ea5-8a0f-0afbda444403,75c58da5-ecd3-430a-a203-8b326c22ca60,NXBJU9KZRN2LR6EX,submitted,add 1 extra grouting pump,2025-07-28 05:14:00.309,2025-07-28 05:14:00.309,,1
4032576,bf996092-8d66-408a-8d8e-5065ca3330c2,f6ab14eb-1a66-4ea5-8a0f-0afbda444403,b37370e4-470b-487f-a75c-34adf8173755,NXBJU9KZRN2LR6EX,submitted,Data entry not corrected,2025-07-31 10:12:14.412,2025-07-31 10:12:14.412,,1
4033295,bf996092-8d66-408a-8d8e-5065ca3330c2,f6ab14eb-1a66-4ea5-8a0f-0afbda444403,c1e85ef2-5cc7-4e6b-a4cd-8e433dab58f8,NXBJU9KZRN2LR6EX,submitted,DATA ENTRY NOT OK,2025-07-31 12:39:35.197,2025-07-31 12:39:35.197,,1
4052244,bf996092-8d66-408a-8d8e-5065ca3330c2,f679f4cf-c089-4a2b-9b84-b14129630601,ca164db4-2623-4436-8465-842c1d9943a5,NTHFQB8P8X3C,submitted,"This is ok , Kindly upload V3 for sign and stamp ",2025-08-06 13:01:01.474,2025-08-06 13:01:01.474,,2
4052340,bf996092-8d66-408a-8d8e-5065ca3330c2,f679f4cf-c089-4a2b-9b84-b14129630601,2b64d6c3-9646-44b8-a8d7-a5111a2aa66b,NTHFQB8P8X3C,submitted,It is ok. kindly upload V3 for Sign & Stamp,2025-08-06 13:21:02.76,2025-08-06 13:21:02.76,,2
4054558,bf996092-8d66-408a-8d8e-5065ca3330c2,f679f4cf-c089-4a2b-9b84-b14129630601,abcae3e9-1d37-4598-ac03-b5ab4938bf09,S762NMGBKUB423MM,submitted,Please add Slab area in this,2025-08-07 06:05:15.715,2025-08-07 06:05:15.715,,1
4054660,bf996092-8d66-408a-8d8e-5065ca3330c2,f6ab14eb-1a66-4ea5-8a0f-0afbda444403,e917a073-7671-45c6-bafc-c7d7a86987cb,NXBJU9KZRN2LR6EX,submitted,Rainfall affected the work,2025-08-07 06:39:54.272,2025-08-07 06:39:54.272,,1
4093325,bf996092-8d66-408a-8d8e-5065ca3330c2,f679f4cf-c089-4a2b-9b84-b14129630601,d988d3de-f494-45de-9ba5-c00fde636b7f,3NGJNZCXN8PBNTRV,submitted,Void this DPR,2025-08-20 05:03:18.113,2025-08-20 05:03:18.113,,1
4103175,bf996092-8d66-408a-8d8e-5065ca3330c2,23142979-9fb6-4fd3-bd82-62d7e0add75f,e64c561a-68d7-4286-8e85-ef0eef97202c,K9J2CG72MCZ79CYB,submitted,Please modify the drawing as per comments received from Bentel via email on 22.08.25. Kindly treat this as urgent.,2025-08-22 10:33:22.765,2025-08-22 10:33:22.765,,2
4118463,bf996092-8d66-408a-8d8e-5065ca3330c2,f679f4cf-c089-4a2b-9b84-b14129630601,75c841ad-4da7-4d3f-b99e-9b55b0d5737d,H4J29KZBMAKAE737,submitted,"Dear Devender,

The design is not looking good. Please do not use puff panels—we have specified polycarbonate sheets here. Kindly use that only with glass panels .
Also, discuss with vendors; it is available in 10mm thickness as well.",2025-08-27 04:37:49.432,2025-08-27 04:37:49.432,,1
4119719,bf996092-8d66-408a-8d8e-5065ca3330c2,f679f4cf-c089-4a2b-9b84-b14129630601,ea7123d2-7a15-4922-92df-8e298d238cc2,NTHFQB8P8X3C,submitted,Required Section Marking which was mentioned in previous observation. ,2025-08-27 11:03:39.064,2025-08-27 11:03:39.064,,2
4119892,bf996092-8d66-408a-8d8e-5065ca3330c2,f679f4cf-c089-4a2b-9b84-b14129630601,2629b8db-670d-479d-a478-ec1e8777e30b,NTHFQB8P8X3C,submitted,Observation need to attend  which was mentioned previously .,2025-08-27 11:24:13.624,2025-08-27 11:24:13.624,,4
3682597,bf996092-8d66-408a-8d8e-5065ca3330c2,2f551e7d-05e6-4bfc-8ee1-0ef3a8487c11,1c49ea81-e1e3-4449-a5d2-a86d3fa5588b,EAW249MULVNEJUNK,submitted,"PVC Conduit to be used for fire alarm, please revise the drawings accordingly. ",2025-04-21 09:44:40.682,2025-04-21 09:44:40.682,,1
3682598,bf996092-8d66-408a-8d8e-5065ca3330c2,2f551e7d-05e6-4bfc-8ee1-0ef3a8487c11,a4b8853f-c7df-4083-9227-fe4ca9b18ec0,EAW249MULVNEJUNK,submitted,"PVC Conduit to be used for fire alarm, please revise the drawings accordingly. ",2025-04-21 09:44:40.682,2025-04-21 09:44:40.682,,1
3682599,bf996092-8d66-408a-8d8e-5065ca3330c2,2f551e7d-05e6-4bfc-8ee1-0ef3a8487c11,cffee389-0e0c-4ee1-852a-66826c5f8900,EAW249MULVNEJUNK,submitted,"PVC Conduit to be used for fire alarm, please revise the drawings accordingly. ",2025-04-21 09:44:40.682,2025-04-21 09:44:40.682,,1
3682600,bf996092-8d66-408a-8d8e-5065ca3330c2,2f551e7d-05e6-4bfc-8ee1-0ef3a8487c11,e32de8e5-83d7-4034-907d-9ed249c27e6c,EAW249MULVNEJUNK,submitted,"PVC Conduit to be used for fire alarm, please revise the drawings accordingly. ",2025-04-21 09:44:40.682,2025-04-21 09:44:40.682,,1
3682601,bf996092-8d66-408a-8d8e-5065ca3330c2,2f551e7d-05e6-4bfc-8ee1-0ef3a8487c11,5e79eb34-abf3-44b1-a7b2-aedced26755c,EAW249MULVNEJUNK,submitted,"PVC Conduit to be used for fire alarm, please revise the drawings accordingly. ",2025-04-21 09:44:40.682,2025-04-21 09:44:40.682,,1
3682602,bf996092-8d66-408a-8d8e-5065ca3330c2,2f551e7d-05e6-4bfc-8ee1-0ef3a8487c11,e32b941e-db95-4f51-a1f8-55f5eaf26a7d,EAW249MULVNEJUNK,submitted,"PVC Conduit to be used for fire alarm, please revise the drawings accordingly. ",2025-04-21 09:44:40.682,2025-04-21 09:44:40.682,,1
3682603,bf996092-8d66-408a-8d8e-5065ca3330c2,2f551e7d-05e6-4bfc-8ee1-0ef3a8487c11,6ed96de0-f4a8-4ee8-9673-3461bc9f3398,EAW249MULVNEJUNK,submitted,"PVC Conduit to be used for fire alarm, please revise the drawings accordingly. ",2025-04-21 09:44:40.682,2025-04-21 09:44:40.682,,1
3682604,bf996092-8d66-408a-8d8e-5065ca3330c2,2f551e7d-05e6-4bfc-8ee1-0ef3a8487c11,289b6830-cd98-4e9b-9029-6ac5e2d3d90a,EAW249MULVNEJUNK,submitted,"PVC Conduit to be used for fire alarm, please revise the drawings accordingly. ",2025-04-21 09:44:40.682,2025-04-21 09:44:40.682,,1
3682605,bf996092-8d66-408a-8d8e-5065ca3330c2,2f551e7d-05e6-4bfc-8ee1-0ef3a8487c11,448051df-f4f8-4511-954f-a1447ab2fad9,EAW249MULVNEJUNK,submitted,"PVC Conduit to be used for fire alarm, please revise the drawings accordingly. ",2025-04-21 09:44:40.682,2025-04-21 09:44:40.682,,1
3682606,bf996092-8d66-408a-8d8e-5065ca3330c2,2f551e7d-05e6-4bfc-8ee1-0ef3a8487c11,0b0176e2-15a8-4516-b21d-80b3bbe705f8,EAW249MULVNEJUNK,submitted,"PVC Conduit to be used for fire alarm, please revise the drawings accordingly. ",2025-04-21 09:44:40.682,2025-04-21 09:44:40.682,,1
3690091,bf996092-8d66-408a-8d8e-5065ca3330c2,23142979-9fb6-4fd3-bd82-62d7e0add75f,2df2e217-11aa-4ab6-8969-707ed4663b3b,8P32P78GQMSARQ95,submitted,Repetition of Part Plan for First Floor Mid Level,2025-04-23 08:57:13.315,2025-04-23 08:57:13.315,,2
3690237,bf996092-8d66-408a-8d8e-5065ca3330c2,23142979-9fb6-4fd3-bd82-62d7e0add75f,b1f1d96a-3a77-49d6-ad7c-86c2cf459558,8P32P78GQMSARQ95,submitted,Please check FFL of First Floor Mid Level,2025-04-23 09:14:52.358,2025-04-23 09:14:52.358,,1
3905770,bf996092-8d66-408a-8d8e-5065ca3330c2,e9b596f2-48ee-419b-a199-da304b38c398,94ff6699-9565-40fd-a65d-cc9ba9f382cd,DX6J5SASN4NA66QN,submitted,all sheets should be as individual files so can be checked properly ,2025-06-25 07:12:03.273,2025-06-25 07:12:03.273,,1
3905771,bf996092-8d66-408a-8d8e-5065ca3330c2,e9b596f2-48ee-419b-a199-da304b38c398,8d3e8f66-91cf-470c-ab93-1d66e873c9ed,DX6J5SASN4NA66QN,submitted,all sheets should be as individual files so can be checked properly ,2025-06-25 07:12:03.273,2025-06-25 07:12:03.273,,1
3905772,bf996092-8d66-408a-8d8e-5065ca3330c2,e9b596f2-48ee-419b-a199-da304b38c398,dc0558e2-e034-46f3-b84e-655d51895b6a,DX6J5SASN4NA66QN,submitted,all sheets should be as individual files so can be checked properly ,2025-06-25 07:12:03.273,2025-06-25 07:12:03.273,,1
3940574,bf996092-8d66-408a-8d8e-5065ca3330c2,f679f4cf-c089-4a2b-9b84-b14129630601,b06b8326-7287-42d5-aa34-3f94fa082b60,NTHFQB8P8X3C,submitted,Comments need to be resolve as marked in reference drawing. ,2025-07-05 07:12:28.24,2025-07-05 07:12:28.24,,1
3940575,bf996092-8d66-408a-8d8e-5065ca3330c2,f679f4cf-c089-4a2b-9b84-b14129630601,e1798675-f44d-4d6f-88bd-a40781a8a556,NTHFQB8P8X3C,submitted,Comments need to be resolve as marked in reference drawing. ,2025-07-05 07:12:28.24,2025-07-05 07:12:28.24,,1
3940576,bf996092-8d66-408a-8d8e-5065ca3330c2,f679f4cf-c089-4a2b-9b84-b14129630601,4aecfeef-deff-441d-b506-3da9fd403f3e,NTHFQB8P8X3C,submitted,Comments need to be resolve as marked in reference drawing. ,2025-07-05 07:12:28.24,2025-07-05 07:12:28.24,,1
3940739,bf996092-8d66-408a-8d8e-5065ca3330c2,f679f4cf-c089-4a2b-9b84-b14129630601,10b562fd-8423-4a2a-9aea-e05232338419,NTHFQB8P8X3C,submitted,Comments need to be resolve,2025-07-05 13:44:16.66,2025-07-05 13:44:16.66,,1
3943784,bf996092-8d66-408a-8d8e-5065ca3330c2,f6ab14eb-1a66-4ea5-8a0f-0afbda444403,cb21adcb-b4b7-4ace-8280-7de2eeaef7b8,NXBJU9KZRN2LR6EX,submitted,Already submitted ..please update after conformation within yours team,2025-07-07 11:08:29.822,2025-07-07 11:08:29.822,,1
3956477,bf996092-8d66-408a-8d8e-5065ca3330c2,f679f4cf-c089-4a2b-9b84-b14129630601,456dac4e-0b3e-4dad-995b-3d2721242e99,3NGJNZCXN8PBNTRV,submitted,Update the Quantity as per actual and resend,2025-07-10 05:44:55.411,2025-07-10 05:44:55.411,,1
3957476,bf996092-8d66-408a-8d8e-5065ca3330c2,f679f4cf-c089-4a2b-9b84-b14129630601,86b0e4c0-584d-4289-b116-0512872d4148,NTHFQB8P8X3C,submitted,Need clear space for lift well,2025-07-10 10:06:45.034,2025-07-10 10:06:45.034,,1
3993013,bf996092-8d66-408a-8d8e-5065ca3330c2,f6ab14eb-1a66-4ea5-8a0f-0afbda444403,f68a4966-c481-47d6-87ab-8e9e8a89f1e7,TJ92FSAHL5HQP7TF,submitted,"Dear Sir,

I am writing to bring to your attention that the Addiction Sump and trench locations are missing from the Revision 1 drawing. Kindly ensure that both will be included and clearly marked in Revision R2 by the structural team.

Thank you for your attention to this matter.",2025-07-21 11:47:31.2,2025-07-21 11:47:31.2,,2
3993015,bf996092-8d66-408a-8d8e-5065ca3330c2,f6ab14eb-1a66-4ea5-8a0f-0afbda444403,432402eb-1db1-4b0b-8a14-0ae0e6922162,TJ92FSAHL5HQP7TF,submitted,"Dear Sir,

I am writing to bring to your attention that the Addiction Sump and trench locations are missing from the Revision 1 drawing. Kindly ensure that both will be included and clearly marked in Revision R2 by the structural team.

Thank you for your attention to this matter.",2025-07-21 11:47:35.46,2025-07-21 11:47:35.46,,2
3993011,bf996092-8d66-408a-8d8e-5065ca3330c2,f6ab14eb-1a66-4ea5-8a0f-0afbda444403,9ade7f23-eb15-4096-b7bf-0159f917e61f,TJ92FSAHL5HQP7TF,submitted,"Dear Sir,

I am writing to bring to your attention that the Addiction Sump and trench locations are missing from the Revision 1 drawing. Kindly ensure that both will be included and clearly marked in Revision R2 by the structural team.

Thank you for your attention to this matter.",2025-07-21 11:47:24.815,2025-07-21 11:47:24.815,,2
3993017,bf996092-8d66-408a-8d8e-5065ca3330c2,f6ab14eb-1a66-4ea5-8a0f-0afbda444403,1efbf1eb-ed2c-42e1-a32b-de051fc5c3bb,TJ92FSAHL5HQP7TF,submitted,"Dear Sir,

I am writing to bring to your attention that the Addiction Sump and trench locations are missing from the Revision 1 drawing. Kindly ensure that both will be included and clearly marked in Revision R2 by the structural team.

Thank you for your attention to this matter.",2025-07-21 11:47:42.874,2025-07-21 11:47:42.874,,2
3993020,bf996092-8d66-408a-8d8e-5065ca3330c2,f6ab14eb-1a66-4ea5-8a0f-0afbda444403,d4283963-4087-4732-bc92-ea73d9dcc104,TJ92FSAHL5HQP7TF,submitted,"Dear Sir,

I am writing to bring to your attention that the Addiction Sump and trench locations are missing from the Revision 1 drawing. Kindly ensure that both will be included and clearly marked in Revision R2 by the structural team.

Thank you for your attention to this matter.",2025-07-21 11:47:46.836,2025-07-21 11:47:46.836,,2
3993022,bf996092-8d66-408a-8d8e-5065ca3330c2,f6ab14eb-1a66-4ea5-8a0f-0afbda444403,3fa4071d-94bc-42ca-8b2b-7da6623afc15,TJ92FSAHL5HQP7TF,submitted,"Dear Sir,

I am writing to bring to your attention that the Addiction Sump and trench locations are missing from the Revision 1 drawing. Kindly ensure that both will be included and clearly marked in Revision R2 by the structural team.

Thank you for your attention to this matter.",2025-07-21 11:47:50.854,2025-07-21 11:47:50.854,,2
4026414,bf996092-8d66-408a-8d8e-5065ca3330c2,f679f4cf-c089-4a2b-9b84-b14129630601,36fce034-712a-48f5-b4b9-ab4cc43db2ce,3NGJNZCXN8PBNTRV,submitted,Update the Dismantling Qty,2025-07-30 04:27:47.171,2025-07-30 04:27:47.171,,1
4026415,bf996092-8d66-408a-8d8e-5065ca3330c2,23142979-9fb6-4fd3-bd82-62d7e0add75f,2c011011-fdd0-46c2-b116-1864a9cef03c,S8W2PRCHQXETHD6D,submitted,Drawing is not openable. kindly share it again,2025-07-30 04:27:59.957,2025-07-30 04:27:59.957,,1
4042490,bf996092-8d66-408a-8d8e-5065ca3330c2,f6ab14eb-1a66-4ea5-8a0f-0afbda444403,cab3aff8-edf2-44c0-9f0d-e8d7ea7a6c4b,NXBJU9KZRN2LR6EX,submitted,Please insure the fabricator manpower as per site,2025-08-04 13:08:41.918,2025-08-04 13:08:41.918,,1
4042531,bf996092-8d66-408a-8d8e-5065ca3330c2,f6ab14eb-1a66-4ea5-8a0f-0afbda444403,6489f10b-9a56-4bd8-b794-c1c74b33f1ef,NXBJU9KZRN2LR6EX,submitted,Data enter is not correct,2025-08-04 13:16:04.831,2025-08-04 13:16:04.831,,1
4045819,bf996092-8d66-408a-8d8e-5065ca3330c2,f6ab14eb-1a66-4ea5-8a0f-0afbda444403,0ad5cbc1-c1d3-4bc1-a31b-eaea17a7a769,NXBJU9KZRN2LR6EX,submitted,work stop due to rainfall,2025-08-05 06:28:21.012,2025-08-05 06:28:21.012,,1
4064225,bf996092-8d66-408a-8d8e-5065ca3330c2,f6ab14eb-1a66-4ea5-8a0f-0afbda444403,a022b6ec-92a1-4ce7-9fbf-890c4b7288cb,NXBJU9KZRN2LR6EX,submitted,WORK EFFECTED BY RAINFALL,2025-08-11 10:07:12.437,2025-08-11 10:07:12.437,,1
4064235,bf996092-8d66-408a-8d8e-5065ca3330c2,f6ab14eb-1a66-4ea5-8a0f-0afbda444403,487897d7-e665-4559-bbdd-ad1c8215f9dc,NXBJU9KZRN2LR6EX,submitted,MANPOWER IS LESS AS OF RAKSHABANDHAN FESTIVAL,2025-08-11 10:09:15.332,2025-08-11 10:09:15.332,,1
4064239,bf996092-8d66-408a-8d8e-5065ca3330c2,f6ab14eb-1a66-4ea5-8a0f-0afbda444403,aa5f9cd1-8992-4205-860c-8476d0fed672,NXBJU9KZRN2LR6EX,submitted,WORK IS EFFECTED DUE TO RAIN,2025-08-11 10:10:42.185,2025-08-11 10:10:42.185,,1
4113556,bf996092-8d66-408a-8d8e-5065ca3330c2,f6ab14eb-1a66-4ea5-8a0f-0afbda444403,2f4fe1ec-35de-4250-bdf4-3522038f333e,NTHFQB8P8X3C,submitted,The levels of the sleeves are ambiguous. The reference level ought to be standardized.,2025-08-26 09:49:37.302,2025-08-26 09:49:37.302,,1
4113557,bf996092-8d66-408a-8d8e-5065ca3330c2,f6ab14eb-1a66-4ea5-8a0f-0afbda444403,07e0d060-8ba7-4b59-9618-1a9915d3e60e,NTHFQB8P8X3C,submitted,The levels of the sleeves are ambiguous. The reference level ought to be standardized.,2025-08-26 09:49:37.302,2025-08-26 09:49:37.302,,1
3518118,bf996092-8d66-408a-8d8e-5065ca3330c2,ada6015d-9fce-4f2c-b20f-fc9122d2face,18b073c9-729e-4f0f-99d8-424a1e0a60ee,Z3429E4KRUPBNHD4,submitted,pl proceed,2025-02-28 12:32:46.883,2025-02-28 12:32:46.883,,1
3518122,bf996092-8d66-408a-8d8e-5065ca3330c2,ada6015d-9fce-4f2c-b20f-fc9122d2face,18b073c9-729e-4f0f-99d8-424a1e0a60ee,Z3429E4KRUPBNHD4,submitted,looks ok,2025-02-28 12:33:29.668,2025-02-28 12:33:29.668,,1
3518124,bf996092-8d66-408a-8d8e-5065ca3330c2,ada6015d-9fce-4f2c-b20f-fc9122d2face,18b073c9-729e-4f0f-99d8-424a1e0a60ee,Z3429E4KRUPBNHD4,submitted,ok proceed,2025-02-28 12:33:50.116,2025-02-28 12:33:50.116,,1
3822913,bf996092-8d66-408a-8d8e-5065ca3330c2,ada6015d-9fce-4f2c-b20f-fc9122d2face,712796e3-631b-47ac-a40d-64e5d01e5689,V9Q2X946QA52XTJG,submitted,Please check the file all comments are there in the file,2025-05-30 06:23:39.349,2025-05-30 06:23:39.349,,2
3822914,bf996092-8d66-408a-8d8e-5065ca3330c2,ada6015d-9fce-4f2c-b20f-fc9122d2face,becca20e-a361-4c3e-96ac-8bb8f22a057b,V9Q2X946QA52XTJG,submitted,Ok no changes needed,2025-05-30 06:23:39.349,2025-05-30 06:23:39.349,,2
3919358,bf996092-8d66-408a-8d8e-5065ca3330c2,f679f4cf-c089-4a2b-9b84-b14129630601,f51022be-11ea-475b-aeab-00dec749b29c,NTHFQB8P8X3C,submitted,Comments need to be resolve as given in uploaded drawing for first floor,2025-06-30 09:16:09.019,2025-06-30 09:16:33.259,,1
3986898,bf996092-8d66-408a-8d8e-5065ca3330c2,f6ab14eb-1a66-4ea5-8a0f-0afbda444403,3df7f9fc-7316-42e0-aea3-15a46d75b822,NTHFQB8P8X3C,submitted,"All Clancy Comments are not incorporate : 
1- Required 300 mm trench marked in green color
2- Connection of drains at some locations
3- At certain locations covered drains has been marked.",2025-07-18 11:56:05.069,2025-07-18 11:56:05.069,,1
3986899,bf996092-8d66-408a-8d8e-5065ca3330c2,f6ab14eb-1a66-4ea5-8a0f-0afbda444403,d6bd9838-8203-4280-93a4-b699f9a41dbf,NTHFQB8P8X3C,submitted,"All Clancy Comments are not incorporate : 
1- Required 300 mm trench marked in green color
2- Connection of drains at some locations
3- At certain locations covered drains has been marked.",2025-07-18 11:56:05.069,2025-07-18 11:56:05.069,,1
3986900,bf996092-8d66-408a-8d8e-5065ca3330c2,f6ab14eb-1a66-4ea5-8a0f-0afbda444403,bc38fe37-33f2-45ff-86ee-19020ed7dbdd,NTHFQB8P8X3C,submitted,"All Clancy Comments are not incorporate : 
1- Required 300 mm trench marked in green color
2- Connection of drains at some locations
3- At certain locations covered drains has been marked.",2025-07-18 11:56:05.069,2025-07-18 11:56:05.069,,1
3986901,bf996092-8d66-408a-8d8e-5065ca3330c2,f6ab14eb-1a66-4ea5-8a0f-0afbda444403,162b7b59-60e4-4b42-b6dc-f4418fd0a9d8,NTHFQB8P8X3C,submitted,"All Clancy Comments are not incorporate : 
1- Required 300 mm trench marked in green color
2- Connection of drains at some locations
3- At certain locations covered drains has been marked.",2025-07-18 11:56:05.069,2025-07-18 11:56:05.069,,1
3986902,bf996092-8d66-408a-8d8e-5065ca3330c2,f6ab14eb-1a66-4ea5-8a0f-0afbda444403,2829b8dd-e23d-4f0c-b821-8b011dd7f229,NTHFQB8P8X3C,submitted,"All Clancy Comments are not incorporate : 
1- Required 300 mm trench marked in green color
2- Connection of drains at some locations
3- At certain locations covered drains has been marked.",2025-07-18 11:56:05.069,2025-07-18 11:56:05.069,,1
3986903,bf996092-8d66-408a-8d8e-5065ca3330c2,f6ab14eb-1a66-4ea5-8a0f-0afbda444403,3b9593f2-bee2-4958-b93f-fc46295cfa35,NTHFQB8P8X3C,submitted,"All Clancy Comments are not incorporate : 
1- Required 300 mm trench marked in green color
2- Connection of drains at some locations
3- At certain locations covered drains has been marked.",2025-07-18 11:56:05.069,2025-07-18 11:56:05.069,,1
4005015,bf996092-8d66-408a-8d8e-5065ca3330c2,f6ab14eb-1a66-4ea5-8a0f-0afbda444403,65db4836-a63d-4c77-940f-67f9be040c66,NXBJU9KZRN2LR6EX,submitted,Capping Beam at top level casted ...remaining casted after cut out insert in wall and R/W,2025-07-24 07:15:03.323,2025-07-24 07:15:03.323,,1
4022129,bf996092-8d66-408a-8d8e-5065ca3330c2,f6ab14eb-1a66-4ea5-8a0f-0afbda444403,ab17d167-56bf-4985-a5bd-f9bd2d41423f,NXBJU9KZRN2LR6EX,submitted,dpr progress report is wrong,2025-07-29 08:12:45.228,2025-07-29 08:12:45.228,,1
4023460,bf996092-8d66-408a-8d8e-5065ca3330c2,967e785d-d83c-490b-8d6a-2ed926c956ac,d0c5d12a-11c7-48bb-a92d-a856e9e0da49,CMJ2N3U8MSMRM8ZA,submitted,Data in DPR not corrected. Please correct and resubmit.,2025-07-29 11:25:56.884,2025-07-29 11:25:56.884,,1
4039080,bf996092-8d66-408a-8d8e-5065ca3330c2,f6ab14eb-1a66-4ea5-8a0f-0afbda444403,501baa54-d2e7-4f2d-bec5-1b31ed9c0449,NXBJU9KZRN2LR6EX,submitted,D.P.R is not corrected as the previous month data is not compile,2025-08-02 07:31:45.747,2025-08-02 07:31:45.747,,1
4039300,bf996092-8d66-408a-8d8e-5065ca3330c2,f6ab14eb-1a66-4ea5-8a0f-0afbda444403,049e3010-26c4-44ab-ab27-68f2b07d122c,NXBJU9KZRN2LR6EX,submitted,ADD column shuttering item.,2025-08-02 12:38:04.001,2025-08-02 12:38:04.001,,1
4063445,bf996092-8d66-408a-8d8e-5065ca3330c2,2f551e7d-05e6-4bfc-8ee1-0ef3a8487c11,825f9796-9580-48c7-b9cb-aa168e3776fa,S8W2PRCHQXETHD6D,submitted,Kindly revised and send,2025-08-11 06:40:57.722,2025-08-11 06:40:57.722,,1
4055857,bf996092-8d66-408a-8d8e-5065ca3330c2,f6ab14eb-1a66-4ea5-8a0f-0afbda444403,dbc07dd5-be12-496e-87e6-d5769b4c68c6,NXBJU9KZRN2LR6EX,submitted,Data entered is not correct,2025-08-07 12:30:27.469,2025-08-07 12:30:27.469,,1
4055866,bf996092-8d66-408a-8d8e-5065ca3330c2,f6ab14eb-1a66-4ea5-8a0f-0afbda444403,aba6c066-26ed-4a35-8381-39e6c4f6dbc8,NXBJU9KZRN2LR6EX,submitted,"Data enter not correct
",2025-08-07 12:32:25.668,2025-08-07 12:32:25.668,,1
4055956,bf996092-8d66-408a-8d8e-5065ca3330c2,f6ab14eb-1a66-4ea5-8a0f-0afbda444403,68cdd2b8-2fb5-49f8-83a7-85fd841fd9d1,NXBJU9KZRN2LR6EX,submitted,REPORT SEND TWICE ,2025-08-07 12:51:27.497,2025-08-07 12:51:27.497,,1
4056062,bf996092-8d66-408a-8d8e-5065ca3330c2,f679f4cf-c089-4a2b-9b84-b14129630601,ab21b91f-82a1-4507-9f7b-d494ceaf80dc,NTHFQB8P8X3C,submitted,Approved with Stamp,2025-08-07 13:23:52.903,2025-08-07 13:23:52.903,,2
4056063,bf996092-8d66-408a-8d8e-5065ca3330c2,f679f4cf-c089-4a2b-9b84-b14129630601,3400a106-690b-4b99-a1f4-21903ba9e018,NTHFQB8P8X3C,submitted,Comments need to be resolve,2025-08-07 13:23:52.903,2025-08-07 13:23:52.903,,2
4056064,bf996092-8d66-408a-8d8e-5065ca3330c2,f679f4cf-c089-4a2b-9b84-b14129630601,aff4bc15-df53-42e7-91fc-a61206229721,NTHFQB8P8X3C,submitted,Comments need to be resolve,2025-08-07 13:23:52.903,2025-08-07 13:23:52.903,,2
4056133,bf996092-8d66-408a-8d8e-5065ca3330c2,f679f4cf-c089-4a2b-9b84-b14129630601,a12536a5-28fa-4cdb-9f6c-b32f90e07f29,NTHFQB8P8X3C,submitted,Required Section as Marked,2025-08-07 13:44:27.361,2025-08-07 13:44:27.361,,1
4058524,bf996092-8d66-408a-8d8e-5065ca3330c2,f679f4cf-c089-4a2b-9b84-b14129630601,4f799c46-759c-4a68-990a-72efeabe4930,NTHFQB8P8X3C,submitted,Need comment to be resolve ,2025-08-08 06:28:08.24,2025-08-08 06:28:08.24,,3
4058618,bf996092-8d66-408a-8d8e-5065ca3330c2,f6ab14eb-1a66-4ea5-8a0f-0afbda444403,c2d13dfd-89a5-4900-b50d-394d12e6bd26,TZXRKN44WBAJ,submitted,Drawing upload with Comments,2025-08-08 07:05:34.809,2025-08-08 07:05:34.809,,1
4058619,bf996092-8d66-408a-8d8e-5065ca3330c2,f6ab14eb-1a66-4ea5-8a0f-0afbda444403,460fb670-77a2-4779-9198-13a5bd12e213,TZXRKN44WBAJ,submitted,Drawing upload with Comments,2025-08-08 07:05:34.809,2025-08-08 07:05:34.809,,1
4068049,bf996092-8d66-408a-8d8e-5065ca3330c2,2f551e7d-05e6-4bfc-8ee1-0ef3a8487c11,c402f51a-abee-4fb7-a6ae-cb158cda947a,VM52VJACLXDVGKG6,submitted,Kindly refer excel for comments on column details.,2025-08-12 10:04:41.583,2025-08-12 10:04:41.583,,1
4068050,bf996092-8d66-408a-8d8e-5065ca3330c2,2f551e7d-05e6-4bfc-8ee1-0ef3a8487c11,ff1d96b3-37ab-400b-8074-4635f8a4303e,VM52VJACLXDVGKG6,submitted,Kindly refer excel for comments on column details.,2025-08-12 10:04:41.583,2025-08-12 10:04:41.583,,1
4068051,bf996092-8d66-408a-8d8e-5065ca3330c2,2f551e7d-05e6-4bfc-8ee1-0ef3a8487c11,2d8c3ff9-cc48-47d5-8ff4-ed52a43a5666,VM52VJACLXDVGKG6,submitted,Kindly refer excel for comments on column details.,2025-08-12 10:04:41.583,2025-08-12 10:04:41.583,,1
4068052,bf996092-8d66-408a-8d8e-5065ca3330c2,2f551e7d-05e6-4bfc-8ee1-0ef3a8487c11,791205ec-ee3c-425d-86e4-e8686013e84f,VM52VJACLXDVGKG6,submitted,Kindly refer excel for comments on column details.,2025-08-12 10:04:41.583,2025-08-12 10:04:41.583,,1
4068053,bf996092-8d66-408a-8d8e-5065ca3330c2,2f551e7d-05e6-4bfc-8ee1-0ef3a8487c11,c6f2677e-4f6e-4d2c-9fab-c47713eb2082,VM52VJACLXDVGKG6,submitted,Kindly refer excel for comments on column details.,2025-08-12 10:04:41.583,2025-08-12 10:04:41.583,,1
4068170,bf996092-8d66-408a-8d8e-5065ca3330c2,23142979-9fb6-4fd3-bd82-62d7e0add75f,34d4cbf6-5ccd-4892-a2f5-383c99919781,K9J2CG72MCZ79CYB,submitted,"The Comments are for Indoor Stadium Area Only. Since the revised structure drawing has not been issued, the comments are for Architectural excavation dwg. only",2025-08-12 10:52:39.154,2025-08-12 10:52:39.154,,1
4068379,bf996092-8d66-408a-8d8e-5065ca3330c2,23142979-9fb6-4fd3-bd82-62d7e0add75f,65e5d8ee-a748-481c-ab90-c70352f1c229,K9J2CG72MCZ79CYB,submitted,Structure and Grid is missing in the file. Please include it for a comprehensive review.,2025-08-12 11:48:07.508,2025-08-12 11:48:07.508,,1
4085183,bf996092-8d66-408a-8d8e-5065ca3330c2,967e785d-d83c-490b-8d6a-2ed926c956ac,3d00744c-d2e2-4a85-88e1-db489b85e282,C6Z2RETEN3MN8XZF,submitted,Change PCC qty.,2025-08-18 07:28:44.349,2025-08-18 07:28:44.349,,1
4085185,bf996092-8d66-408a-8d8e-5065ca3330c2,967e785d-d83c-490b-8d6a-2ed926c956ac,d71ea8e0-596c-4870-a44b-e22df0728e38,C6Z2RETEN3MN8XZF,submitted,Change PCC qty.,2025-08-18 07:29:22.195,2025-08-18 07:29:22.195,,1
4085186,bf996092-8d66-408a-8d8e-5065ca3330c2,967e785d-d83c-490b-8d6a-2ed926c956ac,7610b28c-689a-4d8f-a6eb-3ac30be3796c,C6Z2RETEN3MN8XZF,submitted,Change PCC qty.,2025-08-18 07:29:46.393,2025-08-18 07:29:46.393,,1
4085204,bf996092-8d66-408a-8d8e-5065ca3330c2,967e785d-d83c-490b-8d6a-2ed926c956ac,9a8349d7-ef8d-404c-901b-ed0d112b2332,C6Z2RETEN3MN8XZF,submitted,Change PCC qty.,2025-08-18 07:34:47.239,2025-08-18 07:34:47.239,,1
4107146,bf996092-8d66-408a-8d8e-5065ca3330c2,f6ab14eb-1a66-4ea5-8a0f-0afbda444403,ce231121-ddc1-45da-beea-4395aca68cc6,NXBJU9KZRN2LR6EX,submitted,Manpower report wrong,2025-08-25 05:18:41.733,2025-08-25 05:18:41.733,,1
4107389,bf996092-8d66-408a-8d8e-5065ca3330c2,f6ab14eb-1a66-4ea5-8a0f-0afbda444403,6bd05a88-dc82-4830-87e1-cb11b5c93bf2,NTHFQB8P8X3C,submitted,The comments has been shared with drwaings,2025-08-25 06:53:46.729,2025-08-25 06:53:46.729,,1
4107481,bf996092-8d66-408a-8d8e-5065ca3330c2,f6ab14eb-1a66-4ea5-8a0f-0afbda444403,66e53e04-daa0-4d71-9ed4-afa26a5e5c30,NXBJU9KZRN2LR6EX,submitted,Date is not correct,2025-08-25 07:15:56.416,2025-08-25 07:15:56.416,,1
4107508,bf996092-8d66-408a-8d8e-5065ca3330c2,f6ab14eb-1a66-4ea5-8a0f-0afbda444403,8c1bf98d-f405-418b-b0f5-0073a1d65be3,NXBJU9KZRN2LR6EX,submitted,WRONG DATA ENTER,2025-08-25 07:19:18.248,2025-08-25 07:19:18.248,,1
4107517,bf996092-8d66-408a-8d8e-5065ca3330c2,f6ab14eb-1a66-4ea5-8a0f-0afbda444403,7490442a-e770-4cb7-aa10-de9da4aa290f,NXBJU9KZRN2LR6EX,submitted,DATA NOT CORRECT,2025-08-25 07:21:32.958,2025-08-25 07:21:32.958,,1
4107566,bf996092-8d66-408a-8d8e-5065ca3330c2,f6ab14eb-1a66-4ea5-8a0f-0afbda444403,a530ee5e-4a01-466a-8099-82ca6509c261,H4J29KZBMAKAE737,submitted,kindly provide the drawing as per final discussion and plan should be overlap on final architecture plans,2025-08-25 07:34:05.967,2025-08-25 07:34:05.967,,1
