id,bim360_account_id,bim360_project_id,rfi_id,from_status,to_status,created_at,created_by
15bedcfa-064b-4592-a801-1c151441863d,bf996092-8d66-408a-8d8e-5065ca3330c2,ada6015d-9fce-4f2c-b20f-fc9122d2face,b0299193-39bf-4e3b-891f-8659b358ae85,,draft,2025-03-05 09:42:35.628,Z3429E4KRUPBNHD4
c6d7df59-f2ed-421c-9330-37840a490954,bf996092-8d66-408a-8d8e-5065ca3330c2,3473261e-0400-4f3f-881d-b12012018bee,8526edfc-ea2a-44bd-9b09-edb1072ac332,,draft,2025-03-05 10:24:31.267,CMJ2N3U8MSMRM8ZA
8a5fbab1-3a80-42fe-8667-4a4eee6683bf,bf996092-8d66-408a-8d8e-5065ca3330c2,f679f4cf-c089-4a2b-9b84-b14129630601,45153a66-5422-4e2f-9a8e-0e3713ff9d2f,,open,2025-05-28 10:43:54.289,7XGJKR7GMJ4QN93J
34c789d6-06aa-46d0-ac60-82eca01a9979,bf996092-8d66-408a-8d8e-5065ca3330c2,967e785d-d83c-490b-8d6a-2ed926c956ac,05050ce4-7eb8-47c5-b0d7-2463271de5c6,answered,closed,2025-06-03 06:05:48.058,U8Q2F3P4M3PWWQXF
51965957-50b0-4903-87fc-edfea65b35f4,bf996092-8d66-408a-8d8e-5065ca3330c2,967e785d-d83c-490b-8d6a-2ed926c956ac,05050ce4-7eb8-47c5-b0d7-2463271de5c6,closed,answered,2025-06-03 06:05:55.508,U8Q2F3P4M3PWWQXF
9299f4b7-c595-487f-a82b-118ab7213026,bf996092-8d66-408a-8d8e-5065ca3330c2,967e785d-d83c-490b-8d6a-2ed926c956ac,05050ce4-7eb8-47c5-b0d7-2463271de5c6,answered,closed,2025-06-03 06:07:49.673,U8Q2F3P4M3PWWQXF
6c53bc80-9274-498a-af9f-ff30075fe456,bf996092-8d66-408a-8d8e-5065ca3330c2,967e785d-d83c-490b-8d6a-2ed926c956ac,703cfc1d-6e3f-4588-8cce-bb97d726d407,,draft,2025-06-03 10:28:40.661,WK7J3NJWMTCK9UWQ
c516e12f-6ec1-42f1-bb3b-dab443855286,bf996092-8d66-408a-8d8e-5065ca3330c2,967e785d-d83c-490b-8d6a-2ed926c956ac,703cfc1d-6e3f-4588-8cce-bb97d726d407,draft,submitted,2025-06-03 10:32:39.757,WK7J3NJWMTCK9UWQ
cf20abf3-f0ba-4e53-8e14-ca9a5dbd6110,bf996092-8d66-408a-8d8e-5065ca3330c2,967e785d-d83c-490b-8d6a-2ed926c956ac,703cfc1d-6e3f-4588-8cce-bb97d726d407,submitted,openRev1,2025-06-03 10:37:34.014,U8Q2F3P4M3PWWQXF
fc2e8179-541e-4723-9927-442c8cbd6774,bf996092-8d66-408a-8d8e-5065ca3330c2,967e785d-d83c-490b-8d6a-2ed926c956ac,703cfc1d-6e3f-4588-8cce-bb97d726d407,openRev1,openRev2,2025-06-03 10:38:15.597,U8Q2F3P4M3PWWQXF
8b1d72e3-360c-44ae-b5b5-7817794cd8c6,bf996092-8d66-408a-8d8e-5065ca3330c2,f679f4cf-c089-4a2b-9b84-b14129630601,45153a66-5422-4e2f-9a8e-0e3713ff9d2f,open,answered,2025-06-16 12:11:24.865,7XGJKR7GMJ4QN93J
b796da9d-71a4-4f25-8514-a719ab331010,bf996092-8d66-408a-8d8e-5065ca3330c2,f679f4cf-c089-4a2b-9b84-b14129630601,45153a66-5422-4e2f-9a8e-0e3713ff9d2f,answered,closed,2025-06-16 12:11:59.529,7XGJKR7GMJ4QN93J
20152ce7-2b15-43d7-8f57-18e4b21ddd4c,bf996092-8d66-408a-8d8e-5065ca3330c2,ada6015d-9fce-4f2c-b20f-fc9122d2face,7282e0b3-873b-4574-bd2c-3fc97d553ee9,draft,open,2025-06-20 12:34:18.202,DVW2J8GUNHESYYKC
4dd2fb20-dd38-4102-b88f-b5e566925ffd,bf996092-8d66-408a-8d8e-5065ca3330c2,ada6015d-9fce-4f2c-b20f-fc9122d2face,7282e0b3-873b-4574-bd2c-3fc97d553ee9,open,answered,2025-06-20 12:34:50.458,DVW2J8GUNHESYYKC
5f652af3-1065-4277-968c-3afe5389daee,bf996092-8d66-408a-8d8e-5065ca3330c2,ada6015d-9fce-4f2c-b20f-fc9122d2face,7282e0b3-873b-4574-bd2c-3fc97d553ee9,answered,closed,2025-06-20 12:35:20.267,DVW2J8GUNHESYYKC
9af069f8-461d-4a26-bff7-ab211d47ab24,bf996092-8d66-408a-8d8e-5065ca3330c2,f679f4cf-c089-4a2b-9b84-b14129630601,bff81e2b-9089-470d-8f07-7311d06b75a7,open,answered,2025-07-17 12:48:36.816,S762NMGBKUB423MM
1ddeeede-dbf9-4371-a6b0-1082221817a4,bf996092-8d66-408a-8d8e-5065ca3330c2,967e785d-d83c-490b-8d6a-2ed926c956ac,2623b592-b957-46c8-868e-77cb4788d069,openRev1,answeredManager,2025-07-22 05:11:12.005,G5LJ2CH9PRAMRT7X
1b73a142-a351-45de-800d-23192dfbffcc,bf996092-8d66-408a-8d8e-5065ca3330c2,967e785d-d83c-490b-8d6a-2ed926c956ac,86d9b4a1-5f2b-4586-94a4-b228db89c15c,openRev1,answeredManager,2025-07-22 05:23:13.42,G5LJ2CH9PRAMRT7X
7b26292d-d05f-493b-9cc5-c0ef05baa048,bf996092-8d66-408a-8d8e-5065ca3330c2,967e785d-d83c-490b-8d6a-2ed926c956ac,86d9b4a1-5f2b-4586-94a4-b228db89c15c,answeredManager,closed,2025-07-22 06:07:08.289,U8Q2F3P4M3PWWQXF
c2b6d275-eb56-41d1-9d87-1b2e68d3b234,bf996092-8d66-408a-8d8e-5065ca3330c2,967e785d-d83c-490b-8d6a-2ed926c956ac,2623b592-b957-46c8-868e-77cb4788d069,answeredManager,closed,2025-07-22 06:08:23.899,U8Q2F3P4M3PWWQXF
627ff212-45fa-42ce-b189-4568c4da0b57,bf996092-8d66-408a-8d8e-5065ca3330c2,967e785d-d83c-490b-8d6a-2ed926c956ac,96a263f8-ed22-464e-91e0-cfa64dc3b89b,openRev2,answeredRev1,2025-07-25 04:59:11.831,67E2T63RRMUGH3NG
f81b0a36-c170-4200-8ca6-8b76b4427683,bf996092-8d66-408a-8d8e-5065ca3330c2,967e785d-d83c-490b-8d6a-2ed926c956ac,96a263f8-ed22-464e-91e0-cfa64dc3b89b,answeredRev1,answeredManager,2025-07-25 04:59:26.797,67E2T63RRMUGH3NG
98f710f8-3f93-4583-bbc0-cdf56e42700d,bf996092-8d66-408a-8d8e-5065ca3330c2,967e785d-d83c-490b-8d6a-2ed926c956ac,96a263f8-ed22-464e-91e0-cfa64dc3b89b,answeredManager,closed,2025-07-25 05:02:17.749,U8Q2F3P4M3PWWQXF
5a5a249f-0a4b-4f54-b2c5-95f6bf0ad4be,bf996092-8d66-408a-8d8e-5065ca3330c2,967e785d-d83c-490b-8d6a-2ed926c956ac,96a263f8-ed22-464e-91e0-cfa64dc3b89b,closed,answeredManager,2025-07-25 05:02:23.881,U8Q2F3P4M3PWWQXF
6cf21d36-ead1-42bc-83a0-0f6cfeec778e,bf996092-8d66-408a-8d8e-5065ca3330c2,967e785d-d83c-490b-8d6a-2ed926c956ac,96a263f8-ed22-464e-91e0-cfa64dc3b89b,answeredManager,closed,2025-07-25 05:03:23.357,U8Q2F3P4M3PWWQXF
c17b39af-87a8-40d1-bc16-b0d9c01aab12,bf996092-8d66-408a-8d8e-5065ca3330c2,967e785d-d83c-490b-8d6a-2ed926c956ac,974dd3ab-d863-4dad-b8cd-6daac1016478,,openRev1,2025-08-21 05:36:49.25,U8Q2F3P4M3PWWQXF
4c64468d-da60-4da9-857a-b951dd72f4d3,bf996092-8d66-408a-8d8e-5065ca3330c2,ada6015d-9fce-4f2c-b20f-fc9122d2face,5d584edc-7355-457f-97d2-16c8a0318d6b,,draft,2025-03-07 07:50:01.217,EHAJMY6KJEY6BP5Y
ee464cb1-22f0-4231-b5de-ebb6eb8a4aae,bf996092-8d66-408a-8d8e-5065ca3330c2,ada6015d-9fce-4f2c-b20f-fc9122d2face,5d584edc-7355-457f-97d2-16c8a0318d6b,draft,submitted,2025-03-07 07:51:43.139,EHAJMY6KJEY6BP5Y
449febc0-c9ed-4269-8bff-4225cf8b8641,bf996092-8d66-408a-8d8e-5065ca3330c2,ada6015d-9fce-4f2c-b20f-fc9122d2face,5d584edc-7355-457f-97d2-16c8a0318d6b,submitted,open,2025-03-07 07:54:27.647,Z3429E4KRUPBNHD4
03fbd980-104f-4ca4-b17f-2ca235589e22,bf996092-8d66-408a-8d8e-5065ca3330c2,ada6015d-9fce-4f2c-b20f-fc9122d2face,5d584edc-7355-457f-97d2-16c8a0318d6b,open,answered,2025-03-07 07:54:59.92,Z3429E4KRUPBNHD4
9ece89dd-c66f-4dfd-ac4d-163b49a96ab2,bf996092-8d66-408a-8d8e-5065ca3330c2,ada6015d-9fce-4f2c-b20f-fc9122d2face,5d584edc-7355-457f-97d2-16c8a0318d6b,answered,closed,2025-03-07 07:56:03.287,Z3429E4KRUPBNHD4
350f7b8d-d0d7-4cc0-a300-501a3947103a,bf996092-8d66-408a-8d8e-5065ca3330c2,ada6015d-9fce-4f2c-b20f-fc9122d2face,82eab9df-677f-4593-8f6d-8c74e38a1ff6,,submitted,2025-03-07 08:00:15.299,EHAJMY6KJEY6BP5Y
f0cde180-ca9f-4c28-bae5-48b0e6abdffb,bf996092-8d66-408a-8d8e-5065ca3330c2,ada6015d-9fce-4f2c-b20f-fc9122d2face,82eab9df-677f-4593-8f6d-8c74e38a1ff6,submitted,open,2025-03-07 08:00:31.082,Z3429E4KRUPBNHD4
5fbd7b30-46ea-4058-8330-5a6690db3b76,bf996092-8d66-408a-8d8e-5065ca3330c2,ada6015d-9fce-4f2c-b20f-fc9122d2face,82eab9df-677f-4593-8f6d-8c74e38a1ff6,open,answered,2025-03-07 08:01:58.453,Z3429E4KRUPBNHD4
b6125ea0-d6d8-4f6f-9f1e-d6b0e9d1a51d,bf996092-8d66-408a-8d8e-5065ca3330c2,ada6015d-9fce-4f2c-b20f-fc9122d2face,82eab9df-677f-4593-8f6d-8c74e38a1ff6,answered,open,2025-03-07 08:02:57.492,Z3429E4KRUPBNHD4
7388990d-a99d-49f5-9b91-cf813cef29b4,bf996092-8d66-408a-8d8e-5065ca3330c2,ada6015d-9fce-4f2c-b20f-fc9122d2face,82eab9df-677f-4593-8f6d-8c74e38a1ff6,open,answered,2025-03-07 08:03:42.016,Z3429E4KRUPBNHD4
d481aef2-24e0-432f-8b68-e4cdb5e4861b,bf996092-8d66-408a-8d8e-5065ca3330c2,ada6015d-9fce-4f2c-b20f-fc9122d2face,82eab9df-677f-4593-8f6d-8c74e38a1ff6,answered,closed,2025-03-07 08:04:05.675,Z3429E4KRUPBNHD4
5f16126f-7151-4296-b05d-8831c839bf48,bf996092-8d66-408a-8d8e-5065ca3330c2,ada6015d-9fce-4f2c-b20f-fc9122d2face,e7de1f64-5f22-4757-ae61-7275b21cec04,,draft,2025-05-07 07:01:00.123,K2J2KRKSN8WCREQG
204775fc-137d-48fc-aa14-8d16c9e4e1ea,bf996092-8d66-408a-8d8e-5065ca3330c2,967e785d-d83c-490b-8d6a-2ed926c956ac,b6c962b1-dc41-4ce0-a21f-9bbfcfbea40a,draft,void,2025-05-14 09:52:32.821,CMJ2N3U8MSMRM8ZA
46320d7f-f3b7-484e-8721-ea16557f781f,bf996092-8d66-408a-8d8e-5065ca3330c2,967e785d-d83c-490b-8d6a-2ed926c956ac,122c766e-4a34-4a13-8641-637176d1ce2c,draft,void,2025-05-14 09:53:05.369,CMJ2N3U8MSMRM8ZA
da9abee7-916c-4b86-8d2c-c8ad00b3dd85,bf996092-8d66-408a-8d8e-5065ca3330c2,ada6015d-9fce-4f2c-b20f-fc9122d2face,9bf2869f-da2e-4282-8c03-5588b932d8b4,,open,2025-05-14 10:29:42.851,CMJ2N3U8MSMRM8ZA
5d6b8dc6-6838-47c8-92b5-e1412c84603b,bf996092-8d66-408a-8d8e-5065ca3330c2,ada6015d-9fce-4f2c-b20f-fc9122d2face,6f61287e-aabf-4244-9508-328892a68dcd,,open,2025-05-14 10:38:52.772,CMJ2N3U8MSMRM8ZA
b6f4eb5f-b5db-4410-9011-8c655f06d7cc,bf996092-8d66-408a-8d8e-5065ca3330c2,ada6015d-9fce-4f2c-b20f-fc9122d2face,bfaf378f-5271-4593-8374-2d1495aacea0,,submitted,2025-05-14 11:27:03.323,YEYJGRGXQH2X5DAY
9cccc568-6864-4561-ac09-732a63fc8c86,bf996092-8d66-408a-8d8e-5065ca3330c2,ada6015d-9fce-4f2c-b20f-fc9122d2face,bfaf378f-5271-4593-8374-2d1495aacea0,submitted,open,2025-05-14 11:27:38.027,YEYJGRGXQH2X5DAY
450289d3-fcf4-4030-8d5c-7d43559f60c3,bf996092-8d66-408a-8d8e-5065ca3330c2,ada6015d-9fce-4f2c-b20f-fc9122d2face,63a8591c-f7bd-4448-8d90-e3894eb810e8,,draft,2025-05-22 04:18:09.866,3TSJN3BRN9YVX2DX
149ced3a-3fc8-48b4-9547-9cd061021a39,bf996092-8d66-408a-8d8e-5065ca3330c2,ada6015d-9fce-4f2c-b20f-fc9122d2face,940d0f6c-6d48-4a8e-884b-f75a8b003042,,openRev1,2025-05-22 06:20:36.006,CMJ2N3U8MSMRM8ZA
e361d64a-ff61-49f5-8a54-307942e18dbc,bf996092-8d66-408a-8d8e-5065ca3330c2,ada6015d-9fce-4f2c-b20f-fc9122d2face,940d0f6c-6d48-4a8e-884b-f75a8b003042,openRev1,submitted,2025-05-22 06:28:23.939,3NH2Q57QKQWJE37V
a549cc0e-c7b9-48b7-9938-dc2c69674d78,bf996092-8d66-408a-8d8e-5065ca3330c2,f679f4cf-c089-4a2b-9b84-b14129630601,4dbed860-0879-4aa4-9a98-1f20405dd952,,open,2025-05-22 06:41:31.91,7XGJKR7GMJ4QN93J
6db3f145-926e-4176-918d-c68e5082c51a,bf996092-8d66-408a-8d8e-5065ca3330c2,ada6015d-9fce-4f2c-b20f-fc9122d2face,940d0f6c-6d48-4a8e-884b-f75a8b003042,submitted,void,2025-05-22 07:00:00.069,V9Q2X946QA52XTJG
88380435-bd29-4e49-a318-8cc73b016e57,bf996092-8d66-408a-8d8e-5065ca3330c2,ada6015d-9fce-4f2c-b20f-fc9122d2face,cdad1adc-45ec-4168-82b0-16632c84986e,,submitted,2025-05-22 07:06:00.568,CMJ2N3U8MSMRM8ZA
7910dbb4-b045-49c9-a72c-8774ff446938,bf996092-8d66-408a-8d8e-5065ca3330c2,ada6015d-9fce-4f2c-b20f-fc9122d2face,cdad1adc-45ec-4168-82b0-16632c84986e,submitted,draft,2025-05-22 07:06:14.928,CMJ2N3U8MSMRM8ZA
cb04e632-42dc-4a56-8d0e-c41585ec2d0a,bf996092-8d66-408a-8d8e-5065ca3330c2,ada6015d-9fce-4f2c-b20f-fc9122d2face,cdad1adc-45ec-4168-82b0-16632c84986e,draft,submitted,2025-05-22 07:06:35.259,CMJ2N3U8MSMRM8ZA
c0ceda55-f63a-4f82-9aaa-cdc9c5d8d956,bf996092-8d66-408a-8d8e-5065ca3330c2,ada6015d-9fce-4f2c-b20f-fc9122d2face,cdad1adc-45ec-4168-82b0-16632c84986e,submitted,openRev1,2025-05-22 07:20:56.265,3NH2Q57QKQWJE37V
50c06984-0a88-472b-9036-9fd3c9a00c1d,bf996092-8d66-408a-8d8e-5065ca3330c2,ada6015d-9fce-4f2c-b20f-fc9122d2face,cdad1adc-45ec-4168-82b0-16632c84986e,openRev1,openRev2,2025-05-22 07:21:47.09,3NH2Q57QKQWJE37V
51d2f167-c326-4449-9794-721468bcf6b3,bf996092-8d66-408a-8d8e-5065ca3330c2,ada6015d-9fce-4f2c-b20f-fc9122d2face,cdad1adc-45ec-4168-82b0-16632c84986e,openRev2,openRev1,2025-05-22 07:22:31.005,3NH2Q57QKQWJE37V
714a420e-e36f-4310-a104-c1cfeb32e454,bf996092-8d66-408a-8d8e-5065ca3330c2,ada6015d-9fce-4f2c-b20f-fc9122d2face,cdad1adc-45ec-4168-82b0-16632c84986e,openRev1,openRev2,2025-05-22 07:22:43.793,3NH2Q57QKQWJE37V
a5435a37-976b-48e7-9000-72c9c8eb78ab,bf996092-8d66-408a-8d8e-5065ca3330c2,ada6015d-9fce-4f2c-b20f-fc9122d2face,cdad1adc-45ec-4168-82b0-16632c84986e,openRev2,openRev1,2025-05-22 07:27:31.501,V9Q2X946QA52XTJG
3fa8cd08-6ef5-49da-9152-868c45cb7be0,bf996092-8d66-408a-8d8e-5065ca3330c2,ada6015d-9fce-4f2c-b20f-fc9122d2face,cdad1adc-45ec-4168-82b0-16632c84986e,openRev1,openRev2,2025-05-22 07:27:51.765,V9Q2X946QA52XTJG
54ad62b7-f288-40d9-b609-1331adb671a7,bf996092-8d66-408a-8d8e-5065ca3330c2,ada6015d-9fce-4f2c-b20f-fc9122d2face,cdad1adc-45ec-4168-82b0-16632c84986e,openRev2,answeredRev1,2025-05-22 07:41:58.649,CMJ2N3U8MSMRM8ZA
77b5dd63-e189-4f6c-a7c0-13b8a6028fc5,bf996092-8d66-408a-8d8e-5065ca3330c2,ada6015d-9fce-4f2c-b20f-fc9122d2face,cdad1adc-45ec-4168-82b0-16632c84986e,answeredRev1,openRev2,2025-05-22 08:41:12.318,V9Q2X946QA52XTJG
abbcc46f-fc5b-42b9-b909-6debe8e06b09,bf996092-8d66-408a-8d8e-5065ca3330c2,f679f4cf-c089-4a2b-9b84-b14129630601,c1b95096-23e6-4519-8f28-09c0eb95fafd,answeredManager,closed,2025-05-22 08:43:40.142,7XGJKR7GMJ4QN93J
59eebc5e-ac95-4ecf-bf2d-18acb8837d22,bf996092-8d66-408a-8d8e-5065ca3330c2,ada6015d-9fce-4f2c-b20f-fc9122d2face,cdad1adc-45ec-4168-82b0-16632c84986e,openRev2,answeredRev1,2025-05-22 09:15:45.239,CMJ2N3U8MSMRM8ZA
091618bb-ff7f-415c-9731-203c5f6d5f47,bf996092-8d66-408a-8d8e-5065ca3330c2,ada6015d-9fce-4f2c-b20f-fc9122d2face,cdad1adc-45ec-4168-82b0-16632c84986e,answeredRev1,answeredManager,2025-05-22 09:18:09.352,CMJ2N3U8MSMRM8ZA
84a4a2f4-ad3e-47a8-a7ac-c3d8e8f90fae,bf996092-8d66-408a-8d8e-5065ca3330c2,ada6015d-9fce-4f2c-b20f-fc9122d2face,cdad1adc-45ec-4168-82b0-16632c84986e,answeredManager,answeredRev1,2025-05-22 09:20:06.904,3NH2Q57QKQWJE37V
cea9d351-78f5-4791-86df-854841abd212,bf996092-8d66-408a-8d8e-5065ca3330c2,ada6015d-9fce-4f2c-b20f-fc9122d2face,7f5cb8a6-045c-4ea5-9be3-1015bd7d7ce3,,submitted,2025-05-22 09:49:56.401,CMJ2N3U8MSMRM8ZA
c9c9db89-1999-49d4-973f-67f8e7698ebe,bf996092-8d66-408a-8d8e-5065ca3330c2,ada6015d-9fce-4f2c-b20f-fc9122d2face,7f5cb8a6-045c-4ea5-9be3-1015bd7d7ce3,submitted,draft,2025-05-22 10:10:25.292,3NH2Q57QKQWJE37V
f5285025-78f9-4770-9be4-06ceb4266435,bf996092-8d66-408a-8d8e-5065ca3330c2,ada6015d-9fce-4f2c-b20f-fc9122d2face,7f5cb8a6-045c-4ea5-9be3-1015bd7d7ce3,draft,submitted,2025-05-22 10:11:39.001,CMJ2N3U8MSMRM8ZA
ebab59fb-614a-4043-ae14-30cf5be3f661,bf996092-8d66-408a-8d8e-5065ca3330c2,ada6015d-9fce-4f2c-b20f-fc9122d2face,7f5cb8a6-045c-4ea5-9be3-1015bd7d7ce3,submitted,open,2025-05-22 10:12:10.685,3NH2Q57QKQWJE37V
55b6262e-7d6d-4e7a-b0ae-65ee03e8a2ee,bf996092-8d66-408a-8d8e-5065ca3330c2,ada6015d-9fce-4f2c-b20f-fc9122d2face,7f5cb8a6-045c-4ea5-9be3-1015bd7d7ce3,open,answered,2025-05-22 10:19:41.639,CMJ2N3U8MSMRM8ZA
5c4f6409-6d60-49a9-9a41-bb6df2704a3f,bf996092-8d66-408a-8d8e-5065ca3330c2,ada6015d-9fce-4f2c-b20f-fc9122d2face,337cf77d-9035-4ea4-b98c-9343ef205817,,submitted,2025-05-22 10:27:08.749,CMJ2N3U8MSMRM8ZA
b5f3c6ed-547d-48ab-a5b3-934754a897b5,bf996092-8d66-408a-8d8e-5065ca3330c2,ada6015d-9fce-4f2c-b20f-fc9122d2face,337cf77d-9035-4ea4-b98c-9343ef205817,submitted,openRev1,2025-05-22 10:29:32.406,3NH2Q57QKQWJE37V
8fa13076-e6f6-47a7-b1db-c515dedf9ef1,bf996092-8d66-408a-8d8e-5065ca3330c2,ada6015d-9fce-4f2c-b20f-fc9122d2face,337cf77d-9035-4ea4-b98c-9343ef205817,openRev1,submitted,2025-05-22 10:36:46.767,3NH2Q57QKQWJE37V
4d719ea1-111b-4905-b2b0-2d426e4eda40,bf996092-8d66-408a-8d8e-5065ca3330c2,ada6015d-9fce-4f2c-b20f-fc9122d2face,337cf77d-9035-4ea4-b98c-9343ef205817,submitted,openRev1,2025-05-22 10:37:14.852,3NH2Q57QKQWJE37V
0c71282d-44b0-4850-808e-7fff737a0870,bf996092-8d66-408a-8d8e-5065ca3330c2,ada6015d-9fce-4f2c-b20f-fc9122d2face,337cf77d-9035-4ea4-b98c-9343ef205817,openRev1,openRev2,2025-05-22 10:42:48.956,3NH2Q57QKQWJE37V
bfab4766-0c77-4d6f-a86e-a9e8a94c57b8,bf996092-8d66-408a-8d8e-5065ca3330c2,ada6015d-9fce-4f2c-b20f-fc9122d2face,337cf77d-9035-4ea4-b98c-9343ef205817,openRev2,answeredRev1,2025-05-22 10:43:41.719,3NH2Q57QKQWJE37V
25b0e16e-e25b-4c70-a651-048e18a88e29,bf996092-8d66-408a-8d8e-5065ca3330c2,ada6015d-9fce-4f2c-b20f-fc9122d2face,337cf77d-9035-4ea4-b98c-9343ef205817,answeredRev1,answeredManager,2025-05-22 10:43:47.233,3NH2Q57QKQWJE37V
1bce57fe-15be-4673-831c-54891eb2c396,bf996092-8d66-408a-8d8e-5065ca3330c2,ada6015d-9fce-4f2c-b20f-fc9122d2face,337cf77d-9035-4ea4-b98c-9343ef205817,answeredManager,closed,2025-05-22 10:43:52.259,3NH2Q57QKQWJE37V
809354c2-d58b-44e3-a2a5-dbe77c66b4c1,bf996092-8d66-408a-8d8e-5065ca3330c2,967e785d-d83c-490b-8d6a-2ed926c956ac,eabfeed2-bcf3-4530-b2c3-20fbdd3f965a,open,answered,2025-05-29 09:19:11.133,G5LJ2CH9PRAMRT7X
972f3676-3645-4c5b-a5bf-b865761aecd5,bf996092-8d66-408a-8d8e-5065ca3330c2,967e785d-d83c-490b-8d6a-2ed926c956ac,16f0e834-6a58-48ab-b7f8-2c678dcbffaa,answered,closed,2025-05-29 10:28:33.15,U8Q2F3P4M3PWWQXF
c417cc4e-d8c6-4af5-ac53-09f91baa2fdd,bf996092-8d66-408a-8d8e-5065ca3330c2,ada6015d-9fce-4f2c-b20f-fc9122d2face,6f61287e-aabf-4244-9508-328892a68dcd,open,answered,2025-06-10 08:26:17.588,Z3429E4KRUPBNHD4
58faf849-0f60-45c6-858f-b988310d8aca,bf996092-8d66-408a-8d8e-5065ca3330c2,ada6015d-9fce-4f2c-b20f-fc9122d2face,6f61287e-aabf-4244-9508-328892a68dcd,answered,closed,2025-06-10 08:35:28.949,Z3429E4KRUPBNHD4
2235e291-0289-4ca9-8883-d8e7019d09d5,bf996092-8d66-408a-8d8e-5065ca3330c2,f679f4cf-c089-4a2b-9b84-b14129630601,45153a66-5422-4e2f-9a8e-0e3713ff9d2f,open,answered,2025-06-10 14:55:51.727,FM42EJFZPNC5F3HF
a9950862-67f1-41ae-b16b-0518216ad26a,bf996092-8d66-408a-8d8e-5065ca3330c2,f679f4cf-c089-4a2b-9b84-b14129630601,0cd75373-6a38-46af-b878-5abccb5640ca,,open,2025-06-23 12:29:24.374,7XGJKR7GMJ4QN93J
702b5ab1-87a9-499e-b064-112d36e8742b,bf996092-8d66-408a-8d8e-5065ca3330c2,967e785d-d83c-490b-8d6a-2ed926c956ac,703cfc1d-6e3f-4588-8cce-bb97d726d407,openRev2,answeredRev1,2025-06-23 13:57:20.687,67E2T63RRMUGH3NG
2aa1ae12-5a54-4093-9531-731e590f33e2,bf996092-8d66-408a-8d8e-5065ca3330c2,967e785d-d83c-490b-8d6a-2ed926c956ac,a8f7f8a0-223e-43e2-8f86-03c530677d76,openRev2,answeredRev1,2025-06-23 14:09:44.019,67E2T63RRMUGH3NG
deb11c8b-f1fd-4f7a-9da7-eb4c6b199428,bf996092-8d66-408a-8d8e-5065ca3330c2,967e785d-d83c-490b-8d6a-2ed926c956ac,fcdfb5a9-1e9c-4797-afb5-46f7615f2e46,,submitted,2025-06-27 05:07:43.913,U8Q2F3P4M3PWWQXF
cbb1dc5d-52a0-4144-a5b6-eeaee5b8a5b2,bf996092-8d66-408a-8d8e-5065ca3330c2,967e785d-d83c-490b-8d6a-2ed926c956ac,fcdfb5a9-1e9c-4797-afb5-46f7615f2e46,submitted,openRev1,2025-06-27 09:33:15.1,U8Q2F3P4M3PWWQXF
ee6976d9-ab14-4db2-ab31-aaf87135fea0,bf996092-8d66-408a-8d8e-5065ca3330c2,f679f4cf-c089-4a2b-9b84-b14129630601,53f61369-aaca-4d22-952f-b49d2e81fbf4,,open,2025-06-28 07:09:11.017,7XGJKR7GMJ4QN93J
70a31bcc-5396-4786-8c97-4fadec77da59,bf996092-8d66-408a-8d8e-5065ca3330c2,f679f4cf-c089-4a2b-9b84-b14129630601,0cd75373-6a38-46af-b878-5abccb5640ca,open,answered,2025-07-04 08:53:17.757,G5LJ2CH9PRAMRT7X
aa2fb38b-6796-4c0e-9879-f7e7ee0e0f98,bf996092-8d66-408a-8d8e-5065ca3330c2,f679f4cf-c089-4a2b-9b84-b14129630601,53f61369-aaca-4d22-952f-b49d2e81fbf4,open,answered,2025-07-04 10:32:59.102,S762NMGBKUB423MM
1c3f32bc-e980-4e4b-8b28-d3726929aa92,bf996092-8d66-408a-8d8e-5065ca3330c2,f679f4cf-c089-4a2b-9b84-b14129630601,0cd75373-6a38-46af-b878-5abccb5640ca,answered,closed,2025-07-05 03:48:48.606,7XGJKR7GMJ4QN93J
d5c1301e-5a04-43ef-a0f1-40468f557d06,bf996092-8d66-408a-8d8e-5065ca3330c2,f679f4cf-c089-4a2b-9b84-b14129630601,53f61369-aaca-4d22-952f-b49d2e81fbf4,answered,closed,2025-07-05 03:50:55.495,7XGJKR7GMJ4QN93J
4537e06a-e83f-46c5-9fe3-5891ccaa4042,bf996092-8d66-408a-8d8e-5065ca3330c2,f679f4cf-c089-4a2b-9b84-b14129630601,87adb94e-c40f-4f41-be00-b99e961003af,,open,2025-07-10 11:35:13.178,7XGJKR7GMJ4QN93J
39c89c19-83c5-410b-b3a7-a90d6a765f74,bf996092-8d66-408a-8d8e-5065ca3330c2,f6ab14eb-1a66-4ea5-8a0f-0afbda444403,dab585c9-a66f-4494-9db2-798dc6fc7e3e,answeredManager,closed,2025-07-10 13:19:07.913,SFB2VPYZKPQ7XEGT
b50b4f8e-1ff6-46fa-9a36-fca844b94fbc,bf996092-8d66-408a-8d8e-5065ca3330c2,f679f4cf-c089-4a2b-9b84-b14129630601,64d26f6f-7580-4bc1-98ba-8ae54eed99fb,open,answered,2025-07-21 04:12:26.903,G5LJ2CH9PRAMRT7X
ea08bbb1-e1ce-4d40-ab5f-9ce08aaf5b25,bf996092-8d66-408a-8d8e-5065ca3330c2,967e785d-d83c-490b-8d6a-2ed926c956ac,86d9b4a1-5f2b-4586-94a4-b228db89c15c,,submitted,2025-07-21 11:30:26.658,U8Q2F3P4M3PWWQXF
4a133255-8db6-4112-ac80-cb86e4cdcc49,bf996092-8d66-408a-8d8e-5065ca3330c2,967e785d-d83c-490b-8d6a-2ed926c956ac,86d9b4a1-5f2b-4586-94a4-b228db89c15c,submitted,openRev1,2025-07-21 11:32:00.662,U8Q2F3P4M3PWWQXF
fcbbd5d8-235e-4422-be97-948d44eed4ea,bf996092-8d66-408a-8d8e-5065ca3330c2,967e785d-d83c-490b-8d6a-2ed926c956ac,2623b592-b957-46c8-868e-77cb4788d069,,submitted,2025-07-21 11:41:54.465,U8Q2F3P4M3PWWQXF
ec5f9433-9c2e-4eda-831d-a68fbafe28c7,bf996092-8d66-408a-8d8e-5065ca3330c2,967e785d-d83c-490b-8d6a-2ed926c956ac,2623b592-b957-46c8-868e-77cb4788d069,submitted,openRev1,2025-07-21 11:43:06.006,U8Q2F3P4M3PWWQXF
7f73ef2e-1f8a-49b9-ba88-9044d16b69f4,bf996092-8d66-408a-8d8e-5065ca3330c2,967e785d-d83c-490b-8d6a-2ed926c956ac,2446521d-2a01-483c-9946-10b851691706,openRev2,answeredRev1,2025-07-30 14:04:33.831,67E2T63RRMUGH3NG
e1a2fa73-a66c-441b-a85c-bfb3c9470663,bf996092-8d66-408a-8d8e-5065ca3330c2,967e785d-d83c-490b-8d6a-2ed926c956ac,2446521d-2a01-483c-9946-10b851691706,answeredRev1,answeredManager,2025-07-31 04:26:58.144,S762NMGBKUB423MM
8932068c-2d7b-4198-8144-a050e43a51cc,bf996092-8d66-408a-8d8e-5065ca3330c2,967e785d-d83c-490b-8d6a-2ed926c956ac,2446521d-2a01-483c-9946-10b851691706,answeredManager,closed,2025-07-31 05:49:44.112,U8Q2F3P4M3PWWQXF
3e40099b-ac1a-4177-a18f-5a0e4a5bc39d,bf996092-8d66-408a-8d8e-5065ca3330c2,967e785d-d83c-490b-8d6a-2ed926c956ac,912a0928-1599-459b-b703-92e9c6ac1f29,submitted,openRev1,2025-08-01 05:08:48.403,U8Q2F3P4M3PWWQXF
f9dd81d7-929d-4be6-864d-058bc4949603,bf996092-8d66-408a-8d8e-5065ca3330c2,967e785d-d83c-490b-8d6a-2ed926c956ac,64ba1333-14ae-405b-88c4-869d2810e5b2,,submitted,2025-08-01 05:09:25.609,U8Q2F3P4M3PWWQXF
f3fd3b17-ce2a-442a-a513-af7e116ba501,bf996092-8d66-408a-8d8e-5065ca3330c2,967e785d-d83c-490b-8d6a-2ed926c956ac,64ba1333-14ae-405b-88c4-869d2810e5b2,submitted,openRev1,2025-08-01 05:11:53.62,U8Q2F3P4M3PWWQXF
1a3794c8-0cf5-489d-b032-f0fd20014365,bf996092-8d66-408a-8d8e-5065ca3330c2,967e785d-d83c-490b-8d6a-2ed926c956ac,529f384b-b4b3-49bb-b473-b2921e49e125,,draft,2025-08-01 05:31:38.871,WK7J3NJWMTCK9UWQ
e4569132-5f6b-4d55-a0c6-1a6fcc20df25,bf996092-8d66-408a-8d8e-5065ca3330c2,967e785d-d83c-490b-8d6a-2ed926c956ac,529f384b-b4b3-49bb-b473-b2921e49e125,draft,submitted,2025-08-01 05:32:02.302,WK7J3NJWMTCK9UWQ
939371a8-8fce-49fb-81ac-e7248812080f,bf996092-8d66-408a-8d8e-5065ca3330c2,f679f4cf-c089-4a2b-9b84-b14129630601,b03f59d3-7897-46cc-83ec-36e8415858d3,open,answered,2025-08-01 07:43:55.735,G5LJ2CH9PRAMRT7X
70ae5f5e-4b77-4e1a-a9db-8405eb065908,bf996092-8d66-408a-8d8e-5065ca3330c2,967e785d-d83c-490b-8d6a-2ed926c956ac,64ba1333-14ae-405b-88c4-869d2810e5b2,openRev1,answeredManager,2025-08-01 07:57:30.135,G5LJ2CH9PRAMRT7X
298c00b2-7e92-48a2-8e2d-bad17c00453b,bf996092-8d66-408a-8d8e-5065ca3330c2,ada6015d-9fce-4f2c-b20f-fc9122d2face,e66c5a9d-a05d-4530-8c34-7e0e52b9a36b,,openRev1,2025-08-01 10:12:12.416,CMJ2N3U8MSMRM8ZA
86ab07a3-16a0-4f6d-a3ea-f4874ffe3413,bf996092-8d66-408a-8d8e-5065ca3330c2,ada6015d-9fce-4f2c-b20f-fc9122d2face,e66c5a9d-a05d-4530-8c34-7e0e52b9a36b,openRev1,openRev2,2025-08-01 10:13:00.091,CMJ2N3U8MSMRM8ZA
44198ebd-3186-4e25-ae22-04612b40303d,bf996092-8d66-408a-8d8e-5065ca3330c2,ada6015d-9fce-4f2c-b20f-fc9122d2face,e66c5a9d-a05d-4530-8c34-7e0e52b9a36b,openRev2,answeredRev1,2025-08-01 10:13:20.524,CMJ2N3U8MSMRM8ZA
7f8dcd8a-a45c-490d-84e0-5b95f9d151a5,bf996092-8d66-408a-8d8e-5065ca3330c2,ada6015d-9fce-4f2c-b20f-fc9122d2face,e66c5a9d-a05d-4530-8c34-7e0e52b9a36b,answeredRev1,answeredManager,2025-08-01 10:13:41.606,CMJ2N3U8MSMRM8ZA
3aa60cba-de40-4b6d-9239-05a91d01536d,bf996092-8d66-408a-8d8e-5065ca3330c2,ada6015d-9fce-4f2c-b20f-fc9122d2face,e66c5a9d-a05d-4530-8c34-7e0e52b9a36b,answeredManager,closed,2025-08-01 10:14:48.798,CMJ2N3U8MSMRM8ZA
b710a7ed-baf0-4ee4-9bda-f1c628f3f161,bf996092-8d66-408a-8d8e-5065ca3330c2,967e785d-d83c-490b-8d6a-2ed926c956ac,64ba1333-14ae-405b-88c4-869d2810e5b2,answeredManager,openRev1,2025-08-01 12:08:19.283,U8Q2F3P4M3PWWQXF
b74283b6-376a-46cf-a2b3-41224ae3580d,bf996092-8d66-408a-8d8e-5065ca3330c2,967e785d-d83c-490b-8d6a-2ed926c956ac,529f384b-b4b3-49bb-b473-b2921e49e125,submitted,openRev1,2025-08-01 12:10:16.285,U8Q2F3P4M3PWWQXF
c4c6b207-abc8-4179-a571-c2c5761b1980,bf996092-8d66-408a-8d8e-5065ca3330c2,967e785d-d83c-490b-8d6a-2ed926c956ac,cd7c713a-ae11-4092-9580-89bc58188aa8,,draft,2025-08-10 05:17:40.204,WK7J3NJWMTCK9UWQ
dfbb3006-29d2-42dc-8469-76a62f32c691,bf996092-8d66-408a-8d8e-5065ca3330c2,967e785d-d83c-490b-8d6a-2ed926c956ac,974dd3ab-d863-4dad-b8cd-6daac1016478,openRev1,submitted,2025-08-21 09:52:30.462,S762NMGBKUB423MM
ae02a62e-7de8-44ca-bfe1-2341526c71df,bf996092-8d66-408a-8d8e-5065ca3330c2,967e785d-d83c-490b-8d6a-2ed926c956ac,cb6ebf4d-e2f9-43b2-a076-37e25ba5b267,openRev2,answeredRev1,2025-08-21 09:56:14.511,S762NMGBKUB423MM
7292b0e0-f6a2-4c61-a5f1-9e008606f426,bf996092-8d66-408a-8d8e-5065ca3330c2,967e785d-d83c-490b-8d6a-2ed926c956ac,cb6ebf4d-e2f9-43b2-a076-37e25ba5b267,answeredRev1,answeredManager,2025-08-21 09:56:39.316,S762NMGBKUB423MM
2cdd71ab-59c2-4cea-bcff-b2096fda6c88,bf996092-8d66-408a-8d8e-5065ca3330c2,967e785d-d83c-490b-8d6a-2ed926c956ac,974dd3ab-d863-4dad-b8cd-6daac1016478,submitted,openRev1,2025-08-21 12:28:30.556,U8Q2F3P4M3PWWQXF
fd89d868-42d8-4a95-9c43-dda26517f15a,bf996092-8d66-408a-8d8e-5065ca3330c2,967e785d-d83c-490b-8d6a-2ed926c956ac,974dd3ab-d863-4dad-b8cd-6daac1016478,openRev1,submitted,2025-08-21 12:46:04.47,S762NMGBKUB423MM
e866543d-bd0c-4f49-8f70-a12dca873971,bf996092-8d66-408a-8d8e-5065ca3330c2,967e785d-d83c-490b-8d6a-2ed926c956ac,cb6ebf4d-e2f9-43b2-a076-37e25ba5b267,answeredManager,closed,2025-08-21 15:50:09.342,U8Q2F3P4M3PWWQXF
e220951e-6b03-4f19-8572-97a9bf166724,bf996092-8d66-408a-8d8e-5065ca3330c2,967e785d-d83c-490b-8d6a-2ed926c956ac,974dd3ab-d863-4dad-b8cd-6daac1016478,submitted,openRev1,2025-08-21 15:51:00.436,U8Q2F3P4M3PWWQXF
efee5ac1-c63e-4dfc-bb22-9f78821204d2,bf996092-8d66-408a-8d8e-5065ca3330c2,967e785d-d83c-490b-8d6a-2ed926c956ac,10cd0dbf-d97b-447a-965e-0eb1519625be,,openRev1,2025-08-27 06:13:29.728,U8Q2F3P4M3PWWQXF
4fbf1e79-3290-4dc8-9cc8-b21d22bad685,bf996092-8d66-408a-8d8e-5065ca3330c2,967e785d-d83c-490b-8d6a-2ed926c956ac,10cd0dbf-d97b-447a-965e-0eb1519625be,openRev1,openRev2,2025-08-27 09:37:24.909,S762NMGBKUB423MM
02be4949-b704-47d3-b0ed-78ec554bacdb,bf996092-8d66-408a-8d8e-5065ca3330c2,f6ab14eb-1a66-4ea5-8a0f-0afbda444403,713040cc-7359-40c4-9cde-2538924f9ac3,,submitted,2025-08-27 12:47:49.146,FXYJ2FJQL3UMY6KM
0ba544cc-04fe-4e5f-ae6c-5296cc8a975e,bf996092-8d66-408a-8d8e-5065ca3330c2,f6ab14eb-1a66-4ea5-8a0f-0afbda444403,713040cc-7359-40c4-9cde-2538924f9ac3,submitted,draft,2025-08-27 12:47:59.319,FXYJ2FJQL3UMY6KM
2f7abda3-5d3c-4e41-a9f7-ea3ebad7f42b,bf996092-8d66-408a-8d8e-5065ca3330c2,967e785d-d83c-490b-8d6a-2ed926c956ac,2806d303-c642-48b1-af1e-7e81ffb890fc,openRev1,answeredManager,2025-08-27 13:00:42.843,H4J29KZBMAKAE737
ff477712-c5e2-490b-9abd-01b0a89eba6c,bf996092-8d66-408a-8d8e-5065ca3330c2,967e785d-d83c-490b-8d6a-2ed926c956ac,cd7c713a-ae11-4092-9580-89bc58188aa8,draft,submitted,2025-08-10 05:18:09.532,WK7J3NJWMTCK9UWQ
020c0cbc-9eba-456d-acd0-99445e4e0edb,bf996092-8d66-408a-8d8e-5065ca3330c2,967e785d-d83c-490b-8d6a-2ed926c956ac,cd7c713a-ae11-4092-9580-89bc58188aa8,submitted,openRev1,2025-08-11 00:44:58.939,U8Q2F3P4M3PWWQXF
9ee82eec-3569-4211-9a5c-db664deaf49e,bf996092-8d66-408a-8d8e-5065ca3330c2,967e785d-d83c-490b-8d6a-2ed926c956ac,5a12549f-3642-4f79-be20-4a54f670a66a,submitted,openRev1,2025-08-11 00:49:17.442,U8Q2F3P4M3PWWQXF
27faf770-2626-4b0e-95b5-f3833ffc7968,bf996092-8d66-408a-8d8e-5065ca3330c2,967e785d-d83c-490b-8d6a-2ed926c956ac,5a12549f-3642-4f79-be20-4a54f670a66a,openRev1,openRev2,2025-08-11 05:14:09.587,S762NMGBKUB423MM
66838858-93c7-4fd2-a460-f586913f9673,bf996092-8d66-408a-8d8e-5065ca3330c2,967e785d-d83c-490b-8d6a-2ed926c956ac,cd7c713a-ae11-4092-9580-89bc58188aa8,openRev1,openRev2,2025-08-11 05:15:40.057,S762NMGBKUB423MM
90f1bb00-ccb7-47c4-b444-cb311e02317e,bf996092-8d66-408a-8d8e-5065ca3330c2,f6ab14eb-1a66-4ea5-8a0f-0afbda444403,e2dce441-b9cf-4d11-b0bf-3ce7ca23cdf4,,submitted,2025-08-16 04:57:14.844,FXYJ2FJQL3UMY6KM
41e43229-0f8b-4ad1-9749-50963bab952d,bf996092-8d66-408a-8d8e-5065ca3330c2,f6ab14eb-1a66-4ea5-8a0f-0afbda444403,e2dce441-b9cf-4d11-b0bf-3ce7ca23cdf4,submitted,draft,2025-08-16 05:01:41.032,FXYJ2FJQL3UMY6KM
1acdca90-bb14-4cd6-b80e-6a679ff7fcb6,bf996092-8d66-408a-8d8e-5065ca3330c2,f6ab14eb-1a66-4ea5-8a0f-0afbda444403,e2dce441-b9cf-4d11-b0bf-3ce7ca23cdf4,draft,submitted,2025-08-16 05:01:50.398,FXYJ2FJQL3UMY6KM
5aa3587a-1b8a-40c0-9cd8-d0ee1e765c73,bf996092-8d66-408a-8d8e-5065ca3330c2,f6ab14eb-1a66-4ea5-8a0f-0afbda444403,e2dce441-b9cf-4d11-b0bf-3ce7ca23cdf4,submitted,draft,2025-08-16 05:03:53.436,FXYJ2FJQL3UMY6KM
8e7dd891-551e-43d4-8810-04283c6ea0b7,bf996092-8d66-408a-8d8e-5065ca3330c2,f6ab14eb-1a66-4ea5-8a0f-0afbda444403,e2dce441-b9cf-4d11-b0bf-3ce7ca23cdf4,draft,submitted,2025-08-16 05:04:06.306,FXYJ2FJQL3UMY6KM
b5543397-a118-4e80-932c-19ca39f3eb64,bf996092-8d66-408a-8d8e-5065ca3330c2,f6ab14eb-1a66-4ea5-8a0f-0afbda444403,e2dce441-b9cf-4d11-b0bf-3ce7ca23cdf4,submitted,draft,2025-08-16 05:04:58.885,FXYJ2FJQL3UMY6KM
538e5e2a-e541-4a7d-9cf9-e5041f68bc7e,bf996092-8d66-408a-8d8e-5065ca3330c2,f6ab14eb-1a66-4ea5-8a0f-0afbda444403,e2dce441-b9cf-4d11-b0bf-3ce7ca23cdf4,draft,submitted,2025-08-16 05:11:07.587,FXYJ2FJQL3UMY6KM
5d0350f3-69c2-4794-8ab0-acd7789be7a5,bf996092-8d66-408a-8d8e-5065ca3330c2,967e785d-d83c-490b-8d6a-2ed926c956ac,cd7c713a-ae11-4092-9580-89bc58188aa8,answeredManager,closed,2025-08-16 05:21:48.55,U8Q2F3P4M3PWWQXF
1666cb0a-2f63-47dd-8a79-8ec767b476a7,bf996092-8d66-408a-8d8e-5065ca3330c2,967e785d-d83c-490b-8d6a-2ed926c956ac,5a12549f-3642-4f79-be20-4a54f670a66a,answeredManager,closed,2025-08-16 05:22:34.506,U8Q2F3P4M3PWWQXF
efcf9a7e-194e-4d0d-9dfe-822c147e7bfb,bf996092-8d66-408a-8d8e-5065ca3330c2,967e785d-d83c-490b-8d6a-2ed926c956ac,64ba1333-14ae-405b-88c4-869d2810e5b2,answeredManager,closed,2025-08-16 05:23:10.657,U8Q2F3P4M3PWWQXF
7ca7ca31-aaf6-4392-8901-5ae7055059f7,bf996092-8d66-408a-8d8e-5065ca3330c2,f6ab14eb-1a66-4ea5-8a0f-0afbda444403,67813d5f-7d58-4fdc-bffd-68324f052c5e,,submitted,2025-08-16 05:24:30.5,FXYJ2FJQL3UMY6KM
af323aa7-9de4-44e6-802c-e8bfe45043d8,bf996092-8d66-408a-8d8e-5065ca3330c2,f6ab14eb-1a66-4ea5-8a0f-0afbda444403,67813d5f-7d58-4fdc-bffd-68324f052c5e,submitted,draft,2025-08-16 05:25:27.53,FXYJ2FJQL3UMY6KM
ee99f20a-9efa-48e6-b4ae-d8d5843a0c22,bf996092-8d66-408a-8d8e-5065ca3330c2,f6ab14eb-1a66-4ea5-8a0f-0afbda444403,67813d5f-7d58-4fdc-bffd-68324f052c5e,draft,submitted,2025-08-16 05:32:24.778,FXYJ2FJQL3UMY6KM
b0b41184-538d-4777-8695-26429abba40f,bf996092-8d66-408a-8d8e-5065ca3330c2,f6ab14eb-1a66-4ea5-8a0f-0afbda444403,67813d5f-7d58-4fdc-bffd-68324f052c5e,submitted,draft,2025-08-16 05:39:22.648,FXYJ2FJQL3UMY6KM
82dbc608-a465-4eb0-971b-4116f3d3c0e5,bf996092-8d66-408a-8d8e-5065ca3330c2,f6ab14eb-1a66-4ea5-8a0f-0afbda444403,93b819ae-26c5-487f-a2b0-b427c708493d,,submitted,2025-08-16 06:05:42.187,FXYJ2FJQL3UMY6KM
78a90d48-183d-473b-90a7-9179c70cf1c6,bf996092-8d66-408a-8d8e-5065ca3330c2,967e785d-d83c-490b-8d6a-2ed926c956ac,cd7c713a-ae11-4092-9580-89bc58188aa8,closed,answeredManager,2025-08-16 06:44:51.432,U8Q2F3P4M3PWWQXF
188c3e91-5982-4706-a31a-42c9f612008f,bf996092-8d66-408a-8d8e-5065ca3330c2,967e785d-d83c-490b-8d6a-2ed926c956ac,cd7c713a-ae11-4092-9580-89bc58188aa8,answeredManager,answeredRev1,2025-08-16 06:45:42.215,U8Q2F3P4M3PWWQXF
81e60970-8916-47e9-8d2b-ed12b49985b3,bf996092-8d66-408a-8d8e-5065ca3330c2,967e785d-d83c-490b-8d6a-2ed926c956ac,71eb57cc-d3df-4afb-88eb-d3014399addc,,openRev1,2025-08-18 06:22:07.11,U8Q2F3P4M3PWWQXF
bfd9f6ed-2a16-4c80-8f94-d7481cd9325c,bf996092-8d66-408a-8d8e-5065ca3330c2,967e785d-d83c-490b-8d6a-2ed926c956ac,71eb57cc-d3df-4afb-88eb-d3014399addc,openRev1,openRev2,2025-08-18 06:23:35.496,U8Q2F3P4M3PWWQXF
af6651ab-ae7a-4a2f-96e5-c85ec58c2541,bf996092-8d66-408a-8d8e-5065ca3330c2,967e785d-d83c-490b-8d6a-2ed926c956ac,cf8e4bda-8147-4a37-8653-852692a83d1c,,openRev1,2025-08-18 08:40:46.841,U8Q2F3P4M3PWWQXF
18856b57-8719-4bf5-aa31-295ecce046aa,bf996092-8d66-408a-8d8e-5065ca3330c2,967e785d-d83c-490b-8d6a-2ed926c956ac,cf8e4bda-8147-4a37-8653-852692a83d1c,openRev1,openRev2,2025-08-18 08:41:05.986,U8Q2F3P4M3PWWQXF
defb97ba-650b-42e0-8381-640495133553,bf996092-8d66-408a-8d8e-5065ca3330c2,967e785d-d83c-490b-8d6a-2ed926c956ac,cf8e4bda-8147-4a37-8653-852692a83d1c,openRev2,answeredRev1,2025-08-18 10:22:04.897,NTHFQB8P8X3C
dbe038d5-7042-412a-a08a-9595ab17c0ac,bf996092-8d66-408a-8d8e-5065ca3330c2,f6ab14eb-1a66-4ea5-8a0f-0afbda444403,9a80afc6-80e4-4198-a70b-6dc9474cddc8,,submitted,2025-08-25 05:56:12.68,FXYJ2FJQL3UMY6KM
9704af23-baee-498d-a75d-bd1b87969760,bf996092-8d66-408a-8d8e-5065ca3330c2,f6ab14eb-1a66-4ea5-8a0f-0afbda444403,9a80afc6-80e4-4198-a70b-6dc9474cddc8,submitted,openRev1,2025-08-25 06:13:38.63,SFB2VPYZKPQ7XEGT
ecd3edd3-42c6-4217-82b0-5a75f8b20589,bf996092-8d66-408a-8d8e-5065ca3330c2,f6ab14eb-1a66-4ea5-8a0f-0afbda444403,b97e32fe-3759-4e91-99b1-0f27419ab2da,answeredManager,closed,2025-08-25 06:18:34.201,SFB2VPYZKPQ7XEGT
e16c953a-32b4-4557-9ce4-8a263876709e,bf996092-8d66-408a-8d8e-5065ca3330c2,967e785d-d83c-490b-8d6a-2ed926c956ac,bb9665af-a15e-4e99-8e86-9e5464b23c45,answered,closed,2025-05-21 12:31:25.836,U8Q2F3P4M3PWWQXF
44152da7-eaa9-461a-b7d7-595f1c7c8417,bf996092-8d66-408a-8d8e-5065ca3330c2,967e785d-d83c-490b-8d6a-2ed926c956ac,80ea0e55-fcfd-4c57-9188-712d6c8a9a08,open,answered,2025-05-29 12:31:23.096,G5LJ2CH9PRAMRT7X
62f55eab-9e18-482e-87be-77f5dd6e0f44,bf996092-8d66-408a-8d8e-5065ca3330c2,967e785d-d83c-490b-8d6a-2ed926c956ac,bcae37c7-7f8f-43ab-974a-debf55497cc3,,submitted,2025-06-05 11:51:06.656,U8Q2F3P4M3PWWQXF
7fba1fd8-9ac9-443a-a668-c25e37671e1b,bf996092-8d66-408a-8d8e-5065ca3330c2,967e785d-d83c-490b-8d6a-2ed926c956ac,bcae37c7-7f8f-43ab-974a-debf55497cc3,submitted,openRev1,2025-06-05 11:53:12.301,U8Q2F3P4M3PWWQXF
bcfb8d7e-c354-42a4-a66b-2ebe83cdfe4c,bf996092-8d66-408a-8d8e-5065ca3330c2,f679f4cf-c089-4a2b-9b84-b14129630601,45153a66-5422-4e2f-9a8e-0e3713ff9d2f,answered,open,2025-06-11 03:46:18.386,7XGJKR7GMJ4QN93J
8fa845f1-35dc-4b0b-a519-723d09672bee,bf996092-8d66-408a-8d8e-5065ca3330c2,967e785d-d83c-490b-8d6a-2ed926c956ac,f605a63b-e2dd-47bc-9ecd-f071b7aadeb7,answered,closed,2025-06-11 03:52:01.265,U8Q2F3P4M3PWWQXF
79abada3-089e-45d0-a8f4-012109abe76d,bf996092-8d66-408a-8d8e-5065ca3330c2,967e785d-d83c-490b-8d6a-2ed926c956ac,703cfc1d-6e3f-4588-8cce-bb97d726d407,answeredRev1,answeredManager,2025-06-24 06:30:23.599,S762NMGBKUB423MM
037e63b5-1327-4fcc-9455-a2add3cdc179,bf996092-8d66-408a-8d8e-5065ca3330c2,967e785d-d83c-490b-8d6a-2ed926c956ac,703cfc1d-6e3f-4588-8cce-bb97d726d407,answeredManager,closed,2025-06-24 07:06:28.689,U8Q2F3P4M3PWWQXF
e2fe0288-3242-4a57-8c7c-47157350a7a4,bf996092-8d66-408a-8d8e-5065ca3330c2,967e785d-d83c-490b-8d6a-2ed926c956ac,a8f7f8a0-223e-43e2-8f86-03c530677d76,answeredRev1,answeredManager,2025-06-24 07:08:53.485,S762NMGBKUB423MM
3d931e00-182a-4d4d-a957-2d619c03ee02,bf996092-8d66-408a-8d8e-5065ca3330c2,967e785d-d83c-490b-8d6a-2ed926c956ac,a8f7f8a0-223e-43e2-8f86-03c530677d76,answeredManager,closed,2025-06-24 07:26:10.46,U8Q2F3P4M3PWWQXF
9d6fbcc5-1811-4fce-a8ab-69d7dfda21ac,bf996092-8d66-408a-8d8e-5065ca3330c2,967e785d-d83c-490b-8d6a-2ed926c956ac,fcdfb5a9-1e9c-4797-afb5-46f7615f2e46,openRev1,answeredManager,2025-07-11 13:57:40.623,67E2T63RRMUGH3NG
922e6f85-0570-48aa-b627-68b80555a283,bf996092-8d66-408a-8d8e-5065ca3330c2,967e785d-d83c-490b-8d6a-2ed926c956ac,9442770e-e584-4ce9-87d8-309ec0e35dde,openRev1,answeredManager,2025-07-11 14:27:38.773,67E2T63RRMUGH3NG
c898e78a-c932-4598-9df0-3a4304761bf6,bf996092-8d66-408a-8d8e-5065ca3330c2,967e785d-d83c-490b-8d6a-2ed926c956ac,fcdfb5a9-1e9c-4797-afb5-46f7615f2e46,answeredManager,closed,2025-07-13 07:00:36.789,U8Q2F3P4M3PWWQXF
70bf123f-5ec2-4d4e-b07f-750a2f78a15a,bf996092-8d66-408a-8d8e-5065ca3330c2,967e785d-d83c-490b-8d6a-2ed926c956ac,9442770e-e584-4ce9-87d8-309ec0e35dde,answeredManager,closed,2025-07-13 07:07:31.771,U8Q2F3P4M3PWWQXF
c707fdd6-02ef-494a-9268-9c84548f887f,bf996092-8d66-408a-8d8e-5065ca3330c2,967e785d-d83c-490b-8d6a-2ed926c956ac,c1f224e8-c8d7-4d3e-9ca9-66288b4b943e,answeredRev1,answeredManager,2025-07-24 05:43:57.212,S762NMGBKUB423MM
3d927b98-68b4-4ff4-badc-f9d0fef8dd59,bf996092-8d66-408a-8d8e-5065ca3330c2,967e785d-d83c-490b-8d6a-2ed926c956ac,c1f224e8-c8d7-4d3e-9ca9-66288b4b943e,answeredManager,closed,2025-07-24 06:03:08.536,U8Q2F3P4M3PWWQXF
57ae441a-9fae-42ca-a396-5e95793433f5,bf996092-8d66-408a-8d8e-5065ca3330c2,967e785d-d83c-490b-8d6a-2ed926c956ac,529f384b-b4b3-49bb-b473-b2921e49e125,answeredManager,closed,2025-08-05 03:54:31.976,U8Q2F3P4M3PWWQXF
a3da8d96-aa14-4e19-a2e8-2d647e711545,bf996092-8d66-408a-8d8e-5065ca3330c2,f6ab14eb-1a66-4ea5-8a0f-0afbda444403,b97e32fe-3759-4e91-99b1-0f27419ab2da,,submitted,2025-08-05 06:21:52.588,NXBJU9KZRN2LR6EX
a7c4c578-5285-43b4-a65c-19acfd4de78f,bf996092-8d66-408a-8d8e-5065ca3330c2,f6ab14eb-1a66-4ea5-8a0f-0afbda444403,b97e32fe-3759-4e91-99b1-0f27419ab2da,submitted,openRev1,2025-08-05 07:34:24.635,SFB2VPYZKPQ7XEGT
6e6b31d3-76fc-4712-a244-987e67f7685d,bf996092-8d66-408a-8d8e-5065ca3330c2,f6ab14eb-1a66-4ea5-8a0f-0afbda444403,b97e32fe-3759-4e91-99b1-0f27419ab2da,openRev1,openRev2,2025-08-05 08:50:08.146,G5LJ2CH9PRAMRT7X
48e88a3b-b56d-4bf5-a2e4-e9b2c9e566fc,bf996092-8d66-408a-8d8e-5065ca3330c2,967e785d-d83c-490b-8d6a-2ed926c956ac,912a0928-1599-459b-b703-92e9c6ac1f29,answeredManager,closed,2025-08-08 05:46:44.708,U8Q2F3P4M3PWWQXF
e168505d-ee2d-4850-be3c-c0db6e382400,bf996092-8d66-408a-8d8e-5065ca3330c2,ada6015d-9fce-4f2c-b20f-fc9122d2face,5b720536-4706-4490-b00b-9d3e8f81a3ff,,openRev1,2025-08-08 06:19:52.9,7XGJKR7GMJ4QN93J
53860742-c727-4023-b8a0-219ea30e9b7a,bf996092-8d66-408a-8d8e-5065ca3330c2,967e785d-d83c-490b-8d6a-2ed926c956ac,5a12549f-3642-4f79-be20-4a54f670a66a,,draft,2025-08-08 10:22:52.044,WK7J3NJWMTCK9UWQ
c98e4e31-df11-488b-8c99-881728c9ba9e,bf996092-8d66-408a-8d8e-5065ca3330c2,967e785d-d83c-490b-8d6a-2ed926c956ac,5a12549f-3642-4f79-be20-4a54f670a66a,draft,submitted,2025-08-08 10:23:12.061,WK7J3NJWMTCK9UWQ
afaec841-4d5e-46a2-af2f-e1ad9265b604,bf996092-8d66-408a-8d8e-5065ca3330c2,f6ab14eb-1a66-4ea5-8a0f-0afbda444403,79d38989-fc0e-4b82-a3ee-4a3775d7c7d6,openRev1,openRev2,2025-08-14 06:54:36.261,G5LJ2CH9PRAMRT7X
dc944f3c-28e7-4de7-b2d1-402903dc8932,bf996092-8d66-408a-8d8e-5065ca3330c2,f6ab14eb-1a66-4ea5-8a0f-0afbda444403,ea1b0668-a085-40d5-9a39-6dac25ebe48e,openRev1,openRev2,2025-08-14 07:05:09.988,G5LJ2CH9PRAMRT7X
1e322d6e-0deb-4b3b-aa76-7e56a902705f,bf996092-8d66-408a-8d8e-5065ca3330c2,967e785d-d83c-490b-8d6a-2ed926c956ac,5a12549f-3642-4f79-be20-4a54f670a66a,openRev2,answeredRev1,2025-08-14 13:57:49.689,67E2T63RRMUGH3NG
607cafee-cf63-46d8-92b0-c1a45ceca775,bf996092-8d66-408a-8d8e-5065ca3330c2,967e785d-d83c-490b-8d6a-2ed926c956ac,5a12549f-3642-4f79-be20-4a54f670a66a,answeredRev1,answeredManager,2025-08-14 13:58:01.196,67E2T63RRMUGH3NG
42e139db-e62a-4974-a10e-a62a480ab98e,bf996092-8d66-408a-8d8e-5065ca3330c2,967e785d-d83c-490b-8d6a-2ed926c956ac,64ba1333-14ae-405b-88c4-869d2810e5b2,openRev2,answeredRev1,2025-08-14 13:59:19.185,67E2T63RRMUGH3NG
4db50d09-21d5-408b-98a2-f727f3acf8df,bf996092-8d66-408a-8d8e-5065ca3330c2,967e785d-d83c-490b-8d6a-2ed926c956ac,64ba1333-14ae-405b-88c4-869d2810e5b2,answeredRev1,answeredManager,2025-08-14 14:00:10.961,67E2T63RRMUGH3NG
82d28e98-98ab-4bfa-ac08-2031f869be54,bf996092-8d66-408a-8d8e-5065ca3330c2,967e785d-d83c-490b-8d6a-2ed926c956ac,cd7c713a-ae11-4092-9580-89bc58188aa8,openRev2,answeredRev1,2025-08-14 14:21:11.679,67E2T63RRMUGH3NG
40354420-b599-4163-ae96-1df75800ca83,bf996092-8d66-408a-8d8e-5065ca3330c2,967e785d-d83c-490b-8d6a-2ed926c956ac,cd7c713a-ae11-4092-9580-89bc58188aa8,answeredRev1,answeredManager,2025-08-14 14:21:19.395,67E2T63RRMUGH3NG
80be362d-3de1-4df1-a211-fbc9b721b7e5,bf996092-8d66-408a-8d8e-5065ca3330c2,f6ab14eb-1a66-4ea5-8a0f-0afbda444403,e2dce441-b9cf-4d11-b0bf-3ce7ca23cdf4,submitted,openRev1,2025-08-20 10:04:15.734,SFB2VPYZKPQ7XEGT
e164cb28-d1c1-472d-9d73-a8d085c700e6,bf996092-8d66-408a-8d8e-5065ca3330c2,967e785d-d83c-490b-8d6a-2ed926c956ac,3cc85ced-2c3b-4bca-8a97-9986d0a7e360,openRev2,answeredRev1,2025-08-20 10:07:07.391,S762NMGBKUB423MM
c0ac5bc4-7bfd-4c3c-ad02-41628eab4af6,bf996092-8d66-408a-8d8e-5065ca3330c2,967e785d-d83c-490b-8d6a-2ed926c956ac,3cc85ced-2c3b-4bca-8a97-9986d0a7e360,answeredRev1,answeredManager,2025-08-20 10:08:37.144,S762NMGBKUB423MM
7a5b8229-1dde-4ba1-869a-bf6d22e5e8bb,bf996092-8d66-408a-8d8e-5065ca3330c2,f6ab14eb-1a66-4ea5-8a0f-0afbda444403,d3a76424-f074-4c44-8407-32ea935f177a,submitted,openRev1,2025-08-20 10:09:01.027,SFB2VPYZKPQ7XEGT
3c1d0bd8-c75d-4256-9211-53ee386b18c7,bf996092-8d66-408a-8d8e-5065ca3330c2,f6ab14eb-1a66-4ea5-8a0f-0afbda444403,93b819ae-26c5-487f-a2b0-b427c708493d,submitted,openRev1,2025-08-20 10:10:02.96,SFB2VPYZKPQ7XEGT
3814e21e-2eee-4332-a2e7-d1d44c5c9694,bf996092-8d66-408a-8d8e-5065ca3330c2,967e785d-d83c-490b-8d6a-2ed926c956ac,3cc85ced-2c3b-4bca-8a97-9986d0a7e360,answeredManager,closed,2025-08-20 10:25:24.886,U8Q2F3P4M3PWWQXF
88e57cb1-25ef-4a45-8338-a7d84f30145a,bf996092-8d66-408a-8d8e-5065ca3330c2,f6ab14eb-1a66-4ea5-8a0f-0afbda444403,93b819ae-26c5-487f-a2b0-b427c708493d,openRev1,answeredManager,2025-08-20 10:35:26.036,G5LJ2CH9PRAMRT7X
847d0919-7a70-43e5-a798-2ee294f92611,bf996092-8d66-408a-8d8e-5065ca3330c2,f6ab14eb-1a66-4ea5-8a0f-0afbda444403,e2dce441-b9cf-4d11-b0bf-3ce7ca23cdf4,openRev1,answeredManager,2025-08-20 10:45:34.774,G5LJ2CH9PRAMRT7X
c24b9f10-1cd8-4c48-a594-4eaa6630767c,bf996092-8d66-408a-8d8e-5065ca3330c2,f6ab14eb-1a66-4ea5-8a0f-0afbda444403,79d38989-fc0e-4b82-a3ee-4a3775d7c7d6,openRev2,answeredRev1,2025-08-20 10:50:05.773,FM42EJFZPNC5F3HF
3fee40c8-c990-45fb-a7b4-da708b6fd1fb,bf996092-8d66-408a-8d8e-5065ca3330c2,f6ab14eb-1a66-4ea5-8a0f-0afbda444403,fe2169f5-b6cd-4241-b7a7-464aeb6ed752,openRev2,answeredRev1,2025-08-20 10:51:58.308,FM42EJFZPNC5F3HF
8957fe63-fcf5-49c6-921f-edc706fe9368,bf996092-8d66-408a-8d8e-5065ca3330c2,f6ab14eb-1a66-4ea5-8a0f-0afbda444403,c8303991-6637-47f8-9144-8a38071905db,openRev2,answeredRev1,2025-08-20 10:52:44.886,FM42EJFZPNC5F3HF
4d00df7e-1ddf-426a-ba3c-c8d5f123e7e0,bf996092-8d66-408a-8d8e-5065ca3330c2,f6ab14eb-1a66-4ea5-8a0f-0afbda444403,b97e32fe-3759-4e91-99b1-0f27419ab2da,openRev2,answeredRev1,2025-08-20 10:54:20.747,FM42EJFZPNC5F3HF
7accf27c-2f0d-4776-a315-791b15b95d5e,bf996092-8d66-408a-8d8e-5065ca3330c2,f6ab14eb-1a66-4ea5-8a0f-0afbda444403,d3a76424-f074-4c44-8407-32ea935f177a,openRev1,answeredManager,2025-08-20 11:03:21.909,G5LJ2CH9PRAMRT7X
b8b8419a-e09b-4245-9470-93081ebc76f0,bf996092-8d66-408a-8d8e-5065ca3330c2,f6ab14eb-1a66-4ea5-8a0f-0afbda444403,79d38989-fc0e-4b82-a3ee-4a3775d7c7d6,answeredRev1,answeredManager,2025-08-20 11:05:28.141,G5LJ2CH9PRAMRT7X
659bd7d3-fa5d-4856-9d82-83f772920f17,bf996092-8d66-408a-8d8e-5065ca3330c2,f6ab14eb-1a66-4ea5-8a0f-0afbda444403,fe2169f5-b6cd-4241-b7a7-464aeb6ed752,answeredRev1,answeredManager,2025-08-20 11:05:48.329,G5LJ2CH9PRAMRT7X
1e44982f-752a-4db2-8549-97700de10a3a,bf996092-8d66-408a-8d8e-5065ca3330c2,f6ab14eb-1a66-4ea5-8a0f-0afbda444403,b97e32fe-3759-4e91-99b1-0f27419ab2da,answeredRev1,answeredManager,2025-08-20 11:10:32.363,G5LJ2CH9PRAMRT7X
38394ca6-96f5-4f0d-80a7-0cd895033fe2,bf996092-8d66-408a-8d8e-5065ca3330c2,f6ab14eb-1a66-4ea5-8a0f-0afbda444403,d3a76424-f074-4c44-8407-32ea935f177a,answeredManager,openRev1,2025-08-20 13:19:30.49,SFB2VPYZKPQ7XEGT
d3b3ece9-4fa3-4156-888f-c87b27c08061,bf996092-8d66-408a-8d8e-5065ca3330c2,f6ab14eb-1a66-4ea5-8a0f-0afbda444403,93b819ae-26c5-487f-a2b0-b427c708493d,answeredManager,closed,2025-08-20 13:22:10.591,SFB2VPYZKPQ7XEGT
05a51daa-6aab-4c3c-af01-e603e96ac190,bf996092-8d66-408a-8d8e-5065ca3330c2,f6ab14eb-1a66-4ea5-8a0f-0afbda444403,79d38989-fc0e-4b82-a3ee-4a3775d7c7d6,answeredManager,closed,2025-08-20 13:26:44.115,SFB2VPYZKPQ7XEGT
ee16b766-6a95-41b6-bfdb-2bca767cd2c5,bf996092-8d66-408a-8d8e-5065ca3330c2,967e785d-d83c-490b-8d6a-2ed926c956ac,cb6ebf4d-e2f9-43b2-a076-37e25ba5b267,,openRev1,2025-08-20 13:54:30.108,U8Q2F3P4M3PWWQXF
5f13717a-3430-4416-bb43-68eeb3614d1f,bf996092-8d66-408a-8d8e-5065ca3330c2,967e785d-d83c-490b-8d6a-2ed926c956ac,cb6ebf4d-e2f9-43b2-a076-37e25ba5b267,openRev1,openRev2,2025-08-20 13:56:37.358,U8Q2F3P4M3PWWQXF
7f3f4875-9721-429e-be85-b8de85bf518b,bf996092-8d66-408a-8d8e-5065ca3330c2,967e785d-d83c-490b-8d6a-2ed926c956ac,cd7c713a-ae11-4092-9580-89bc58188aa8,answeredRev1,answeredManager,2025-08-26 14:17:29.98,67E2T63RRMUGH3NG
a4caf748-7b13-4aec-9deb-8fde34c31cca,bf996092-8d66-408a-8d8e-5065ca3330c2,967e785d-d83c-490b-8d6a-2ed926c956ac,71eb57cc-d3df-4afb-88eb-d3014399addc,openRev2,answeredRev1,2025-08-26 14:25:19.99,67E2T63RRMUGH3NG
59ff0bf2-d6a7-4fd2-92c7-7bf736dfa7dd,bf996092-8d66-408a-8d8e-5065ca3330c2,967e785d-d83c-490b-8d6a-2ed926c956ac,adf43e5c-df5e-4ec0-8266-ca4458007f25,openRev2,answeredRev1,2025-08-26 14:31:05.932,67E2T63RRMUGH3NG
4400332d-dbe1-43d3-9a23-21f7ec2e6896,bf996092-8d66-408a-8d8e-5065ca3330c2,967e785d-d83c-490b-8d6a-2ed926c956ac,cd7c713a-ae11-4092-9580-89bc58188aa8,answeredManager,closed,2025-08-26 14:34:29.744,U8Q2F3P4M3PWWQXF
8a1469a4-0ca3-467b-9ae2-935903c9a20d,bf996092-8d66-408a-8d8e-5065ca3330c2,967e785d-d83c-490b-8d6a-2ed926c956ac,974dd3ab-d863-4dad-b8cd-6daac1016478,answeredManager,openRev1,2025-08-26 14:35:03.529,U8Q2F3P4M3PWWQXF
ca47fc2a-ab5d-457e-adae-aa7befe9b5e1,bf996092-8d66-408a-8d8e-5065ca3330c2,f679f4cf-c089-4a2b-9b84-b14129630601,c1b95096-23e6-4519-8f28-09c0eb95fafd,openRev2,answeredRev1,2025-05-20 08:29:51.115,G5LJ2CH9PRAMRT7X
e49798cd-acf7-422f-a062-d7449ae3949e,bf996092-8d66-408a-8d8e-5065ca3330c2,f679f4cf-c089-4a2b-9b84-b14129630601,c1b95096-23e6-4519-8f28-09c0eb95fafd,answeredRev1,answeredManager,2025-05-20 08:30:04.482,G5LJ2CH9PRAMRT7X
e811c1ab-9cf9-4abd-a4e0-8aebaba8208d,bf996092-8d66-408a-8d8e-5065ca3330c2,f679f4cf-c089-4a2b-9b84-b14129630601,346cb945-c348-4f4c-8402-11dc4e7e4628,,open,2025-05-20 10:30:12.007,7XGJKR7GMJ4QN93J
97afe136-5027-4f72-bf2a-775421cda790,bf996092-8d66-408a-8d8e-5065ca3330c2,967e785d-d83c-490b-8d6a-2ed926c956ac,eabfeed2-bcf3-4530-b2c3-20fbdd3f965a,,submitted,2025-05-26 05:43:31.75,U8Q2F3P4M3PWWQXF
0e94000a-18b4-4d73-92ba-3102052bc7c7,bf996092-8d66-408a-8d8e-5065ca3330c2,967e785d-d83c-490b-8d6a-2ed926c956ac,eabfeed2-bcf3-4530-b2c3-20fbdd3f965a,submitted,open,2025-05-26 05:46:53.538,U8Q2F3P4M3PWWQXF
29f7de4e-aa00-4085-ad73-ba6ddeb40944,bf996092-8d66-408a-8d8e-5065ca3330c2,967e785d-d83c-490b-8d6a-2ed926c956ac,16f0e834-6a58-48ab-b7f8-2c678dcbffaa,open,answered,2025-05-27 04:57:41.707,S762NMGBKUB423MM
7f38bbc9-8faa-4bcb-8766-b61781c61821,bf996092-8d66-408a-8d8e-5065ca3330c2,967e785d-d83c-490b-8d6a-2ed926c956ac,05050ce4-7eb8-47c5-b0d7-2463271de5c6,,draft,2025-06-01 09:37:56.573,WK7J3NJWMTCK9UWQ
bb8e5ead-a88a-46d0-beb6-2a909446483d,bf996092-8d66-408a-8d8e-5065ca3330c2,967e785d-d83c-490b-8d6a-2ed926c956ac,05050ce4-7eb8-47c5-b0d7-2463271de5c6,draft,submitted,2025-06-01 09:41:43.683,WK7J3NJWMTCK9UWQ
96b39ba1-92c2-47f8-a453-90e7f362a8d6,bf996092-8d66-408a-8d8e-5065ca3330c2,967e785d-d83c-490b-8d6a-2ed926c956ac,f605a63b-e2dd-47bc-9ecd-f071b7aadeb7,,draft,2025-06-01 09:45:09.533,WK7J3NJWMTCK9UWQ
8ebe3966-b9eb-4e6f-b246-6de516a32fe4,bf996092-8d66-408a-8d8e-5065ca3330c2,967e785d-d83c-490b-8d6a-2ed926c956ac,f605a63b-e2dd-47bc-9ecd-f071b7aadeb7,draft,submitted,2025-06-01 09:47:18.857,WK7J3NJWMTCK9UWQ
3dffbf6e-1d7b-4a46-83d7-e6a5fcfd7aaf,bf996092-8d66-408a-8d8e-5065ca3330c2,967e785d-d83c-490b-8d6a-2ed926c956ac,f605a63b-e2dd-47bc-9ecd-f071b7aadeb7,submitted,open,2025-06-01 10:59:39.013,U8Q2F3P4M3PWWQXF
2d69a3ad-1753-469c-808b-af253ea5b82c,bf996092-8d66-408a-8d8e-5065ca3330c2,967e785d-d83c-490b-8d6a-2ed926c956ac,05050ce4-7eb8-47c5-b0d7-2463271de5c6,submitted,open,2025-06-01 11:01:34.527,U8Q2F3P4M3PWWQXF
1d50ad81-2c29-494f-8fbd-60c22ba9a715,bf996092-8d66-408a-8d8e-5065ca3330c2,967e785d-d83c-490b-8d6a-2ed926c956ac,05050ce4-7eb8-47c5-b0d7-2463271de5c6,open,answered,2025-06-02 04:05:59.871,67E2T63RRMUGH3NG
337bd97f-4924-43ec-af81-929930a1bec8,bf996092-8d66-408a-8d8e-5065ca3330c2,ada6015d-9fce-4f2c-b20f-fc9122d2face,7282e0b3-873b-4574-bd2c-3fc97d553ee9,,submitted,2025-06-12 05:23:13.229,DVW2J8GUNHESYYKC
b41d8a03-3df4-43fe-abe7-0e289e78c517,bf996092-8d66-408a-8d8e-5065ca3330c2,ada6015d-9fce-4f2c-b20f-fc9122d2face,7282e0b3-873b-4574-bd2c-3fc97d553ee9,submitted,draft,2025-06-12 05:29:33.639,3NH2Q57QKQWJE37V
33c79875-e689-49af-b352-e48c109510f8,bf996092-8d66-408a-8d8e-5065ca3330c2,f679f4cf-c089-4a2b-9b84-b14129630601,edd56e40-575f-4677-9b28-55fe6b858745,,open,2025-07-08 04:30:54.696,7XGJKR7GMJ4QN93J
042d9f9b-3e93-4b05-900b-f5ab396c9a6b,bf996092-8d66-408a-8d8e-5065ca3330c2,f6ab14eb-1a66-4ea5-8a0f-0afbda444403,dab585c9-a66f-4494-9db2-798dc6fc7e3e,,submitted,2025-07-08 07:54:01.289,NXBJU9KZRN2LR6EX
09ff74e2-ce8f-4ae0-9512-d57be7a90fe1,bf996092-8d66-408a-8d8e-5065ca3330c2,f6ab14eb-1a66-4ea5-8a0f-0afbda444403,dab585c9-a66f-4494-9db2-798dc6fc7e3e,submitted,openRev1,2025-07-08 07:57:34.241,SFB2VPYZKPQ7XEGT
dffbce66-3946-48cb-ab08-6b53cd5d4df9,bf996092-8d66-408a-8d8e-5065ca3330c2,f6ab14eb-1a66-4ea5-8a0f-0afbda444403,dab585c9-a66f-4494-9db2-798dc6fc7e3e,openRev1,answeredManager,2025-07-08 10:31:49.701,G5LJ2CH9PRAMRT7X
1ad4cf58-0348-4b0d-8922-9a5d75b925d9,bf996092-8d66-408a-8d8e-5065ca3330c2,f679f4cf-c089-4a2b-9b84-b14129630601,edd56e40-575f-4677-9b28-55fe6b858745,open,answered,2025-07-15 07:40:03.26,G5LJ2CH9PRAMRT7X
1f80d951-cefc-4ae3-8582-20f300cbbc75,bf996092-8d66-408a-8d8e-5065ca3330c2,f679f4cf-c089-4a2b-9b84-b14129630601,edd56e40-575f-4677-9b28-55fe6b858745,answered,closed,2025-07-15 09:13:43.687,7XGJKR7GMJ4QN93J
04169a52-0ed6-47fd-ac0f-005ff828cb0b,bf996092-8d66-408a-8d8e-5065ca3330c2,f679f4cf-c089-4a2b-9b84-b14129630601,64d26f6f-7580-4bc1-98ba-8ae54eed99fb,,open,2025-07-15 10:14:33.732,7XGJKR7GMJ4QN93J
b57faff9-5868-4d09-972d-b2b1ee5f9e78,bf996092-8d66-408a-8d8e-5065ca3330c2,f679f4cf-c089-4a2b-9b84-b14129630601,b03f59d3-7897-46cc-83ec-36e8415858d3,,open,2025-07-15 11:14:01.579,7XGJKR7GMJ4QN93J
a4360680-2381-48a4-b3c0-abdd6da7b41b,bf996092-8d66-408a-8d8e-5065ca3330c2,967e785d-d83c-490b-8d6a-2ed926c956ac,912a0928-1599-459b-b703-92e9c6ac1f29,,draft,2025-07-30 05:36:42.163,WK7J3NJWMTCK9UWQ
2a43751f-8520-4e15-8f7a-8b907a77bae2,bf996092-8d66-408a-8d8e-5065ca3330c2,967e785d-d83c-490b-8d6a-2ed926c956ac,912a0928-1599-459b-b703-92e9c6ac1f29,draft,submitted,2025-07-30 05:37:27.63,WK7J3NJWMTCK9UWQ
b8e8a995-f6c9-4e99-9961-2ce381ab942e,bf996092-8d66-408a-8d8e-5065ca3330c2,967e785d-d83c-490b-8d6a-2ed926c956ac,912a0928-1599-459b-b703-92e9c6ac1f29,submitted,openRev1,2025-07-30 06:10:35.124,U8Q2F3P4M3PWWQXF
8aa8acd0-48ca-4a58-9432-3ba6d947e8f6,bf996092-8d66-408a-8d8e-5065ca3330c2,967e785d-d83c-490b-8d6a-2ed926c956ac,912a0928-1599-459b-b703-92e9c6ac1f29,openRev1,submitted,2025-07-30 09:39:41.421,S762NMGBKUB423MM
fa903146-1d14-4be0-8815-f905765ab339,bf996092-8d66-408a-8d8e-5065ca3330c2,f6ab14eb-1a66-4ea5-8a0f-0afbda444403,c8303991-6637-47f8-9144-8a38071905db,,submitted,2025-08-13 10:24:32.553,4UJ23BUBLD77JPG2
4a3c376b-8397-4dd9-bbce-ca52990d6ed9,bf996092-8d66-408a-8d8e-5065ca3330c2,f6ab14eb-1a66-4ea5-8a0f-0afbda444403,fe2169f5-b6cd-4241-b7a7-464aeb6ed752,,submitted,2025-08-13 10:41:54.372,4UJ23BUBLD77JPG2
a2ae2f7b-3455-4a38-8632-ad7c2b87fbea,bf996092-8d66-408a-8d8e-5065ca3330c2,f6ab14eb-1a66-4ea5-8a0f-0afbda444403,c8303991-6637-47f8-9144-8a38071905db,submitted,openRev1,2025-08-13 11:51:17.055,SFB2VPYZKPQ7XEGT
0027b3d0-76e5-4cbc-b4c5-8c76c695a7c9,bf996092-8d66-408a-8d8e-5065ca3330c2,f6ab14eb-1a66-4ea5-8a0f-0afbda444403,fe2169f5-b6cd-4241-b7a7-464aeb6ed752,submitted,openRev1,2025-08-13 11:53:26.365,SFB2VPYZKPQ7XEGT
b33c024a-3ec9-4a22-aa46-d36ec7d887dc,bf996092-8d66-408a-8d8e-5065ca3330c2,f6ab14eb-1a66-4ea5-8a0f-0afbda444403,c8303991-6637-47f8-9144-8a38071905db,openRev1,openRev2,2025-08-13 12:06:01.309,G5LJ2CH9PRAMRT7X
1f2dd813-5809-4eba-a675-979a39173495,bf996092-8d66-408a-8d8e-5065ca3330c2,f6ab14eb-1a66-4ea5-8a0f-0afbda444403,fe2169f5-b6cd-4241-b7a7-464aeb6ed752,openRev1,openRev2,2025-08-13 12:06:21.822,G5LJ2CH9PRAMRT7X
8c8b8287-6291-4ed3-8d0f-88c703602578,bf996092-8d66-408a-8d8e-5065ca3330c2,f6ab14eb-1a66-4ea5-8a0f-0afbda444403,79d38989-fc0e-4b82-a3ee-4a3775d7c7d6,,submitted,2025-08-13 12:16:29.753,4UJ23BUBLD77JPG2
6d909cfd-75cb-4e69-929c-30e6f5006fcf,bf996092-8d66-408a-8d8e-5065ca3330c2,f6ab14eb-1a66-4ea5-8a0f-0afbda444403,79d38989-fc0e-4b82-a3ee-4a3775d7c7d6,submitted,draft,2025-08-13 12:19:04.277,4UJ23BUBLD77JPG2
07902de2-405e-4c2b-abf0-86f516aad0dc,bf996092-8d66-408a-8d8e-5065ca3330c2,f6ab14eb-1a66-4ea5-8a0f-0afbda444403,79d38989-fc0e-4b82-a3ee-4a3775d7c7d6,draft,submitted,2025-08-13 12:20:38.815,4UJ23BUBLD77JPG2
d8cf6cdc-5a18-41d5-95a4-ea896db9a5d1,bf996092-8d66-408a-8d8e-5065ca3330c2,f6ab14eb-1a66-4ea5-8a0f-0afbda444403,ea1b0668-a085-40d5-9a39-6dac25ebe48e,,submitted,2025-08-13 12:36:42.039,4UJ23BUBLD77JPG2
55f5e3b5-61ed-426f-b767-848bdebd3543,bf996092-8d66-408a-8d8e-5065ca3330c2,f6ab14eb-1a66-4ea5-8a0f-0afbda444403,ea1b0668-a085-40d5-9a39-6dac25ebe48e,submitted,draft,2025-08-13 12:40:24.867,4UJ23BUBLD77JPG2
4187ec0f-524b-4f40-a9b0-c3e76649e654,bf996092-8d66-408a-8d8e-5065ca3330c2,f6ab14eb-1a66-4ea5-8a0f-0afbda444403,79d38989-fc0e-4b82-a3ee-4a3775d7c7d6,submitted,openRev1,2025-08-13 12:41:09.12,SFB2VPYZKPQ7XEGT
16d13941-ef4c-4763-8bd5-e47242c37c07,bf996092-8d66-408a-8d8e-5065ca3330c2,f6ab14eb-1a66-4ea5-8a0f-0afbda444403,ea1b0668-a085-40d5-9a39-6dac25ebe48e,draft,submitted,2025-08-13 12:41:13.249,4UJ23BUBLD77JPG2
c2354021-610f-4709-afc8-d7ea99b1455b,bf996092-8d66-408a-8d8e-5065ca3330c2,f6ab14eb-1a66-4ea5-8a0f-0afbda444403,ea1b0668-a085-40d5-9a39-6dac25ebe48e,submitted,openRev1,2025-08-13 12:42:08.731,SFB2VPYZKPQ7XEGT
1a6fe2de-06e1-465f-9c6c-8e9fe5ce84ab,bf996092-8d66-408a-8d8e-5065ca3330c2,967e785d-d83c-490b-8d6a-2ed926c956ac,cf8e4bda-8147-4a37-8653-852692a83d1c,answeredRev1,answeredManager,2025-08-19 04:42:15.189,H4J29KZBMAKAE737
530d7f51-0e2e-4b39-a4ed-c99db305dd6d,bf996092-8d66-408a-8d8e-5065ca3330c2,967e785d-d83c-490b-8d6a-2ed926c956ac,3cc85ced-2c3b-4bca-8a97-9986d0a7e360,,submitted,2025-08-19 06:58:10.193,KNL28BHPJJMCM75F
24cf4faa-f893-4a4e-8d27-7b981232dbf7,bf996092-8d66-408a-8d8e-5065ca3330c2,967e785d-d83c-490b-8d6a-2ed926c956ac,3cc85ced-2c3b-4bca-8a97-9986d0a7e360,submitted,draft,2025-08-19 07:03:08.997,KNL28BHPJJMCM75F
2f2d8d95-ea30-40b7-8454-f1d96ae3b606,bf996092-8d66-408a-8d8e-5065ca3330c2,967e785d-d83c-490b-8d6a-2ed926c956ac,cf8e4bda-8147-4a37-8653-852692a83d1c,answeredManager,closed,2025-08-19 07:20:15.708,U8Q2F3P4M3PWWQXF
780afe98-ad5d-4f97-a82a-61685513ceca,bf996092-8d66-408a-8d8e-5065ca3330c2,967e785d-d83c-490b-8d6a-2ed926c956ac,3cc85ced-2c3b-4bca-8a97-9986d0a7e360,draft,submitted,2025-08-19 07:25:24.834,KNL28BHPJJMCM75F
5023744c-b011-4451-be86-808719f46f36,bf996092-8d66-408a-8d8e-5065ca3330c2,967e785d-d83c-490b-8d6a-2ed926c956ac,3cc85ced-2c3b-4bca-8a97-9986d0a7e360,submitted,openRev1,2025-08-19 10:23:58.237,U8Q2F3P4M3PWWQXF
340bef74-72b4-4103-af7b-75066678f8be,bf996092-8d66-408a-8d8e-5065ca3330c2,967e785d-d83c-490b-8d6a-2ed926c956ac,3cc85ced-2c3b-4bca-8a97-9986d0a7e360,openRev1,submitted,2025-08-19 11:27:33.165,S762NMGBKUB423MM
90da44d4-8a71-4fd3-ac07-87f65d9dd84c,bf996092-8d66-408a-8d8e-5065ca3330c2,967e785d-d83c-490b-8d6a-2ed926c956ac,3cc85ced-2c3b-4bca-8a97-9986d0a7e360,submitted,openRev1,2025-08-19 12:06:51.139,U8Q2F3P4M3PWWQXF
8c1694cf-3307-4628-a7a7-4fd4a24ad66a,bf996092-8d66-408a-8d8e-5065ca3330c2,967e785d-d83c-490b-8d6a-2ed926c956ac,3cc85ced-2c3b-4bca-8a97-9986d0a7e360,openRev1,openRev2,2025-08-19 12:07:06.364,U8Q2F3P4M3PWWQXF
6826ff1b-015b-4030-bc5d-fc229694fe28,bf996092-8d66-408a-8d8e-5065ca3330c2,967e785d-d83c-490b-8d6a-2ed926c956ac,2806d303-c642-48b1-af1e-7e81ffb890fc,,openRev1,2025-08-19 13:10:05.514,U8Q2F3P4M3PWWQXF
58eb5179-5c3b-4522-89b3-5c39f662deef,bf996092-8d66-408a-8d8e-5065ca3330c2,f6ab14eb-1a66-4ea5-8a0f-0afbda444403,9a80afc6-80e4-4198-a70b-6dc9474cddc8,openRev1,openRev2,2025-08-26 05:39:34.339,G5LJ2CH9PRAMRT7X
f5cb8701-114b-46be-8fe8-466829c75b50,bf996092-8d66-408a-8d8e-5065ca3330c2,f6ab14eb-1a66-4ea5-8a0f-0afbda444403,d3a76424-f074-4c44-8407-32ea935f177a,openRev1,openRev2,2025-08-26 06:31:01.882,S762NMGBKUB423MM
5a1d88e5-fde1-4902-8d18-f8aa4d8b0b22,bf996092-8d66-408a-8d8e-5065ca3330c2,f6ab14eb-1a66-4ea5-8a0f-0afbda444403,d3a76424-f074-4c44-8407-32ea935f177a,openRev2,answeredRev1,2025-08-26 06:52:17.745,H4J29KZBMAKAE737
f744a198-e803-4851-8207-1cb51e5f91fc,bf996092-8d66-408a-8d8e-5065ca3330c2,f6ab14eb-1a66-4ea5-8a0f-0afbda444403,d3a76424-f074-4c44-8407-32ea935f177a,answeredRev1,answeredManager,2025-08-26 06:52:51.014,H4J29KZBMAKAE737
75f2dc98-1c85-4825-a764-7ad84ae0e86b,bf996092-8d66-408a-8d8e-5065ca3330c2,f6ab14eb-1a66-4ea5-8a0f-0afbda444403,e2dce441-b9cf-4d11-b0bf-3ce7ca23cdf4,openRev1,openRev2,2025-08-26 07:10:42.347,G5LJ2CH9PRAMRT7X
d5682052-5ff6-42a9-916d-18c688572893,bf996092-8d66-408a-8d8e-5065ca3330c2,f6ab14eb-1a66-4ea5-8a0f-0afbda444403,ea1b0668-a085-40d5-9a39-6dac25ebe48e,openRev2,answeredRev1,2025-08-26 08:42:52.399,CMJ2N3U8MSMRM8ZA
aca7dcf8-8349-411f-befe-a633f174f733,bf996092-8d66-408a-8d8e-5065ca3330c2,f6ab14eb-1a66-4ea5-8a0f-0afbda444403,ea1b0668-a085-40d5-9a39-6dac25ebe48e,answeredRev1,answeredManager,2025-08-26 08:56:54.216,G5LJ2CH9PRAMRT7X
c4245dea-6d88-4529-b0f0-02352e077e14,bf996092-8d66-408a-8d8e-5065ca3330c2,f6ab14eb-1a66-4ea5-8a0f-0afbda444403,e2dce441-b9cf-4d11-b0bf-3ce7ca23cdf4,openRev2,answeredRev1,2025-08-26 09:19:24.194,G5LJ2CH9PRAMRT7X
475ef679-0420-4147-884f-820f7385e4b5,bf996092-8d66-408a-8d8e-5065ca3330c2,f6ab14eb-1a66-4ea5-8a0f-0afbda444403,e2dce441-b9cf-4d11-b0bf-3ce7ca23cdf4,answeredRev1,answeredManager,2025-08-26 09:19:40.028,G5LJ2CH9PRAMRT7X
fdd9f1cb-4499-4b61-9214-f85333cea4b7,bf996092-8d66-408a-8d8e-5065ca3330c2,967e785d-d83c-490b-8d6a-2ed926c956ac,122c766e-4a34-4a13-8641-637176d1ce2c,,draft,2025-05-10 00:10:00.792,CMJ2N3U8MSMRM8ZA
75e50079-a87a-412d-81ca-42228b5fc56a,bf996092-8d66-408a-8d8e-5065ca3330c2,967e785d-d83c-490b-8d6a-2ed926c956ac,b6c962b1-dc41-4ce0-a21f-9bbfcfbea40a,,draft,2025-05-10 00:11:14.621,CMJ2N3U8MSMRM8ZA
c7ffa6ea-ff6b-4f20-a3ae-eba095bf955e,bf996092-8d66-408a-8d8e-5065ca3330c2,967e785d-d83c-490b-8d6a-2ed926c956ac,bb9665af-a15e-4e99-8e86-9e5464b23c45,,open,2025-05-10 06:20:50.815,U8Q2F3P4M3PWWQXF
50bf54d1-e5be-4564-9ed5-271b40e0d6e6,bf996092-8d66-408a-8d8e-5065ca3330c2,967e785d-d83c-490b-8d6a-2ed926c956ac,bb9665af-a15e-4e99-8e86-9e5464b23c45,open,answered,2025-05-10 06:30:28.98,U8Q2F3P4M3PWWQXF
54a0c046-d556-4c8f-bc04-3c96df1ae044,bf996092-8d66-408a-8d8e-5065ca3330c2,967e785d-d83c-490b-8d6a-2ed926c956ac,bb9665af-a15e-4e99-8e86-9e5464b23c45,answered,open,2025-05-10 06:32:40.586,U8Q2F3P4M3PWWQXF
bc6088c9-ae9f-4825-81f5-65c0cb00099e,bf996092-8d66-408a-8d8e-5065ca3330c2,967e785d-d83c-490b-8d6a-2ed926c956ac,80ea0e55-fcfd-4c57-9188-712d6c8a9a08,,submitted,2025-05-12 10:52:46.789,U8Q2F3P4M3PWWQXF
092e31ab-6ba3-4ad3-8d73-bbe94648195d,bf996092-8d66-408a-8d8e-5065ca3330c2,967e785d-d83c-490b-8d6a-2ed926c956ac,80ea0e55-fcfd-4c57-9188-712d6c8a9a08,submitted,open,2025-05-12 10:57:07.928,U8Q2F3P4M3PWWQXF
59298cf2-7d67-4ba8-b959-02d82eb07201,bf996092-8d66-408a-8d8e-5065ca3330c2,967e785d-d83c-490b-8d6a-2ed926c956ac,bb9665af-a15e-4e99-8e86-9e5464b23c45,open,answered,2025-05-17 05:34:21.137,D5ZKMDH5JP7L
596a80c0-6742-4a81-8a9b-5edf18e4ce32,bf996092-8d66-408a-8d8e-5065ca3330c2,967e785d-d83c-490b-8d6a-2ed926c956ac,16f0e834-6a58-48ab-b7f8-2c678dcbffaa,,draft,2025-05-18 12:49:36.052,WK7J3NJWMTCK9UWQ
4dfcd675-35b0-4d0c-9c75-298f4b9b96c1,bf996092-8d66-408a-8d8e-5065ca3330c2,967e785d-d83c-490b-8d6a-2ed926c956ac,16f0e834-6a58-48ab-b7f8-2c678dcbffaa,draft,submitted,2025-05-18 12:53:54.62,WK7J3NJWMTCK9UWQ
2f5b54c8-6f40-4583-8514-a7207d630432,bf996092-8d66-408a-8d8e-5065ca3330c2,f679f4cf-c089-4a2b-9b84-b14129630601,c1b95096-23e6-4519-8f28-09c0eb95fafd,,submitted,2025-05-19 07:18:39.513,YQH2SLPMM8Q48DDT
e285079d-a03e-4e19-af50-54e3bb956b1f,bf996092-8d66-408a-8d8e-5065ca3330c2,f679f4cf-c089-4a2b-9b84-b14129630601,c1b95096-23e6-4519-8f28-09c0eb95fafd,submitted,openRev1,2025-05-19 07:28:03.03,7XGJKR7GMJ4QN93J
2e4b78ad-4a23-4e65-9f65-ff198606a9c7,bf996092-8d66-408a-8d8e-5065ca3330c2,f679f4cf-c089-4a2b-9b84-b14129630601,c1b95096-23e6-4519-8f28-09c0eb95fafd,openRev1,openRev2,2025-05-19 07:28:39.234,7XGJKR7GMJ4QN93J
fa73cb27-bd3a-4c55-9b1b-5ffa90f239cd,bf996092-8d66-408a-8d8e-5065ca3330c2,ada6015d-9fce-4f2c-b20f-fc9122d2face,e911b3a0-8a76-4e79-8397-1a01a94d58bb,,submitted,2025-05-19 07:40:51.865,YQH2SLPMM8Q48DDT
09f1b3b1-4896-4736-b1b9-ce97e37e90b2,bf996092-8d66-408a-8d8e-5065ca3330c2,ada6015d-9fce-4f2c-b20f-fc9122d2face,bbbe4f4d-c828-4278-acf3-729f1793774a,,open,2025-05-19 09:24:31.468,CMJ2N3U8MSMRM8ZA
7e2c8e68-ed85-418f-b433-073808965488,bf996092-8d66-408a-8d8e-5065ca3330c2,967e785d-d83c-490b-8d6a-2ed926c956ac,16f0e834-6a58-48ab-b7f8-2c678dcbffaa,submitted,open,2025-05-19 11:05:20.434,U8Q2F3P4M3PWWQXF
f39653be-061b-403c-971c-86df4a529681,bf996092-8d66-408a-8d8e-5065ca3330c2,f679f4cf-c089-4a2b-9b84-b14129630601,346cb945-c348-4f4c-8402-11dc4e7e4628,open,answered,2025-05-23 07:07:46.303,S762NMGBKUB423MM
c4e0f0db-6f90-4344-b307-c4b0a1fc63db,bf996092-8d66-408a-8d8e-5065ca3330c2,f679f4cf-c089-4a2b-9b84-b14129630601,4dbed860-0879-4aa4-9a98-1f20405dd952,open,answered,2025-05-23 07:25:27.913,S762NMGBKUB423MM
a0f1e998-589d-4e55-b058-493e1dc12c5d,bf996092-8d66-408a-8d8e-5065ca3330c2,f679f4cf-c089-4a2b-9b84-b14129630601,346cb945-c348-4f4c-8402-11dc4e7e4628,answered,closed,2025-05-23 08:27:12.046,7XGJKR7GMJ4QN93J
b0ba65be-b0a1-4d2b-a596-9c4de6d777c3,bf996092-8d66-408a-8d8e-5065ca3330c2,f679f4cf-c089-4a2b-9b84-b14129630601,4dbed860-0879-4aa4-9a98-1f20405dd952,answered,closed,2025-05-23 09:40:04.929,7XGJKR7GMJ4QN93J
d594a42d-4af7-41e2-a67c-ed1369da9a42,bf996092-8d66-408a-8d8e-5065ca3330c2,967e785d-d83c-490b-8d6a-2ed926c956ac,eabfeed2-bcf3-4530-b2c3-20fbdd3f965a,answered,closed,2025-05-30 04:27:01.121,U8Q2F3P4M3PWWQXF
2de8f050-1fa3-4074-972f-aba960736a8f,bf996092-8d66-408a-8d8e-5065ca3330c2,967e785d-d83c-490b-8d6a-2ed926c956ac,80ea0e55-fcfd-4c57-9188-712d6c8a9a08,answered,closed,2025-05-30 04:41:29.284,U8Q2F3P4M3PWWQXF
831eb96c-f7a5-4a20-97dc-83bda77e3089,bf996092-8d66-408a-8d8e-5065ca3330c2,ada6015d-9fce-4f2c-b20f-fc9122d2face,e911b3a0-8a76-4e79-8397-1a01a94d58bb,submitted,open,2025-05-30 07:10:13.834,CMJ2N3U8MSMRM8ZA
cac924aa-3ee6-4772-99f7-b74360bd1411,bf996092-8d66-408a-8d8e-5065ca3330c2,967e785d-d83c-490b-8d6a-2ed926c956ac,a8f7f8a0-223e-43e2-8f86-03c530677d76,,draft,2025-06-07 10:13:48.478,WK7J3NJWMTCK9UWQ
ed1c5c2a-baad-4fb7-9049-93cf7f54d529,bf996092-8d66-408a-8d8e-5065ca3330c2,967e785d-d83c-490b-8d6a-2ed926c956ac,a8f7f8a0-223e-43e2-8f86-03c530677d76,draft,submitted,2025-06-07 10:16:01.891,WK7J3NJWMTCK9UWQ
78c8213a-6090-4831-b8f7-27bea5c2a5b5,bf996092-8d66-408a-8d8e-5065ca3330c2,967e785d-d83c-490b-8d6a-2ed926c956ac,bcae37c7-7f8f-43ab-974a-debf55497cc3,openRev1,openRev2,2025-06-07 10:43:17.474,S762NMGBKUB423MM
34db6a7c-96af-4a18-b456-b6f85e26d65e,bf996092-8d66-408a-8d8e-5065ca3330c2,967e785d-d83c-490b-8d6a-2ed926c956ac,bcae37c7-7f8f-43ab-974a-debf55497cc3,openRev2,answeredRev1,2025-06-07 10:45:05.892,S762NMGBKUB423MM
6632ab76-f187-45b4-a2e1-98807d3d9dbc,bf996092-8d66-408a-8d8e-5065ca3330c2,967e785d-d83c-490b-8d6a-2ed926c956ac,bcae37c7-7f8f-43ab-974a-debf55497cc3,answeredRev1,answeredManager,2025-06-07 10:45:22.353,S762NMGBKUB423MM
a3256ef2-68d7-445f-bdeb-22f4cdf97b40,bf996092-8d66-408a-8d8e-5065ca3330c2,967e785d-d83c-490b-8d6a-2ed926c956ac,f605a63b-e2dd-47bc-9ecd-f071b7aadeb7,open,answered,2025-06-09 05:18:13.529,67E2T63RRMUGH3NG
eebbef2e-3a86-4da4-845e-efb28093403d,bf996092-8d66-408a-8d8e-5065ca3330c2,967e785d-d83c-490b-8d6a-2ed926c956ac,bcae37c7-7f8f-43ab-974a-debf55497cc3,answeredManager,closed,2025-06-09 06:09:54.113,U8Q2F3P4M3PWWQXF
a34259b6-18e4-4ef3-970d-1081a9494b1c,bf996092-8d66-408a-8d8e-5065ca3330c2,967e785d-d83c-490b-8d6a-2ed926c956ac,a8f7f8a0-223e-43e2-8f86-03c530677d76,submitted,openRev1,2025-06-09 06:17:26.772,U8Q2F3P4M3PWWQXF
6e0b4c67-dcb9-4f23-94ac-96f9ff0e28fe,bf996092-8d66-408a-8d8e-5065ca3330c2,967e785d-d83c-490b-8d6a-2ed926c956ac,a8f7f8a0-223e-43e2-8f86-03c530677d76,openRev1,openRev2,2025-06-09 06:20:51.547,U8Q2F3P4M3PWWQXF
221da813-4ce0-4579-872b-220c2d33426f,bf996092-8d66-408a-8d8e-5065ca3330c2,ada6015d-9fce-4f2c-b20f-fc9122d2face,ebae4fd9-7df4-4399-b7d0-5c192d69587c,,openRev1,2025-06-13 08:48:34.578,CMJ2N3U8MSMRM8ZA
e06694eb-2879-4f91-9c91-a451c56c8ecb,bf996092-8d66-408a-8d8e-5065ca3330c2,ada6015d-9fce-4f2c-b20f-fc9122d2face,ebae4fd9-7df4-4399-b7d0-5c192d69587c,openRev1,openRev2,2025-06-13 08:49:41.091,CMJ2N3U8MSMRM8ZA
3002c87f-47c5-4487-b715-aaae9c751614,bf996092-8d66-408a-8d8e-5065ca3330c2,ada6015d-9fce-4f2c-b20f-fc9122d2face,ebae4fd9-7df4-4399-b7d0-5c192d69587c,openRev2,answeredRev1,2025-06-13 08:50:26.124,CMJ2N3U8MSMRM8ZA
c2214fac-e062-453f-85d0-cde43c809901,bf996092-8d66-408a-8d8e-5065ca3330c2,ada6015d-9fce-4f2c-b20f-fc9122d2face,ebae4fd9-7df4-4399-b7d0-5c192d69587c,answeredRev1,answeredManager,2025-06-13 08:50:34.146,CMJ2N3U8MSMRM8ZA
74c64b6a-80c6-4b85-848e-4a2b27e05a36,bf996092-8d66-408a-8d8e-5065ca3330c2,ada6015d-9fce-4f2c-b20f-fc9122d2face,ebae4fd9-7df4-4399-b7d0-5c192d69587c,answeredManager,closed,2025-06-13 08:50:47.171,CMJ2N3U8MSMRM8ZA
6981f30c-ce9b-442f-92f9-760ee4acc1c4,bf996092-8d66-408a-8d8e-5065ca3330c2,f679f4cf-c089-4a2b-9b84-b14129630601,bff81e2b-9089-470d-8f07-7311d06b75a7,,open,2025-07-09 05:56:25.103,7XGJKR7GMJ4QN93J
7287490d-b6f5-435a-a9b5-e0ef0de21f76,bf996092-8d66-408a-8d8e-5065ca3330c2,967e785d-d83c-490b-8d6a-2ed926c956ac,9442770e-e584-4ce9-87d8-309ec0e35dde,,openRev1,2025-07-09 13:12:42.368,U8Q2F3P4M3PWWQXF
10a75ea0-d018-4e22-9ef9-980783edf54e,bf996092-8d66-408a-8d8e-5065ca3330c2,967e785d-d83c-490b-8d6a-2ed926c956ac,c1f224e8-c8d7-4d3e-9ca9-66288b4b943e,,draft,2025-07-18 08:32:52.106,WK7J3NJWMTCK9UWQ
22740bde-2178-438b-a8f6-2dc49691107a,bf996092-8d66-408a-8d8e-5065ca3330c2,967e785d-d83c-490b-8d6a-2ed926c956ac,c1f224e8-c8d7-4d3e-9ca9-66288b4b943e,draft,submitted,2025-07-18 08:33:56.648,WK7J3NJWMTCK9UWQ
348488f4-ab47-4f53-92d3-5173e0ee8d19,bf996092-8d66-408a-8d8e-5065ca3330c2,967e785d-d83c-490b-8d6a-2ed926c956ac,96a263f8-ed22-464e-91e0-cfa64dc3b89b,,draft,2025-07-18 08:54:38.47,WK7J3NJWMTCK9UWQ
d1b65c7d-eef0-4c69-b591-0962d215865a,bf996092-8d66-408a-8d8e-5065ca3330c2,967e785d-d83c-490b-8d6a-2ed926c956ac,96a263f8-ed22-464e-91e0-cfa64dc3b89b,draft,submitted,2025-07-18 08:55:08.136,WK7J3NJWMTCK9UWQ
d2ed46d8-82db-4775-918e-075e12a4e97a,bf996092-8d66-408a-8d8e-5065ca3330c2,967e785d-d83c-490b-8d6a-2ed926c956ac,c1f224e8-c8d7-4d3e-9ca9-66288b4b943e,submitted,openRev1,2025-07-18 09:03:27.896,U8Q2F3P4M3PWWQXF
4c61aabc-4b8a-4ed5-ab28-cf8dccfa1ed5,bf996092-8d66-408a-8d8e-5065ca3330c2,967e785d-d83c-490b-8d6a-2ed926c956ac,c1f224e8-c8d7-4d3e-9ca9-66288b4b943e,openRev1,openRev2,2025-07-18 09:03:56.462,U8Q2F3P4M3PWWQXF
fb009fa4-6c87-4898-85e0-d51d0b079154,bf996092-8d66-408a-8d8e-5065ca3330c2,967e785d-d83c-490b-8d6a-2ed926c956ac,96a263f8-ed22-464e-91e0-cfa64dc3b89b,submitted,openRev1,2025-07-18 09:18:36.815,U8Q2F3P4M3PWWQXF
ad0ca9c9-0c11-48cb-8c00-80747b2b2893,bf996092-8d66-408a-8d8e-5065ca3330c2,967e785d-d83c-490b-8d6a-2ed926c956ac,96a263f8-ed22-464e-91e0-cfa64dc3b89b,openRev1,openRev2,2025-07-18 11:18:19.712,S762NMGBKUB423MM
a1b0b13f-a370-4000-8f55-7799b0d683c7,bf996092-8d66-408a-8d8e-5065ca3330c2,f679f4cf-c089-4a2b-9b84-b14129630601,64d26f6f-7580-4bc1-98ba-8ae54eed99fb,answered,closed,2025-07-23 04:54:21.719,7XGJKR7GMJ4QN93J
bbc77bd9-f258-49e3-a913-ab2146271e1a,bf996092-8d66-408a-8d8e-5065ca3330c2,f679f4cf-c089-4a2b-9b84-b14129630601,bff81e2b-9089-470d-8f07-7311d06b75a7,answered,closed,2025-07-23 04:58:58.875,7XGJKR7GMJ4QN93J
ecbd602d-2a7e-44b4-94b6-d0cc625fc476,bf996092-8d66-408a-8d8e-5065ca3330c2,967e785d-d83c-490b-8d6a-2ed926c956ac,c1f224e8-c8d7-4d3e-9ca9-66288b4b943e,openRev2,answeredRev1,2025-07-23 15:06:52.73,67E2T63RRMUGH3NG
e4168170-40b6-48b5-a1cc-8b74c9d12443,bf996092-8d66-408a-8d8e-5065ca3330c2,f679f4cf-c089-4a2b-9b84-b14129630601,87adb94e-c40f-4f41-be00-b99e961003af,open,answered,2025-07-28 04:29:28.852,S762NMGBKUB423MM
bc3685bd-c24b-4d98-9f86-eb4de1e3f812,bf996092-8d66-408a-8d8e-5065ca3330c2,f679f4cf-c089-4a2b-9b84-b14129630601,87adb94e-c40f-4f41-be00-b99e961003af,answered,closed,2025-07-28 04:53:09.324,7XGJKR7GMJ4QN93J
542a0d34-3fe0-4fbf-b98d-928dda0205ad,bf996092-8d66-408a-8d8e-5065ca3330c2,967e785d-d83c-490b-8d6a-2ed926c956ac,2446521d-2a01-483c-9946-10b851691706,,submitted,2025-07-28 13:06:31.375,U8Q2F3P4M3PWWQXF
3b1e5107-690f-4c0b-b1c7-90fa28ede907,bf996092-8d66-408a-8d8e-5065ca3330c2,967e785d-d83c-490b-8d6a-2ed926c956ac,2446521d-2a01-483c-9946-10b851691706,submitted,openRev1,2025-07-28 13:21:04.441,U8Q2F3P4M3PWWQXF
191febb7-3727-4ff8-b1a8-9885eec17030,bf996092-8d66-408a-8d8e-5065ca3330c2,967e785d-d83c-490b-8d6a-2ed926c956ac,2446521d-2a01-483c-9946-10b851691706,openRev1,openRev2,2025-07-28 13:21:37.005,U8Q2F3P4M3PWWQXF
ca4f7cb8-3ff0-4559-9bb8-9a6dc800c229,bf996092-8d66-408a-8d8e-5065ca3330c2,f679f4cf-c089-4a2b-9b84-b14129630601,b03f59d3-7897-46cc-83ec-36e8415858d3,answered,closed,2025-08-02 05:31:44.952,7XGJKR7GMJ4QN93J
2a97686b-4ac3-4629-a26d-8c6d93ee519c,bf996092-8d66-408a-8d8e-5065ca3330c2,967e785d-d83c-490b-8d6a-2ed926c956ac,64ba1333-14ae-405b-88c4-869d2810e5b2,openRev1,openRev2,2025-08-02 08:51:41.853,S762NMGBKUB423MM
c03d4369-0695-472c-bf52-833d9fa36770,bf996092-8d66-408a-8d8e-5065ca3330c2,967e785d-d83c-490b-8d6a-2ed926c956ac,912a0928-1599-459b-b703-92e9c6ac1f29,openRev1,answeredManager,2025-08-04 12:21:58.78,S762NMGBKUB423MM
c6c001c0-c289-42d6-b37e-6e8d9bc16d0d,bf996092-8d66-408a-8d8e-5065ca3330c2,967e785d-d83c-490b-8d6a-2ed926c956ac,529f384b-b4b3-49bb-b473-b2921e49e125,openRev1,answeredManager,2025-08-04 13:26:10.314,67E2T63RRMUGH3NG
4a822d1d-4691-4d11-b384-710461b64016,bf996092-8d66-408a-8d8e-5065ca3330c2,f6ab14eb-1a66-4ea5-8a0f-0afbda444403,d3a76424-f074-4c44-8407-32ea935f177a,,submitted,2025-08-19 14:51:39.392,FXYJ2FJQL3UMY6KM
061850c8-0b03-4016-952b-1237e3cc3c18,bf996092-8d66-408a-8d8e-5065ca3330c2,967e785d-d83c-490b-8d6a-2ed926c956ac,974dd3ab-d863-4dad-b8cd-6daac1016478,openRev1,answeredManager,2025-08-22 04:29:54.341,G5LJ2CH9PRAMRT7X
e15c2858-0122-4187-bcf9-893e7c760086,bf996092-8d66-408a-8d8e-5065ca3330c2,ada6015d-9fce-4f2c-b20f-fc9122d2face,85a9b9a0-7602-43cb-8103-fcdcc3f3453b,,submitted,2025-08-22 05:49:36.425,CMJ2N3U8MSMRM8ZA
7ced9b25-5f0c-4723-a559-85f7d8a9a2c0,bf996092-8d66-408a-8d8e-5065ca3330c2,f6ab14eb-1a66-4ea5-8a0f-0afbda444403,e2dce441-b9cf-4d11-b0bf-3ce7ca23cdf4,answeredManager,openRev1,2025-08-22 09:27:23.784,SFB2VPYZKPQ7XEGT
b0ed0b40-d3f3-416a-863f-f4454ff1dcfb,bf996092-8d66-408a-8d8e-5065ca3330c2,967e785d-d83c-490b-8d6a-2ed926c956ac,adf43e5c-df5e-4ec0-8266-ca4458007f25,,submitted,2025-08-22 11:11:19.988,KNL28BHPJJMCM75F
f0069264-f685-4e65-8054-0e4794f55d55,bf996092-8d66-408a-8d8e-5065ca3330c2,967e785d-d83c-490b-8d6a-2ed926c956ac,adf43e5c-df5e-4ec0-8266-ca4458007f25,submitted,draft,2025-08-22 11:21:43.478,KNL28BHPJJMCM75F
bb5b10a5-5f8a-40a2-b290-986bb575bdb4,bf996092-8d66-408a-8d8e-5065ca3330c2,967e785d-d83c-490b-8d6a-2ed926c956ac,adf43e5c-df5e-4ec0-8266-ca4458007f25,draft,openRev1,2025-08-22 12:21:56.407,U8Q2F3P4M3PWWQXF
24985304-5b3a-4d7e-bcff-e804dd2ccda4,bf996092-8d66-408a-8d8e-5065ca3330c2,967e785d-d83c-490b-8d6a-2ed926c956ac,adf43e5c-df5e-4ec0-8266-ca4458007f25,openRev1,openRev2,2025-08-22 12:25:47.522,U8Q2F3P4M3PWWQXF
ca59a6f4-b384-4f96-8a7a-aaef222ba3ad,bf996092-8d66-408a-8d8e-5065ca3330c2,967e785d-d83c-490b-8d6a-2ed926c956ac,974dd3ab-d863-4dad-b8cd-6daac1016478,openRev1,answeredManager,2025-08-28 05:11:00.661,G5LJ2CH9PRAMRT7X
fcdc594e-91dc-443c-98ac-4a8bc55729dc,bf996092-8d66-408a-8d8e-5065ca3330c2,967e785d-d83c-490b-8d6a-2ed926c956ac,974dd3ab-d863-4dad-b8cd-6daac1016478,answeredManager,closed,2025-08-28 05:46:24.519,U8Q2F3P4M3PWWQXF
4f0bd898-2331-45bc-ac20-16a4f3e2fabb,bf996092-8d66-408a-8d8e-5065ca3330c2,967e785d-d83c-490b-8d6a-2ed926c956ac,87564a46-20b8-4e67-a71f-c102ae8216be,,submitted,2025-08-28 07:46:28.251,MXG2L5VEMSKN8SVN
8a3ef511-8ed8-4bd3-aafc-05646a62879d,bf996092-8d66-408a-8d8e-5065ca3330c2,967e785d-d83c-490b-8d6a-2ed926c956ac,87564a46-20b8-4e67-a71f-c102ae8216be,submitted,openRev1,2025-08-28 08:59:39.272,U8Q2F3P4M3PWWQXF
1e094a53-1370-4c40-beef-f3073bf1bbdd,bf996092-8d66-408a-8d8e-5065ca3330c2,967e785d-d83c-490b-8d6a-2ed926c956ac,2806d303-c642-48b1-af1e-7e81ffb890fc,answeredManager,closed,2025-08-28 09:02:10.763,U8Q2F3P4M3PWWQXF
c2d55a1c-0479-4db0-aafb-6b52cef87509,bf996092-8d66-408a-8d8e-5065ca3330c2,967e785d-d83c-490b-8d6a-2ed926c956ac,adf43e5c-df5e-4ec0-8266-ca4458007f25,answeredRev1,answeredManager,2025-08-28 12:07:04.301,S762NMGBKUB423MM
0fbee9e6-bea9-4090-af8a-ea09213e478d,bf996092-8d66-408a-8d8e-5065ca3330c2,967e785d-d83c-490b-8d6a-2ed926c956ac,adf43e5c-df5e-4ec0-8266-ca4458007f25,answeredManager,closed,2025-08-28 12:47:33.046,U8Q2F3P4M3PWWQXF
3eaadf58-ccd6-4903-b997-94faa107bcf8,bf996092-8d66-408a-8d8e-5065ca3330c2,967e785d-d83c-490b-8d6a-2ed926c956ac,4cb013ec-5359-46ee-b519-677387263db1,,submitted,2025-08-28 13:46:01.976,MXG2L5VEMSKN8SVN
91ee493b-572a-482d-9609-03da3d2a1ffc,bf996092-8d66-408a-8d8e-5065ca3330c2,967e785d-d83c-490b-8d6a-2ed926c956ac,4cb013ec-5359-46ee-b519-677387263db1,submitted,openRev1,2025-08-28 16:19:20.153,U8Q2F3P4M3PWWQXF
