id,bim360_account_id,bim360_project_id,name,wf_type
02d58641-7ad7-4c6a-be15-cb66c064f642,bf996092-8d66-408a-8d8e-5065ca3330c2,85aceded-1588-4f99-bfba-6fe212b8cb9a,Reviewer with coordinator,reviewer_and_coordinator
43cba5f9-e700-4aca-a9e2-18b75530136f,bf996092-8d66-408a-8d8e-5065ca3330c2,85aceded-1588-4f99-bfba-6fe212b8cb9a,Default RFI workflow,reviewer_only
01ba4b5e-d01a-4ae1-a883-c4e69519f797,bf996092-8d66-408a-8d8e-5065ca3330c2,ada6015d-9fce-4f2c-b20f-fc9122d2face,Omaxe Project Team,reviewer_and_coordinator
c647b1d5-7d30-4fa4-8613-70326d9da954,bf996092-8d66-408a-8d8e-5065ca3330c2,85aceded-1588-4f99-bfba-6fe212b8cb9a,Structure,reviewer_only
068bc021-15d2-46ab-8238-d718a126cc27,bf996092-8d66-408a-8d8e-5065ca3330c2,85aceded-1588-4f99-bfba-6fe212b8cb9a,Structure ,reviewer_only
c29db56e-3fe5-4c7d-ba12-9cd026b49c7c,bf996092-8d66-408a-8d8e-5065ca3330c2,85aceded-1588-4f99-bfba-6fe212b8cb9a,Structure - Architecture,reviewer_only
3c1981cf-179e-4ea1-a6b0-99abb1747892,bf996092-8d66-408a-8d8e-5065ca3330c2,85aceded-1588-4f99-bfba-6fe212b8cb9a,Mechanical,reviewer_only
02117c79-4300-4eba-a10b-9ad72c50ff81,bf996092-8d66-408a-8d8e-5065ca3330c2,85aceded-1588-4f99-bfba-6fe212b8cb9a,Electrical,reviewer_only
19d24da8-e94f-494e-97f6-eb0fe45c052c,bf996092-8d66-408a-8d8e-5065ca3330c2,85aceded-1588-4f99-bfba-6fe212b8cb9a,Plumbing,reviewer_only
c4f76f42-a111-40b7-ad8b-0accaa507b86,bf996092-8d66-408a-8d8e-5065ca3330c2,85aceded-1588-4f99-bfba-6fe212b8cb9a,Contractor,reviewer_and_coordinator
90ecea3b-36cc-4305-88ef-3de976712134,bf996092-8d66-408a-8d8e-5065ca3330c2,85aceded-1588-4f99-bfba-6fe212b8cb9a,Architecture,reviewer_only
3e2d64e9-e6fd-48f4-be53-e3e18a06cc8a,bf996092-8d66-408a-8d8e-5065ca3330c2,b8edcd70-28bb-4319-af76-e8f8c0a1cd67,Structure,reviewer_only
9c2fbd90-d0e0-4132-b8f4-ae655a31c644,bf996092-8d66-408a-8d8e-5065ca3330c2,b8edcd70-28bb-4319-af76-e8f8c0a1cd67,Default RFI workflow,reviewer_only
cfc17696-30db-416f-aa61-46781e901936,bf996092-8d66-408a-8d8e-5065ca3330c2,b8edcd70-28bb-4319-af76-e8f8c0a1cd67,Reviewer with coordinator,reviewer_and_coordinator
cb4cf7d7-0fe0-415b-98e3-7ef6ecd63269,bf996092-8d66-408a-8d8e-5065ca3330c2,b8edcd70-28bb-4319-af76-e8f8c0a1cd67,Architecture,reviewer_only
bc5631c0-3f90-4023-8e97-8841a1ea9676,bf996092-8d66-408a-8d8e-5065ca3330c2,b8edcd70-28bb-4319-af76-e8f8c0a1cd67,Structure ,reviewer_only
77cd4fa2-c572-484b-b31b-b911c8a7ee7e,bf996092-8d66-408a-8d8e-5065ca3330c2,b8edcd70-28bb-4319-af76-e8f8c0a1cd67,Structure - Architecture,reviewer_only
af1c68fc-bc83-4816-8185-0f7981fadb53,bf996092-8d66-408a-8d8e-5065ca3330c2,b8edcd70-28bb-4319-af76-e8f8c0a1cd67,Mechanical,reviewer_only
60837d64-2bf9-41d0-9318-3a3934d75110,bf996092-8d66-408a-8d8e-5065ca3330c2,b8edcd70-28bb-4319-af76-e8f8c0a1cd67,Electrical,reviewer_only
e7ca9cc6-12b8-449f-9c79-62374b4a9e6a,bf996092-8d66-408a-8d8e-5065ca3330c2,b8edcd70-28bb-4319-af76-e8f8c0a1cd67,Plumbing,reviewer_only
c18dda1e-9b69-480b-885f-26da3ddeda3f,bf996092-8d66-408a-8d8e-5065ca3330c2,b8edcd70-28bb-4319-af76-e8f8c0a1cd67,Contractor,reviewer_and_coordinator
1d4c2a4c-6fac-4852-ad58-d5a1beba1ee9,bf996092-8d66-408a-8d8e-5065ca3330c2,f6ab14eb-1a66-4ea5-8a0f-0afbda444403,Contractor,reviewer_and_coordinator
94aa97fa-6d91-40fc-8735-6722e274ec17,bf996092-8d66-408a-8d8e-5065ca3330c2,f6ab14eb-1a66-4ea5-8a0f-0afbda444403,HO Omaxe,reviewer_only
12922643-3873-4aa8-ac6a-594949df556b,bf996092-8d66-408a-8d8e-5065ca3330c2,f6ab14eb-1a66-4ea5-8a0f-0afbda444403,Electrical,reviewer_only
8b882b1b-6f76-4286-988f-b34265091e27,bf996092-8d66-408a-8d8e-5065ca3330c2,f6ab14eb-1a66-4ea5-8a0f-0afbda444403,Mechanical,reviewer_only
ffef4f2b-3187-4214-a063-fb8645567320,bf996092-8d66-408a-8d8e-5065ca3330c2,f6ab14eb-1a66-4ea5-8a0f-0afbda444403,Plumbing,reviewer_only
bd0c3458-b65c-48aa-9156-2442d5a354ca,bf996092-8d66-408a-8d8e-5065ca3330c2,f6ab14eb-1a66-4ea5-8a0f-0afbda444403,Structure,reviewer_only
398023b6-5fa1-428c-8580-98b5435b8c85,bf996092-8d66-408a-8d8e-5065ca3330c2,f6ab14eb-1a66-4ea5-8a0f-0afbda444403,Default RFI workflow,reviewer_only
6eeefd84-39e6-43e1-acbd-a55f990edcb0,bf996092-8d66-408a-8d8e-5065ca3330c2,f6ab14eb-1a66-4ea5-8a0f-0afbda444403,Reviewer with coordinator,reviewer_and_coordinator
2b63b6a9-500e-4588-b9a6-de08621ad1cf,bf996092-8d66-408a-8d8e-5065ca3330c2,2407fb98-b0ae-4470-944d-73b14ccc6347,Default RFI workflow,reviewer_only
12adbec1-c43a-4a3b-b8ea-b70d5a611146,bf996092-8d66-408a-8d8e-5065ca3330c2,2407fb98-b0ae-4470-944d-73b14ccc6347,Reviewer with coordinator,reviewer_and_coordinator
38f4d084-e96d-4ba7-ad66-89540ff1d7b3,bf996092-8d66-408a-8d8e-5065ca3330c2,94e46603-a987-42b3-b038-c708d5b5044f,Default RFI workflow,reviewer_only
79bce2b6-0a75-4d16-9884-8b58ba5949fa,bf996092-8d66-408a-8d8e-5065ca3330c2,94e46603-a987-42b3-b038-c708d5b5044f,Reviewer with coordinator,reviewer_and_coordinator
6fe9979a-c107-4438-ae71-cb2292425689,bf996092-8d66-408a-8d8e-5065ca3330c2,e9b596f2-48ee-419b-a199-da304b38c398,Omaxe Project Team,reviewer_only
88b6db7a-f6a8-4a65-9448-816a3d20a961,bf996092-8d66-408a-8d8e-5065ca3330c2,e9b596f2-48ee-419b-a199-da304b38c398,Structure ,reviewer_only
16319ca7-c2d2-41b4-9a9a-0f4a13f9bb41,bf996092-8d66-408a-8d8e-5065ca3330c2,e9b596f2-48ee-419b-a199-da304b38c398,Structure,reviewer_only
dee4a27f-539a-471a-a775-b76f4604d14b,bf996092-8d66-408a-8d8e-5065ca3330c2,e9b596f2-48ee-419b-a199-da304b38c398,Default RFI workflow,reviewer_only
720a21b9-6d3f-4b44-929f-6d4220e6e5dd,bf996092-8d66-408a-8d8e-5065ca3330c2,e9b596f2-48ee-419b-a199-da304b38c398,Reviewer with coordinator,reviewer_and_coordinator
b0be37c8-e830-41a2-aba9-e507a0d16457,bf996092-8d66-408a-8d8e-5065ca3330c2,e9b596f2-48ee-419b-a199-da304b38c398,Contractor,reviewer_and_coordinator
f4b2c1d6-cb95-40aa-b43a-470ef3c74ebe,bf996092-8d66-408a-8d8e-5065ca3330c2,e9b596f2-48ee-419b-a199-da304b38c398,Electrical,reviewer_only
e5c59611-fa24-4325-a4be-4f5302910506,bf996092-8d66-408a-8d8e-5065ca3330c2,cbee6c17-cdf8-4f2c-89c3-d6d9d738603e,Structure,reviewer_only
4d675a00-7540-4ec6-887e-95ee0a33411a,bf996092-8d66-408a-8d8e-5065ca3330c2,cbee6c17-cdf8-4f2c-89c3-d6d9d738603e,Default RFI workflow,reviewer_only
c10e5640-0062-4212-aa84-cbaf3e27e0a0,bf996092-8d66-408a-8d8e-5065ca3330c2,cbee6c17-cdf8-4f2c-89c3-d6d9d738603e,Reviewer with coordinator,reviewer_and_coordinator
f75aeb56-3b77-47f6-a087-53fa95455aff,bf996092-8d66-408a-8d8e-5065ca3330c2,cbee6c17-cdf8-4f2c-89c3-d6d9d738603e,Architecture,reviewer_only
ca3aab4d-4260-4d2e-a04b-2e02bab564d8,bf996092-8d66-408a-8d8e-5065ca3330c2,cbee6c17-cdf8-4f2c-89c3-d6d9d738603e,Structure ,reviewer_only
a2e053c7-afd4-4b47-ac8c-544e6ec9ee3d,bf996092-8d66-408a-8d8e-5065ca3330c2,cbee6c17-cdf8-4f2c-89c3-d6d9d738603e,Structure - Architecture,reviewer_only
201d8b95-701e-48a8-b8ea-7b845784ce10,bf996092-8d66-408a-8d8e-5065ca3330c2,cbee6c17-cdf8-4f2c-89c3-d6d9d738603e,Mechanical,reviewer_only
ee5a770c-a294-40d4-ac7c-dff1bd2a62b2,bf996092-8d66-408a-8d8e-5065ca3330c2,cbee6c17-cdf8-4f2c-89c3-d6d9d738603e,Electrical,reviewer_only
dd605b08-3233-4e67-ae6b-d0c4b7ef5715,bf996092-8d66-408a-8d8e-5065ca3330c2,cbee6c17-cdf8-4f2c-89c3-d6d9d738603e,Plumbing,reviewer_only
b3d894f1-0bfa-4e84-bbe5-3ea0a840f9e6,bf996092-8d66-408a-8d8e-5065ca3330c2,cbee6c17-cdf8-4f2c-89c3-d6d9d738603e,Contractor,reviewer_and_coordinator
914d9be8-fc41-4db5-81ad-390ab9496e50,bf996092-8d66-408a-8d8e-5065ca3330c2,967e785d-d83c-490b-8d6a-2ed926c956ac,Project Team,reviewer_only
7dfa91bb-f06d-4870-bd3f-917c1519af28,bf996092-8d66-408a-8d8e-5065ca3330c2,967e785d-d83c-490b-8d6a-2ed926c956ac,Omaxe Project Team,reviewer_and_coordinator
828a773b-7b37-4332-a048-2048e9d4069f,bf996092-8d66-408a-8d8e-5065ca3330c2,5f478d4c-bbba-42cf-9532-4c830f687b31,Default RFI workflow,reviewer_only
ab72cb7a-3496-4f08-8de5-6bdb14bbd1ef,bf996092-8d66-408a-8d8e-5065ca3330c2,5f478d4c-bbba-42cf-9532-4c830f687b31,Reviewer with coordinator,reviewer_and_coordinator
79735869-2d87-4b34-be43-133f885f935b,bf996092-8d66-408a-8d8e-5065ca3330c2,23142979-9fb6-4fd3-bd82-62d7e0add75f,Structure,reviewer_only
ce184b6b-9063-410b-86b2-350c6e545feb,bf996092-8d66-408a-8d8e-5065ca3330c2,23142979-9fb6-4fd3-bd82-62d7e0add75f,Default RFI workflow,reviewer_only
477e35b1-1916-49cf-a567-614d1ad32915,bf996092-8d66-408a-8d8e-5065ca3330c2,23142979-9fb6-4fd3-bd82-62d7e0add75f,Reviewer with coordinator,reviewer_and_coordinator
1cc1eaee-7d4a-4634-bbc6-825d319b8072,bf996092-8d66-408a-8d8e-5065ca3330c2,23142979-9fb6-4fd3-bd82-62d7e0add75f,Contractor,reviewer_and_coordinator
684400f6-9dac-4ccb-8341-d50c3ca0bb80,bf996092-8d66-408a-8d8e-5065ca3330c2,23142979-9fb6-4fd3-bd82-62d7e0add75f,HO Omaxe,reviewer_only
eaf9c7e3-bbcb-4cee-b924-80bb711dffe0,bf996092-8d66-408a-8d8e-5065ca3330c2,23142979-9fb6-4fd3-bd82-62d7e0add75f,Electrical,reviewer_only
c4b5472a-af74-4926-b67a-e3ac634193ac,bf996092-8d66-408a-8d8e-5065ca3330c2,23142979-9fb6-4fd3-bd82-62d7e0add75f,Mechanical,reviewer_only
eec0ff9f-a63c-4392-962b-044bad949e50,bf996092-8d66-408a-8d8e-5065ca3330c2,23142979-9fb6-4fd3-bd82-62d7e0add75f,Plumbing,reviewer_only
b540ef6f-bfe2-4f2c-854c-0b70669674c1,bf996092-8d66-408a-8d8e-5065ca3330c2,23142979-9fb6-4fd3-bd82-62d7e0add75f,Structure ,reviewer_only
a00fe8b8-6fa5-4ce7-be73-6c84814e4358,bf996092-8d66-408a-8d8e-5065ca3330c2,23142979-9fb6-4fd3-bd82-62d7e0add75f,Structure - Architecture,reviewer_only
b674ce22-9321-483f-9298-b2128d58a00e,bf996092-8d66-408a-8d8e-5065ca3330c2,1087faa2-780e-45f2-a023-368facf7cc30,Structure,reviewer_only
3716903f-b7fe-4077-9e9f-d8e8220eb29c,bf996092-8d66-408a-8d8e-5065ca3330c2,1087faa2-780e-45f2-a023-368facf7cc30,Default RFI workflow,reviewer_only
082b3f6e-7f7b-48de-b472-459e153297e1,bf996092-8d66-408a-8d8e-5065ca3330c2,1087faa2-780e-45f2-a023-368facf7cc30,Reviewer with coordinator,reviewer_and_coordinator
4a39c76a-86b0-4ebc-a8c8-971d74ecb6c5,bf996092-8d66-408a-8d8e-5065ca3330c2,1087faa2-780e-45f2-a023-368facf7cc30,Architecture,reviewer_only
35bab4bc-3cc5-41cb-abdd-0692921f1392,bf996092-8d66-408a-8d8e-5065ca3330c2,1087faa2-780e-45f2-a023-368facf7cc30,Structure ,reviewer_only
34e68c7a-843a-42a2-95cb-ddb5db8af7f5,bf996092-8d66-408a-8d8e-5065ca3330c2,1087faa2-780e-45f2-a023-368facf7cc30,Structure - Architecture,reviewer_only
ade096e6-6e9a-4cbe-aca0-ccd5b757bc84,bf996092-8d66-408a-8d8e-5065ca3330c2,1087faa2-780e-45f2-a023-368facf7cc30,Mechanical,reviewer_only
472a342b-f6b2-4f02-b2d8-f57f08638afd,bf996092-8d66-408a-8d8e-5065ca3330c2,1087faa2-780e-45f2-a023-368facf7cc30,Electrical,reviewer_only
f910cdf7-a73e-4fe0-b725-3a622d38c4d1,bf996092-8d66-408a-8d8e-5065ca3330c2,1087faa2-780e-45f2-a023-368facf7cc30,Plumbing,reviewer_only
c122371b-4918-4e0b-8169-2a789d83e79d,bf996092-8d66-408a-8d8e-5065ca3330c2,1087faa2-780e-45f2-a023-368facf7cc30,Contractor,reviewer_and_coordinator
f226e26d-9c32-4b72-bff7-3efe458ab1ca,bf996092-8d66-408a-8d8e-5065ca3330c2,967e785d-d83c-490b-8d6a-2ed926c956ac,Structure ,reviewer_only
792dc6a7-256f-4b81-b4c5-c1a85b7e1b6b,bf996092-8d66-408a-8d8e-5065ca3330c2,967e785d-d83c-490b-8d6a-2ed926c956ac,Structure,reviewer_only
738fce64-7296-42e9-94d4-f6120ddc3cfa,bf996092-8d66-408a-8d8e-5065ca3330c2,967e785d-d83c-490b-8d6a-2ed926c956ac,Default RFI workflow,reviewer_only
6ff3ca93-0b91-4ba0-8592-47ef8ea8232e,bf996092-8d66-408a-8d8e-5065ca3330c2,967e785d-d83c-490b-8d6a-2ed926c956ac,Reviewer with coordinator,reviewer_and_coordinator
60d673d7-1d29-4b03-9ce3-1ac9eadb50e1,bf996092-8d66-408a-8d8e-5065ca3330c2,967e785d-d83c-490b-8d6a-2ed926c956ac,HO Omaxe,reviewer_only
5476334f-97d4-444a-a035-dc77f036673f,bf996092-8d66-408a-8d8e-5065ca3330c2,967e785d-d83c-490b-8d6a-2ed926c956ac,Contractor,reviewer_and_coordinator
82aa0e26-d004-4422-b583-c95cddc82e7e,bf996092-8d66-408a-8d8e-5065ca3330c2,967e785d-d83c-490b-8d6a-2ed926c956ac,Electrical,reviewer_only
710bd7d2-92a7-40f4-b200-fe125ef29cbf,bf996092-8d66-408a-8d8e-5065ca3330c2,967e785d-d83c-490b-8d6a-2ed926c956ac,Mechanical,reviewer_only
4840de48-3da5-4486-8256-95976312688c,bf996092-8d66-408a-8d8e-5065ca3330c2,967e785d-d83c-490b-8d6a-2ed926c956ac,Plumbing,reviewer_only
c3e33493-d90c-4d40-b44c-349995671592,bf996092-8d66-408a-8d8e-5065ca3330c2,967e785d-d83c-490b-8d6a-2ed926c956ac,Structure - Architecture,reviewer_only
9f93ff0e-2e2f-45b8-bc4e-68efdc69391e,bf996092-8d66-408a-8d8e-5065ca3330c2,f679f4cf-c089-4a2b-9b84-b14129630601,Electrical,reviewer_only
a3c5fb04-0c08-4838-b050-615c1e7dd04e,bf996092-8d66-408a-8d8e-5065ca3330c2,f679f4cf-c089-4a2b-9b84-b14129630601,Structure,reviewer_only
b7484b7e-9f50-426f-ac2a-7d4a91c36506,bf996092-8d66-408a-8d8e-5065ca3330c2,f679f4cf-c089-4a2b-9b84-b14129630601,Default RFI workflow,reviewer_only
bfbee68d-6b7a-4366-8779-1cc39d7442bb,bf996092-8d66-408a-8d8e-5065ca3330c2,f679f4cf-c089-4a2b-9b84-b14129630601,Reviewer with coordinator,reviewer_and_coordinator
30be815a-143b-45fa-90c3-e4483e2eb169,bf996092-8d66-408a-8d8e-5065ca3330c2,ada6015d-9fce-4f2c-b20f-fc9122d2face,Contractor,reviewer_and_coordinator
6a72303d-ef1f-4d0a-be4a-f98e9f24fcb0,bf996092-8d66-408a-8d8e-5065ca3330c2,ada6015d-9fce-4f2c-b20f-fc9122d2face,HO Omaxe,reviewer_only
a089e4cb-f248-4307-baa4-71185ce107fc,bf996092-8d66-408a-8d8e-5065ca3330c2,ada6015d-9fce-4f2c-b20f-fc9122d2face,Structure,reviewer_only
13165934-e1ef-481c-ad99-e29a7b9b66d6,bf996092-8d66-408a-8d8e-5065ca3330c2,ada6015d-9fce-4f2c-b20f-fc9122d2face,MEP,reviewer_only
bdbcfbef-3fa5-46e6-8ae1-f689f7e72f8d,bf996092-8d66-408a-8d8e-5065ca3330c2,ada6015d-9fce-4f2c-b20f-fc9122d2face,Reviewer with coordinator,reviewer_and_coordinator
93c573ab-c8a3-4f70-9e41-c11f585efb3a,bf996092-8d66-408a-8d8e-5065ca3330c2,ada6015d-9fce-4f2c-b20f-fc9122d2face,Contractors,reviewer_and_coordinator
f7bfc5aa-e8d3-4407-987e-b0ae912ccea8,bf996092-8d66-408a-8d8e-5065ca3330c2,1b9ab417-1b67-460b-a854-2e443d5b6f4f,Default RFI workflow,reviewer_only
eb0d2b6a-9519-41e7-abdf-0cc0ae1dae12,bf996092-8d66-408a-8d8e-5065ca3330c2,1b9ab417-1b67-460b-a854-2e443d5b6f4f,Reviewer with coordinator,reviewer_and_coordinator
eb3648ba-f646-4da8-9cf5-cbd48c558ef0,bf996092-8d66-408a-8d8e-5065ca3330c2,2f551e7d-05e6-4bfc-8ee1-0ef3a8487c11,Structure,reviewer_only
10792932-1d97-4ae0-8d88-c1fa663cd79f,bf996092-8d66-408a-8d8e-5065ca3330c2,2f551e7d-05e6-4bfc-8ee1-0ef3a8487c11,Default RFI workflow,reviewer_only
fe807e1a-1cdd-4a84-ab55-d9333277b3e3,bf996092-8d66-408a-8d8e-5065ca3330c2,2f551e7d-05e6-4bfc-8ee1-0ef3a8487c11,Reviewer with coordinator,reviewer_and_coordinator
820a7043-3b74-4f99-ba2f-1134e6acd54b,bf996092-8d66-408a-8d8e-5065ca3330c2,2f551e7d-05e6-4bfc-8ee1-0ef3a8487c11,Contractor,reviewer_and_coordinator
4ee21cbe-ad33-40c3-b88d-182d4e5d63b1,bf996092-8d66-408a-8d8e-5065ca3330c2,2f551e7d-05e6-4bfc-8ee1-0ef3a8487c11,Electrical,reviewer_only
e8a7059d-9cf4-47ef-a94f-6f7fc88cae98,bf996092-8d66-408a-8d8e-5065ca3330c2,2f551e7d-05e6-4bfc-8ee1-0ef3a8487c11,Mechanical,reviewer_only
854241fa-fd15-47b0-a881-93999435eaec,bf996092-8d66-408a-8d8e-5065ca3330c2,77d5fb8c-5d83-4fa8-8c81-169306f7a8f7,Structure,reviewer_only
22781841-c462-488b-b6d0-7c80442ad0c8,bf996092-8d66-408a-8d8e-5065ca3330c2,77d5fb8c-5d83-4fa8-8c81-169306f7a8f7,Default RFI workflow,reviewer_only
3b91d61a-9439-40cb-b549-e495a8727249,bf996092-8d66-408a-8d8e-5065ca3330c2,77d5fb8c-5d83-4fa8-8c81-169306f7a8f7,Reviewer with coordinator,reviewer_and_coordinator
0c10ca82-5a78-4b3f-9d21-d2f9cfc41259,bf996092-8d66-408a-8d8e-5065ca3330c2,f679f4cf-c089-4a2b-9b84-b14129630601,Project Team to HO,reviewer_and_coordinator
7a2a59bd-5ca7-4f53-a38b-1e7668572642,bf996092-8d66-408a-8d8e-5065ca3330c2,61c6206e-6e04-428a-836e-f68959d2a057,Default RFI workflow,reviewer_only
88b7dbd3-fc36-445c-96e1-73f4a3afd8fb,bf996092-8d66-408a-8d8e-5065ca3330c2,61c6206e-6e04-428a-836e-f68959d2a057,Reviewer with coordinator,reviewer_and_coordinator
79e7b5db-b42c-4532-bbc6-8fe0773d5e5a,bf996092-8d66-408a-8d8e-5065ca3330c2,a53412bd-7461-4097-8404-e9dca9bf8ebe,Structure,reviewer_only
0693f3a4-f9bb-4fc1-b580-fab4618ca23e,bf996092-8d66-408a-8d8e-5065ca3330c2,a53412bd-7461-4097-8404-e9dca9bf8ebe,Default RFI workflow,reviewer_only
a5cb30af-fce8-48ea-9c24-2194f5d03a89,bf996092-8d66-408a-8d8e-5065ca3330c2,a53412bd-7461-4097-8404-e9dca9bf8ebe,Reviewer with coordinator,reviewer_and_coordinator
b0e16bc8-b214-4743-884a-0c37fef6ac80,bf996092-8d66-408a-8d8e-5065ca3330c2,a53412bd-7461-4097-8404-e9dca9bf8ebe,Architecture,reviewer_only
f24ac324-901a-4a0d-b5ff-2c95c204f2f1,bf996092-8d66-408a-8d8e-5065ca3330c2,a53412bd-7461-4097-8404-e9dca9bf8ebe,Structure ,reviewer_only
4538fe6c-04f2-48b9-9293-3551f98a5aae,bf996092-8d66-408a-8d8e-5065ca3330c2,a53412bd-7461-4097-8404-e9dca9bf8ebe,Structure - Architecture,reviewer_only
9224409c-33fe-484f-a400-a7323518e5e0,bf996092-8d66-408a-8d8e-5065ca3330c2,a53412bd-7461-4097-8404-e9dca9bf8ebe,Mechanical,reviewer_only
f2010187-85ee-40f4-8d4f-e20aa7ea66e5,bf996092-8d66-408a-8d8e-5065ca3330c2,a53412bd-7461-4097-8404-e9dca9bf8ebe,Electrical,reviewer_only
502d057d-c94f-4115-9b4f-faebeea4a072,bf996092-8d66-408a-8d8e-5065ca3330c2,a53412bd-7461-4097-8404-e9dca9bf8ebe,Plumbing,reviewer_only
0773517c-0321-4b67-8ee6-4dbbe9057454,bf996092-8d66-408a-8d8e-5065ca3330c2,a53412bd-7461-4097-8404-e9dca9bf8ebe,Contractor,reviewer_and_coordinator
6c513ee6-1b58-4527-874b-e09d24107ba6,bf996092-8d66-408a-8d8e-5065ca3330c2,d3e63b56-0fd8-48c4-a595-b59dec992cd7,Default RFI workflow,reviewer_only
4ec0f018-e96b-477a-aef0-c88f6926eece,bf996092-8d66-408a-8d8e-5065ca3330c2,d3e63b56-0fd8-48c4-a595-b59dec992cd7,Reviewer with coordinator,reviewer_and_coordinator
8924e246-3f47-4b94-b04b-d36556838d35,bf996092-8d66-408a-8d8e-5065ca3330c2,f6ab14eb-1a66-4ea5-8a0f-0afbda444403,Structure ,reviewer_only
82c0bb35-906c-4985-b9af-5c1e319bda5e,bf996092-8d66-408a-8d8e-5065ca3330c2,f6ab14eb-1a66-4ea5-8a0f-0afbda444403,Structure - Architecture,reviewer_only
c2973acf-c43e-494c-9101-242321c68c40,bf996092-8d66-408a-8d8e-5065ca3330c2,f6ab14eb-1a66-4ea5-8a0f-0afbda444403,Omaxe Project Team,reviewer_and_coordinator
a43302a5-e19d-4cd2-abd5-eb80d3418a34,bf996092-8d66-408a-8d8e-5065ca3330c2,3473261e-0400-4f3f-881d-b12012018bee,Default RFI workflow,reviewer_only
20b31cad-f0e4-4ace-a19e-ecba26abe215,bf996092-8d66-408a-8d8e-5065ca3330c2,3473261e-0400-4f3f-881d-b12012018bee,Reviewer with coordinator,reviewer_and_coordinator
f5b8b19e-9398-472d-9fe1-bc630c79e714,bf996092-8d66-408a-8d8e-5065ca3330c2,f679f4cf-c089-4a2b-9b84-b14129630601,Mechanical,reviewer_only
be7d605c-e8e8-4475-a637-b33214923d25,bf996092-8d66-408a-8d8e-5065ca3330c2,f679f4cf-c089-4a2b-9b84-b14129630601,Plumbing,reviewer_only
9c7880e9-c7fe-4f79-a354-5a795ed7aaf0,bf996092-8d66-408a-8d8e-5065ca3330c2,f679f4cf-c089-4a2b-9b84-b14129630601,Structure ,reviewer_only
36a936db-b33c-4168-b0e2-1083f95fac2b,bf996092-8d66-408a-8d8e-5065ca3330c2,f679f4cf-c089-4a2b-9b84-b14129630601,Structure - Architecture,reviewer_only
bbb9a258-ccf2-4e87-a633-4111b6ef235a,bf996092-8d66-408a-8d8e-5065ca3330c2,f679f4cf-c089-4a2b-9b84-b14129630601,Omaxe Project Team,reviewer_and_coordinator
cc53c76c-57c0-420b-b80b-a7628ad318b6,bf996092-8d66-408a-8d8e-5065ca3330c2,f679f4cf-c089-4a2b-9b84-b14129630601,Contractor,reviewer_and_coordinator
9efdc739-2919-42e2-a899-d87d34b024f8,bf996092-8d66-408a-8d8e-5065ca3330c2,f679f4cf-c089-4a2b-9b84-b14129630601,HO Omaxe,reviewer_only
42c480f1-278f-4044-8028-4a405cb7d4ba,bf996092-8d66-408a-8d8e-5065ca3330c2,e9b596f2-48ee-419b-a199-da304b38c398,Mechanical,reviewer_only
984bce3b-55c6-4d2f-9797-2c601c73068f,bf996092-8d66-408a-8d8e-5065ca3330c2,e9b596f2-48ee-419b-a199-da304b38c398,Plumbing,reviewer_only
664fad80-2776-4d6f-82f7-d845b442535d,bf996092-8d66-408a-8d8e-5065ca3330c2,e9b596f2-48ee-419b-a199-da304b38c398,Structure - Architecture,reviewer_only
7f83e879-9932-4228-b055-71e18550ee37,bf996092-8d66-408a-8d8e-5065ca3330c2,e9b596f2-48ee-419b-a199-da304b38c398,HO Omaxe,reviewer_only
b2ce1187-c687-457c-8d78-8446fe5ea06d,bf996092-8d66-408a-8d8e-5065ca3330c2,23142979-9fb6-4fd3-bd82-62d7e0add75f,Omaxe Project Team,reviewer_and_coordinator
2c98f0ce-e2be-4432-922d-f28ca18b4b93,bf996092-8d66-408a-8d8e-5065ca3330c2,2f551e7d-05e6-4bfc-8ee1-0ef3a8487c11,Omaxe Project Team,reviewer_and_coordinator
7c11c4f8-2352-468e-8bcd-59b5214d33c3,bf996092-8d66-408a-8d8e-5065ca3330c2,2f551e7d-05e6-4bfc-8ee1-0ef3a8487c11,HO Omaxe,reviewer_only
aa6b16b7-874f-48fe-b828-aceca91088f7,bf996092-8d66-408a-8d8e-5065ca3330c2,2f551e7d-05e6-4bfc-8ee1-0ef3a8487c11,Plumbing,reviewer_only
bcfaa58e-08c6-4bec-a9ef-78b980916a56,bf996092-8d66-408a-8d8e-5065ca3330c2,2f551e7d-05e6-4bfc-8ee1-0ef3a8487c11,Structure ,reviewer_only
3f2f8314-4e05-460e-a048-5e8ed6b56a4c,bf996092-8d66-408a-8d8e-5065ca3330c2,2f551e7d-05e6-4bfc-8ee1-0ef3a8487c11,Structure - Architecture,reviewer_only
dba733ec-bd33-426d-b6ac-47cfd844d9a9,bf996092-8d66-408a-8d8e-5065ca3330c2,77d5fb8c-5d83-4fa8-8c81-169306f7a8f7,Contractor,reviewer_and_coordinator
c848795f-637b-46f7-8315-091b5ad715c9,bf996092-8d66-408a-8d8e-5065ca3330c2,77d5fb8c-5d83-4fa8-8c81-169306f7a8f7,HO Omaxe,reviewer_only
feeb6852-52bc-4d42-9239-14c26a179184,bf996092-8d66-408a-8d8e-5065ca3330c2,77d5fb8c-5d83-4fa8-8c81-169306f7a8f7,Electrical,reviewer_only
f6ff0dcf-0b20-47a3-836a-8c9500b5add5,bf996092-8d66-408a-8d8e-5065ca3330c2,77d5fb8c-5d83-4fa8-8c81-169306f7a8f7,Plumbing,reviewer_only
e0bc0bb6-a90d-41df-8607-29f5f304448b,bf996092-8d66-408a-8d8e-5065ca3330c2,77d5fb8c-5d83-4fa8-8c81-169306f7a8f7,Structure ,reviewer_only
3ede931f-5791-4765-826c-97eb7ffb6fd4,bf996092-8d66-408a-8d8e-5065ca3330c2,77d5fb8c-5d83-4fa8-8c81-169306f7a8f7,Mechanical,reviewer_only
f9ed362f-b149-4278-8874-5b7bd7655f2b,bf996092-8d66-408a-8d8e-5065ca3330c2,77d5fb8c-5d83-4fa8-8c81-169306f7a8f7,Structure - Architecture,reviewer_only
ed8624cd-ff56-4f0d-9aca-a1223b1f1d5e,bf996092-8d66-408a-8d8e-5065ca3330c2,77d5fb8c-5d83-4fa8-8c81-169306f7a8f7,Omaxe Project Team,reviewer_and_coordinator
