id,bim360_account_id,bim360_project_id,item_id,name,revision,created_by,created_at,updated_at,updated_by,upload_urn,category_id,category_value,task_id,is_file_uploaded,urn
6a2768e8-1795-46b0-a5f9-58d5d42bde4b,bf996092-8d66-408a-8d8e-5065ca3330c2,ada6015d-9fce-4f2c-b20f-fc9122d2face,e5bcfa04-284b-48dd-ba15-d98ccc34b3d5,Form detail report-202506031057.pdf,0,YEYJGRGXQH2X5DAY,2025-06-04 07:26:19.049725,2025-06-21 05:29:35.596386,YEYJGRGXQH2X5DAY,urn:adsk.objects:os.object:wip.dm.prod/6c185bfa-b4b7-45bd-8f5d-b5945944b6e0.pdf,1,Submission,,f,
3fc26a36-2b94-4cac-a574-b704f4f66f34,bf996092-8d66-408a-8d8e-5065ca3330c2,ada6015d-9fce-4f2c-b20f-fc9122d2face,4c67a73c-863c-4b2b-9a6d-7885a4e567de,Snowdon Towers Sample Architectural - All Floors.pdf,0,Z3429E4KRUPBNHD4,2025-06-05 10:42:23.461201,2025-06-05 10:58:28.304019,V9Q2X946QA52XTJG,urn:adsk.objects:os.object:wip.dm.prod/8ecdc944-b19e-4b3f-ae5e-c7e4057f2174.pdf,6,Previous For Review,,t,urn:adsk.wipprod:fs.file:vf.nbrcUG32ST64uyXVF5vBbg?version=1
2f5eac37-1238-49f2-87ad-c5e03ff1b5a2,bf996092-8d66-408a-8d8e-5065ca3330c2,ada6015d-9fce-4f2c-b20f-fc9122d2face,69171437-babc-4d78-957a-48d72368b6bc,Work Flow-Final (VDN).xlsx,0,V9Q2X946QA52XTJG,2025-06-03 06:29:22.282193,2025-06-03 06:51:56.950096,V9Q2X946QA52XTJG,urn:adsk.objects:os.object:wip.dm.prod/770776ba-a0cf-46a7-b4fe-9223fbc8ca07.xlsx,3,Review Response,32a4baab-b5a4-4269-a87d-0a4e1b49dcbb,t,urn:adsk.wipprod:fs.file:vf.Cyk9B5rRRmuiQYNo6D0XTQ?version=1
1f7c748a-dbde-4a28-befd-b789e0eece84,bf996092-8d66-408a-8d8e-5065ca3330c2,ada6015d-9fce-4f2c-b20f-fc9122d2face,03c32be5-6e83-4c26-a2a8-a9e47d80e4aa,Form detail report-202506031057.pdf,0,YEYJGRGXQH2X5DAY,2025-06-03 11:17:26.6022,2025-06-03 11:20:57.068845,YEYJGRGXQH2X5DAY,urn:adsk.objects:os.object:wip.dm.prod/6d88bee4-d5c3-464b-9d5c-22f27196e000.pdf,1,Submission,,t,urn:adsk.wipprod:fs.file:vf.P3KACPPaS4aStmxbQbq5pg?version=1
951edec8-6e11-4263-85c1-da560c217581,bf996092-8d66-408a-8d8e-5065ca3330c2,ada6015d-9fce-4f2c-b20f-fc9122d2face,56d2fc99-2d0b-48ab-93e5-ecb4719f30f6,Submittals - Prerequisite.xlsx,0,YEYJGRGXQH2X5DAY,2025-06-13 05:45:05.165415,2025-06-13 05:51:08.111025,YEYJGRGXQH2X5DAY,urn:adsk.objects:os.object:wip.dm.prod/3a8d3256-f5f2-4d88-b4ec-36656c4609c3.xlsx,1,Submission,,t,urn:adsk.wipprod:fs.file:vf.cn-Ep3h1R-6UWNq-Lh--0w?version=1
2217cc33-18ec-41a0-926e-01f00e4a6e0d,bf996092-8d66-408a-8d8e-5065ca3330c2,ada6015d-9fce-4f2c-b20f-fc9122d2face,56d2fc99-2d0b-48ab-93e5-ecb4719f30f6,File nomenclature for Club - Budget.xlsx,0,YEYJGRGXQH2X5DAY,2025-06-13 05:45:05.173605,2025-06-13 05:51:08.111025,YEYJGRGXQH2X5DAY,urn:adsk.objects:os.object:wip.dm.prod/a588e1d5-83f0-49aa-8775-dd0f2c92fc0c.xlsx,1,Submission,,t,urn:adsk.wipprod:fs.file:vf.KahyyC_mQpiRNqefU-pmLA?version=1
b4b223d3-59ab-4b03-b621-366bcb5cde82,bf996092-8d66-408a-8d8e-5065ca3330c2,ada6015d-9fce-4f2c-b20f-fc9122d2face,4e3c9d93-ae7f-4774-9ac1-dbdab0dffe17,OMAXE GHAZIABAD - TENDER DRAWING - RA.DWG,0,YEYJGRGXQH2X5DAY,2025-06-13 05:52:18.643652,2025-06-13 06:02:39.204478,YEYJGRGXQH2X5DAY,urn:adsk.objects:os.object:wip.dm.prod/de2dd10a-ec16-48f9-942d-71bb4d9cd4dc.DWG,1,Submission,,t,urn:adsk.wipprod:fs.file:vf.VWwJJys5Qqulyj51hcf0TQ?version=1
a364c701-6d6b-4c8e-b7dd-8ba7927baf08,bf996092-8d66-408a-8d8e-5065ca3330c2,ada6015d-9fce-4f2c-b20f-fc9122d2face,4e3c9d93-ae7f-4774-9ac1-dbdab0dffe17,Screenshot (1).png,0,YEYJGRGXQH2X5DAY,2025-06-13 05:52:18.625561,2025-06-13 06:02:39.204478,YEYJGRGXQH2X5DAY,urn:adsk.objects:os.object:wip.dm.prod/68659405-b6e3-479e-bae8-a035ee46109f.png,1,Submission,,t,urn:adsk.wipprod:fs.file:vf.OHKfrXYpTeC7lvr11b7t4A?version=1
fc6aad5d-7eaa-4846-adbb-a73f292a50fb,bf996092-8d66-408a-8d8e-5065ca3330c2,ada6015d-9fce-4f2c-b20f-fc9122d2face,4e3c9d93-ae7f-4774-9ac1-dbdab0dffe17,Concrete Cube Register -Final.xlsx,0,YEYJGRGXQH2X5DAY,2025-06-13 05:52:18.642099,2025-06-13 06:02:39.204478,YEYJGRGXQH2X5DAY,urn:adsk.objects:os.object:wip.dm.prod/9bdc9c21-479d-4209-9b0b-e6260c569944.xlsx,1,Submission,,t,urn:adsk.wipprod:fs.file:vf.MvkAoIpqT-WZbcUmdKU71g?version=1
bf0f9cec-e51d-4c48-8992-ca8c3e27158a,bf996092-8d66-408a-8d8e-5065ca3330c2,ada6015d-9fce-4f2c-b20f-fc9122d2face,a4456dea-053b-474a-b3d3-f9a44ef81ac1,Submission of RA-07 Ghaziabad (Omaxe) Bus Port U.P. - 11-08-2025.xlsx,0,YQH2SLPMM8Q48DDT,2025-08-18 11:52:00.002779,2025-08-18 11:52:31.559763,YQH2SLPMM8Q48DDT,urn:adsk.objects:os.object:wip.dm.prod/01512103-1108-4e55-9691-ed25ef5e6a9e.xlsx,1,Submission,,t,urn:adsk.wipprod:fs.file:vf.hYVl-TTiTFqxnTT9IoEOsw?version=1
fe17153e-c889-40e1-81c3-5126e589d33d,bf996092-8d66-408a-8d8e-5065ca3330c2,ada6015d-9fce-4f2c-b20f-fc9122d2face,d0bf4361-5da4-43e3-984d-0acab820c533,MTC MS Plate.pdf,0,3NGJNZCXN8PBNTRV,2025-07-09 05:23:12.741028,2025-07-09 07:01:08.607431,3NGJNZCXN8PBNTRV,urn:adsk.objects:os.object:wip.dm.prod/d186de05-89f6-4092-9b88-76bbb98eb98b.pdf,1,Submission,,t,urn:adsk.wipprod:fs.file:vf.f_mBGMVdTgq3-Cc69zCUmg?version=1
434ce0d7-04ec-4aca-91ea-22e8d0f5044f,bf996092-8d66-408a-8d8e-5065ca3330c2,ada6015d-9fce-4f2c-b20f-fc9122d2face,d0bf4361-5da4-43e3-984d-0acab820c533,MTC For Str Steel -3.pdf,0,3NGJNZCXN8PBNTRV,2025-07-09 05:23:13.082697,2025-07-09 07:01:08.607431,3NGJNZCXN8PBNTRV,urn:adsk.objects:os.object:wip.dm.prod/d2021df2-c3d5-4c28-ac2d-c557e9abf6a9.pdf,1,Submission,,t,urn:adsk.wipprod:fs.file:vf.z7P2ZXylQGesiXV3oPZmDg?version=1
fac55b64-bd63-470c-98c3-1d47585ca325,bf996092-8d66-408a-8d8e-5065ca3330c2,ada6015d-9fce-4f2c-b20f-fc9122d2face,d0bf4361-5da4-43e3-984d-0acab820c533,Inspection Doc Fischer.pdf,0,3NGJNZCXN8PBNTRV,2025-07-09 05:23:12.277213,2025-07-09 07:01:08.607431,3NGJNZCXN8PBNTRV,urn:adsk.objects:os.object:wip.dm.prod/ae571d23-7849-4383-a160-422a0987634a.pdf,1,Submission,,t,urn:adsk.wipprod:fs.file:vf.dWWAu_14SJW94-JEdXAZPw?version=1
f7bd7be0-cc9d-49b3-b6ab-ccb0c8e995dc,bf996092-8d66-408a-8d8e-5065ca3330c2,ada6015d-9fce-4f2c-b20f-fc9122d2face,d0bf4361-5da4-43e3-984d-0acab820c533,MTC For Str Steel 2.pdf,0,3NGJNZCXN8PBNTRV,2025-07-09 05:23:13.060455,2025-07-09 07:01:08.607431,3NGJNZCXN8PBNTRV,urn:adsk.objects:os.object:wip.dm.prod/8a11b262-abc6-4304-abb4-725b7bdde475.pdf,1,Submission,,t,urn:adsk.wipprod:fs.file:vf.cjki1ZNtQ-qDtULsZqVzAA?version=1
854b2137-ebac-4e7d-81d5-7cc104dfcf81,bf996092-8d66-408a-8d8e-5065ca3330c2,ada6015d-9fce-4f2c-b20f-fc9122d2face,d0bf4361-5da4-43e3-984d-0acab820c533,Inspection Doc Threaded Rod.pdf,0,3NGJNZCXN8PBNTRV,2025-07-09 05:23:12.227046,2025-07-09 07:01:08.607431,3NGJNZCXN8PBNTRV,urn:adsk.objects:os.object:wip.dm.prod/95a82a2a-35af-46f6-8bd9-0d5d0bbb3e6d.pdf,1,Submission,,t,urn:adsk.wipprod:fs.file:vf.4SYDkLr6TDOIyczCszdlwA?version=1
509be365-02cf-4641-8594-04a8a90cd2fd,bf996092-8d66-408a-8d8e-5065ca3330c2,ada6015d-9fce-4f2c-b20f-fc9122d2face,d0bf4361-5da4-43e3-984d-0acab820c533,Efficiency Test Cert Multiple Jack.pdf,0,3NGJNZCXN8PBNTRV,2025-07-09 05:23:11.941853,2025-07-09 07:01:08.607431,3NGJNZCXN8PBNTRV,urn:adsk.objects:os.object:wip.dm.prod/5e3153c3-f81d-4fa4-baea-6e0918803bd9.pdf,1,Submission,,t,urn:adsk.wipprod:fs.file:vf.EMBR5c6CQpK9avAckyT5GQ?version=1
246c0783-2fa1-4dd9-b862-b13a3da13fb7,bf996092-8d66-408a-8d8e-5065ca3330c2,ada6015d-9fce-4f2c-b20f-fc9122d2face,d0bf4361-5da4-43e3-984d-0acab820c533,Inspection report Anchor head.pdf,0,3NGJNZCXN8PBNTRV,2025-07-09 05:23:12.301087,2025-07-09 07:01:08.607431,3NGJNZCXN8PBNTRV,urn:adsk.objects:os.object:wip.dm.prod/d896315b-0e38-468a-962f-b3108b7f81b1.pdf,1,Submission,,t,urn:adsk.wipprod:fs.file:vf.2PXEATXcSROG3YlIFZW_aQ?version=1
64f766ee-9f08-4b43-a493-97cb6d9786a0,bf996092-8d66-408a-8d8e-5065ca3330c2,ada6015d-9fce-4f2c-b20f-fc9122d2face,d0bf4361-5da4-43e3-984d-0acab820c533,Inspection report Wedges.pdf,0,3NGJNZCXN8PBNTRV,2025-07-09 05:23:12.703894,2025-07-09 07:01:08.607431,3NGJNZCXN8PBNTRV,urn:adsk.objects:os.object:wip.dm.prod/2b618b81-7843-4ddd-a63d-77d612a15a1e.pdf,1,Submission,,t,urn:adsk.wipprod:fs.file:vf.F1Bk-NYHTviTzIY2KOiMyQ?version=1
1981dd81-c940-4c21-a1d7-3a56e6ea5bab,bf996092-8d66-408a-8d8e-5065ca3330c2,ada6015d-9fce-4f2c-b20f-fc9122d2face,d0bf4361-5da4-43e3-984d-0acab820c533,Test Certificate for pressure Guage.pdf,0,3NGJNZCXN8PBNTRV,2025-07-09 05:23:13.080583,2025-07-09 07:01:08.607431,3NGJNZCXN8PBNTRV,urn:adsk.objects:os.object:wip.dm.prod/7bf299c1-80c2-41e8-9692-cdca8d468e65.pdf,1,Submission,,t,urn:adsk.wipprod:fs.file:vf.-lEROzAcTFiYuDlvFya4WA?version=1
3962eda6-5cbb-4df6-89b3-72e8bd8058a9,bf996092-8d66-408a-8d8e-5065ca3330c2,ada6015d-9fce-4f2c-b20f-fc9122d2face,d0bf4361-5da4-43e3-984d-0acab820c533,MTC For Str Steel 1.pdf,0,3NGJNZCXN8PBNTRV,2025-07-09 05:23:12.237,2025-07-09 07:01:08.607431,3NGJNZCXN8PBNTRV,urn:adsk.objects:os.object:wip.dm.prod/148bec4c-0d4a-49a9-aa14-38778df0db02.pdf,1,Submission,,t,urn:adsk.wipprod:fs.file:vf.sPh_yvIuT2adBWcdTmhdEw?version=1
c252e1b0-543c-439b-8e18-7e99cd567c7e,bf996092-8d66-408a-8d8e-5065ca3330c2,ada6015d-9fce-4f2c-b20f-fc9122d2face,a76dd82f-6f53-4716-8404-51f00d0974f1,Folder permissions report-202506070920.xlsx,0,YEYJGRGXQH2X5DAY,2025-06-07 10:19:43.818534,2025-06-07 10:19:59.469882,YEYJGRGXQH2X5DAY,urn:adsk.objects:os.object:wip.dm.prod/4816ed07-2d38-4be1-81c9-54c6ba6d9d7e.xlsx,1,Submission,,t,urn:adsk.wipprod:fs.file:vf.excJt1p_SjOcTs_SLqvf5Q?version=1
22298eac-2609-4e56-aba5-ad397ab7cbf5,bf996092-8d66-408a-8d8e-5065ca3330c2,ada6015d-9fce-4f2c-b20f-fc9122d2face,d0bf4361-5da4-43e3-984d-0acab820c533,Test Certificate Cebex 100.pdf,0,3NGJNZCXN8PBNTRV,2025-07-09 05:23:13.069177,2025-07-09 07:01:08.607431,3NGJNZCXN8PBNTRV,urn:adsk.objects:os.object:wip.dm.prod/fe05d7b6-9b8f-4127-b256-03a25dd1ea1b.pdf,1,Submission,,t,urn:adsk.wipprod:fs.file:vf.NGbtny5nS0CdLkwxhEPw9w?version=1
bb0d8680-663f-471c-8e75-cb6e58d8e487,bf996092-8d66-408a-8d8e-5065ca3330c2,f679f4cf-c089-4a2b-9b84-b14129630601,df6d7391-1867-43fa-a350-c3f677f87572,MTC For Str Steel 2.pdf,0,YQH2SLPMM8Q48DDT,2025-07-09 07:17:40.147885,2025-08-01 04:24:12.243933,YQH2SLPMM8Q48DDT,urn:adsk.objects:os.object:wip.dm.prod/bdff58f2-ef58-4073-98b8-7a48529c6758.pdf,1,Submission,,t,urn:adsk.wipprod:fs.file:vf.dt4Y_iUIQEWS3rGdXYBjVw?version=1
27aaf5b4-2787-446a-bd39-786cfdae4d65,bf996092-8d66-408a-8d8e-5065ca3330c2,f679f4cf-c089-4a2b-9b84-b14129630601,df6d7391-1867-43fa-a350-c3f677f87572,Efficiency Test Cert Multiple Jack.pdf,0,YQH2SLPMM8Q48DDT,2025-07-09 07:17:40.034586,2025-08-01 04:24:12.243933,YQH2SLPMM8Q48DDT,urn:adsk.objects:os.object:wip.dm.prod/3d9e63b4-2912-4c61-b281-81719b42fe9a.pdf,1,Submission,,t,urn:adsk.wipprod:fs.file:vf.FQwv0vbhSr6pFhDV8d4AEg?version=1
18eaa164-67af-430e-907b-d0e30c39283c,bf996092-8d66-408a-8d8e-5065ca3330c2,ada6015d-9fce-4f2c-b20f-fc9122d2face,4cc540d2-55f2-4950-a239-9ea3d05a1da1,K S A Inc 11094106448 R 2.pdf,0,TBT25TNGJCJU7GEZ,2025-07-16 10:12:22.8922,2025-07-16 10:16:45.451613,TBT25TNGJCJU7GEZ,urn:adsk.objects:os.object:wip.dm.prod/ee69df4c-10a0-45c9-812b-93cc00bfa612.pdf,3,Review Response,3dd20d12-b98d-44d7-923f-b898224637da,t,urn:adsk.wipprod:fs.file:vf.CK_36s9MQXq2uMUpAJMQVg?version=1
32fa0c36-6301-479c-86e6-0e932bf006cb,bf996092-8d66-408a-8d8e-5065ca3330c2,ada6015d-9fce-4f2c-b20f-fc9122d2face,4cc540d2-55f2-4950-a239-9ea3d05a1da1,K S A Inc 11094106448 R 2.pdf,0,3NGJNZCXN8PBNTRV,2025-07-16 10:16:29.834692,2025-07-16 10:16:45.451613,3NGJNZCXN8PBNTRV,urn:adsk.objects:os.object:wip.dm.prod/ee69df4c-10a0-45c9-812b-93cc00bfa612.pdf,4,Final Response,,t,urn:adsk.wipprod:fs.file:vf.CK_36s9MQXq2uMUpAJMQVg?version=1
ef394f23-4d52-41b3-b82b-3c2ecd4f1fdc,bf996092-8d66-408a-8d8e-5065ca3330c2,ada6015d-9fce-4f2c-b20f-fc9122d2face,072ae1ae-3ba2-4adc-ba96-64add81e55ef,Form detail report-202506031057.pdf,0,YEYJGRGXQH2X5DAY,2025-06-06 08:05:52.895454,2025-07-29 04:42:17.84932,YEYJGRGXQH2X5DAY,urn:adsk.objects:os.object:wip.dm.prod/31f5f489-45d5-4be7-b553-b171051feffc.pdf,1,Submission,,t,urn:adsk.wipprod:fs.file:vf.w3HIiXcDSWe5CePIc7zUgg?version=1
7e8dfab9-bc5a-4cd6-b20b-37d97be62928,bf996092-8d66-408a-8d8e-5065ca3330c2,ada6015d-9fce-4f2c-b20f-fc9122d2face,072ae1ae-3ba2-4adc-ba96-64add81e55ef,Screenshot 2025-06-06 130038.jpg,0,YEYJGRGXQH2X5DAY,2025-06-06 08:05:52.903518,2025-07-29 04:42:17.84932,YEYJGRGXQH2X5DAY,urn:adsk.objects:os.object:wip.dm.prod/7b0b1b00-4520-4a77-a281-e36adbd8f0c2.jpg,1,Submission,,t,urn:adsk.wipprod:fs.file:vf.uhcO-ngoQjmBv1xbaNHdGQ?version=1
328daf27-423c-4915-a112-81c56d409bd7,bf996092-8d66-408a-8d8e-5065ca3330c2,ada6015d-9fce-4f2c-b20f-fc9122d2face,04e4ee46-9a26-4316-b603-6322fa514efd,Folder permissions report-202506070920.xlsx,0,YEYJGRGXQH2X5DAY,2025-06-07 10:24:06.423479,2025-06-07 10:28:59.471432,YEYJGRGXQH2X5DAY,urn:adsk.objects:os.object:wip.dm.prod/ed935c12-2b2a-45c3-ac4f-4487993160dc.xlsx,1,Submission,,t,urn:adsk.wipprod:fs.file:vf.4mHaWBQhRRG_xBNYlewzUA?version=1
15fa1d29-f44f-4ce6-a67e-b2611bd4ca9c,bf996092-8d66-408a-8d8e-5065ca3330c2,ada6015d-9fce-4f2c-b20f-fc9122d2face,dd873c43-f305-48b6-8472-1d49d2a6b98a,New Microsoft Excel Worksheet.xlsx,0,Z3429E4KRUPBNHD4,2025-07-15 11:01:39.26916,2025-07-15 11:04:15.298412,Z3429E4KRUPBNHD4,urn:adsk.objects:os.object:wip.dm.prod/c4424437-f905-43c5-9df8-4442afb8617a.xlsx,1,Submission,,t,urn:adsk.wipprod:fs.file:vf.6OvOSU5YRhaqBmrk4UNyIQ?version=1
d681b11e-0df1-4bec-9c1c-23a8db687317,bf996092-8d66-408a-8d8e-5065ca3330c2,ada6015d-9fce-4f2c-b20f-fc9122d2face,dd873c43-f305-48b6-8472-1d49d2a6b98a,New Microsoft Excel Worksheet (1).xlsx,0,Z3429E4KRUPBNHD4,2025-07-15 11:03:49.894246,2025-07-15 11:04:15.298412,Z3429E4KRUPBNHD4,urn:adsk.objects:os.object:wip.dm.prod/5ab75da9-0c74-4b82-b624-775eb3640459.xlsx,2,For Review,,t,urn:adsk.wipprod:fs.file:vf.3WoyV53eS1uP3KlzCe7t9Q?version=1
0cec9e4a-81d2-49a7-8a3b-bf3282bd9ead,bf996092-8d66-408a-8d8e-5065ca3330c2,f679f4cf-c089-4a2b-9b84-b14129630601,df6d7391-1867-43fa-a350-c3f677f87572,Test Certificate Cebex 100.pdf,0,YQH2SLPMM8Q48DDT,2025-07-09 07:17:40.810792,2025-08-01 04:24:12.243933,YQH2SLPMM8Q48DDT,urn:adsk.objects:os.object:wip.dm.prod/ba8ad92c-90cc-4743-b5e4-658726e8b9fa.pdf,1,Submission,,t,urn:adsk.wipprod:fs.file:vf.NjRuJWrXQtufNXpnH9PRlw?version=1
a013ebe0-d6a2-4631-a2e8-c464104a559f,bf996092-8d66-408a-8d8e-5065ca3330c2,f679f4cf-c089-4a2b-9b84-b14129630601,df6d7391-1867-43fa-a350-c3f677f87572,MTC For Str Steel 1.pdf,0,YQH2SLPMM8Q48DDT,2025-07-09 07:17:40.815724,2025-08-01 04:24:12.243933,YQH2SLPMM8Q48DDT,urn:adsk.objects:os.object:wip.dm.prod/4c6d6a81-e13c-4a8a-a8c9-6b9f2091448a.pdf,1,Submission,,t,urn:adsk.wipprod:fs.file:vf.G1RPG16oS125Llh2cn7JGw?version=1
1a0ced1a-ac35-4a1b-9a0f-0a08ba726a14,bf996092-8d66-408a-8d8e-5065ca3330c2,f679f4cf-c089-4a2b-9b84-b14129630601,df6d7391-1867-43fa-a350-c3f677f87572,Inspection report Wedges.pdf,0,YQH2SLPMM8Q48DDT,2025-07-09 07:17:39.90228,2025-08-01 04:24:12.243933,YQH2SLPMM8Q48DDT,urn:adsk.objects:os.object:wip.dm.prod/e84bafe3-32aa-4b90-bb35-cd1c8ddf418b.pdf,1,Submission,,t,urn:adsk.wipprod:fs.file:vf.VT5bIxHNTJqEKbn2ryVIvQ?version=1
12be55d0-a433-4351-a533-7f741fce1ab4,bf996092-8d66-408a-8d8e-5065ca3330c2,f679f4cf-c089-4a2b-9b84-b14129630601,df6d7391-1867-43fa-a350-c3f677f87572,Inspection report Anchor head.pdf,0,YQH2SLPMM8Q48DDT,2025-07-09 07:17:39.915094,2025-08-01 04:24:12.243933,YQH2SLPMM8Q48DDT,urn:adsk.objects:os.object:wip.dm.prod/77de5741-3df1-4822-a6c7-8b4e6398ee83.pdf,1,Submission,,t,urn:adsk.wipprod:fs.file:vf.x87A-03MQXmme8Ruv6VoyA?version=1
d9a58f2d-5597-402d-8047-b667fc2af774,bf996092-8d66-408a-8d8e-5065ca3330c2,f679f4cf-c089-4a2b-9b84-b14129630601,df6d7391-1867-43fa-a350-c3f677f87572,Test Certificate for pressure Guage.pdf,0,YQH2SLPMM8Q48DDT,2025-07-09 07:17:40.840281,2025-08-01 04:24:12.243933,YQH2SLPMM8Q48DDT,urn:adsk.objects:os.object:wip.dm.prod/8b96dac3-94b8-43d9-864a-631816a3a671.pdf,1,Submission,,t,urn:adsk.wipprod:fs.file:vf.EmquQ_wTTQC7uniyXiR8mw?version=1
3932e4c2-f365-4c4f-ad04-837130ad16f4,bf996092-8d66-408a-8d8e-5065ca3330c2,f679f4cf-c089-4a2b-9b84-b14129630601,df6d7391-1867-43fa-a350-c3f677f87572,Inspection Doc Fischer.pdf,0,YQH2SLPMM8Q48DDT,2025-07-09 07:17:39.919467,2025-08-01 04:24:12.243933,YQH2SLPMM8Q48DDT,urn:adsk.objects:os.object:wip.dm.prod/e869a2c1-f985-4967-bb23-215f53cc0bfe.pdf,1,Submission,,t,urn:adsk.wipprod:fs.file:vf.B_8drjGPT2i6vrnmb-pdrQ?version=1
73c6faf2-b681-4834-b64c-d79927a1b27b,bf996092-8d66-408a-8d8e-5065ca3330c2,f679f4cf-c089-4a2b-9b84-b14129630601,df6d7391-1867-43fa-a350-c3f677f87572,MTC For Str Steel -3.pdf,0,YQH2SLPMM8Q48DDT,2025-07-09 07:17:40.818049,2025-08-01 04:24:12.243933,YQH2SLPMM8Q48DDT,urn:adsk.objects:os.object:wip.dm.prod/15e9874d-fdad-4540-8c34-02a59f44795b.pdf,1,Submission,,t,urn:adsk.wipprod:fs.file:vf.2SQhy-fJTvyNAoxc0PcYGg?version=1
51e742aa-1ed8-4327-9c23-8a96583d40a6,bf996092-8d66-408a-8d8e-5065ca3330c2,f679f4cf-c089-4a2b-9b84-b14129630601,df6d7391-1867-43fa-a350-c3f677f87572,Inspection Doc Threaded Rod.pdf,0,YQH2SLPMM8Q48DDT,2025-07-09 07:17:39.896181,2025-08-01 04:24:12.243933,YQH2SLPMM8Q48DDT,urn:adsk.objects:os.object:wip.dm.prod/e37e0c29-3bd6-43d8-ac2b-01bd7539098e.pdf,1,Submission,,t,urn:adsk.wipprod:fs.file:vf.1ZtwWbnBRfaoEta8GtnrpA?version=1
d4665b85-4d49-4b7b-a988-e9971869fbf2,bf996092-8d66-408a-8d8e-5065ca3330c2,ada6015d-9fce-4f2c-b20f-fc9122d2face,600f07d2-4e21-4424-9426-35a95340bf6f,Bill Submission forms.pdf,0,V9Q2X946QA52XTJG,2025-06-26 07:25:35.953887,2025-06-26 07:26:07.081192,V9Q2X946QA52XTJG,urn:adsk.objects:os.object:wip.dm.prod/c913b7e0-a083-4c81-a172-20e5e2178f35.pdf,3,Review Response,5a59972a-cedb-4e29-ab0c-6c8c5b59e073,t,urn:adsk.wipprod:fs.file:vf.xFZgKthGTNiJIpCkTmJZ4g?version=1
4cbdb8a5-95a9-4a1c-99a7-8a01d73faa3b,bf996092-8d66-408a-8d8e-5065ca3330c2,f679f4cf-c089-4a2b-9b84-b14129630601,df6d7391-1867-43fa-a350-c3f677f87572,MTC MS Plate.pdf,0,YQH2SLPMM8Q48DDT,2025-07-09 07:17:40.833724,2025-08-01 04:24:12.243933,YQH2SLPMM8Q48DDT,urn:adsk.objects:os.object:wip.dm.prod/7f4b482e-3448-461a-b8f5-cf9863703635.pdf,1,Submission,,t,urn:adsk.wipprod:fs.file:vf.12wD5kU0QO-eZDsLbLgFuQ?version=1
7b74917c-2ea5-4238-9bf2-9dc74ed1296c,bf996092-8d66-408a-8d8e-5065ca3330c2,ada6015d-9fce-4f2c-b20f-fc9122d2face,f0919f59-b78c-4575-8081-7f21323b8455,Form detail report-202506031057.pdf,0,YEYJGRGXQH2X5DAY,2025-06-05 08:40:51.514289,2025-06-21 05:29:35.596386,YEYJGRGXQH2X5DAY,urn:adsk.objects:os.object:wip.dm.prod/4ab75237-7a61-4d71-b33b-245951f3bdfa.pdf,1,Submission,,t,urn:adsk.wipprod:fs.file:vf.4d_0KGWzQU-09V4d_txz4w?version=1
258a603a-59ae-404c-8c15-19f984bf0b5f,bf996092-8d66-408a-8d8e-5065ca3330c2,ada6015d-9fce-4f2c-b20f-fc9122d2face,4c67a73c-863c-4b2b-9a6d-7885a4e567de,Snowdon Towers Sample Architectural - All Floors.pdf,0,Z3429E4KRUPBNHD4,2025-06-05 10:47:53.475055,2025-06-05 10:58:28.304019,V9Q2X946QA52XTJG,urn:adsk.objects:os.object:wip.dm.prod/8ecdc944-b19e-4b3f-ae5e-c7e4057f2174.pdf,7,Previous Review Response,ac6119d2-49f0-40cc-bd27-9b9ca5222a37,t,urn:adsk.wipprod:fs.file:vf.nbrcUG32ST64uyXVF5vBbg?version=1
c10e464a-e225-4a07-a43b-cc1afdc2e8f8,bf996092-8d66-408a-8d8e-5065ca3330c2,ada6015d-9fce-4f2c-b20f-fc9122d2face,4c67a73c-863c-4b2b-9a6d-7885a4e567de,Snowdon Towers Sample Architectural - All Floors.pdf,0,Z3429E4KRUPBNHD4,2025-06-05 10:47:28.359005,2025-06-05 10:58:28.304019,V9Q2X946QA52XTJG,urn:adsk.objects:os.object:wip.dm.prod/8ecdc944-b19e-4b3f-ae5e-c7e4057f2174.pdf,7,Previous Review Response,648fe364-a74d-4afb-8e57-b8709b9cf19f,t,urn:adsk.wipprod:fs.file:vf.nbrcUG32ST64uyXVF5vBbg?version=1
25bfeab8-60cf-44bc-9621-c478d89786d4,bf996092-8d66-408a-8d8e-5065ca3330c2,ada6015d-9fce-4f2c-b20f-fc9122d2face,4c67a73c-863c-4b2b-9a6d-7885a4e567de,Snowdon Towers Sample Architectural - All Floors.pdf,0,Z3429E4KRUPBNHD4,2025-06-05 10:45:25.577542,2025-06-05 10:58:28.304019,V9Q2X946QA52XTJG,urn:adsk.objects:os.object:wip.dm.prod/8ecdc944-b19e-4b3f-ae5e-c7e4057f2174.pdf,7,Previous Review Response,5aeb8d60-84e8-4387-bd59-5d2740647047,t,urn:adsk.wipprod:fs.file:vf.nbrcUG32ST64uyXVF5vBbg?version=1
bb1ef83b-8f6c-4a82-8502-107b8bad7485,bf996092-8d66-408a-8d8e-5065ca3330c2,ada6015d-9fce-4f2c-b20f-fc9122d2face,b5f0cf06-df2d-4011-b848-83c01e04bc27,Submittal item detail-202506030645.pdf,0,YEYJGRGXQH2X5DAY,2025-06-04 08:23:33.103472,2025-06-04 08:23:57.62599,YEYJGRGXQH2X5DAY,urn:adsk.objects:os.object:wip.dm.prod/ff76505a-b9d6-46c7-ab48-3fed6e99d9fc.pdf,1,Submission,,t,urn:adsk.wipprod:fs.file:vf.DSBGGIc4S1SA5hNbx1Oz6w?version=1
a03c703f-32d9-4916-b1db-7c8f47208d1e,bf996092-8d66-408a-8d8e-5065ca3330c2,ada6015d-9fce-4f2c-b20f-fc9122d2face,3506ce2c-9176-41b8-afc2-1b82c39a93a9,Form detail report-202506031057.pdf,0,YEYJGRGXQH2X5DAY,2025-06-04 07:06:21.752212,2025-06-04 07:22:27.613749,YEYJGRGXQH2X5DAY,urn:adsk.objects:os.object:wip.dm.prod/8c0b22f4-8406-47f8-9a92-932ca4e90bf5.pdf,1,Submission,,t,urn:adsk.wipprod:fs.file:vf.8BmFsyWmRnuUiL1lvADv8g?version=1
