id,bim360_account_id,bim360_project_id,spec_id,spec_identifier,title,type_id,type_value,response_comment,ball_in_court,revision,responded_by,description,responded_at,due_date,required_on_job_date,manager,created_by,created_at,state_id,response_id,response_value,subsection,subcontractor,identifier,updated_by,updated_at,status_id,status_value,package_title,package,package_identifier,priority_id,priority_value,required_date,required_approval_date,lead_time,sent_to_submitter,received_from_submitter,submitted_by,sent_to_review,sent_to_review_by,received_from_review,published_date,published_by,submitter_due_date,manager_due_date,ball_in_court_users,ball_in_court_roles,ball_in_court_companies,manager_type,subcontractor_type,custom_identifier,custom_identifier_sort,custom_identifier_human_readable,pending_actions_from
eaccb5de-c57c-46f0-93e1-2898af32b59a,bf996092-8d66-408a-8d8e-5065ca3330c2,ada6015d-9fce-4f2c-b20f-fc9122d2face,68bfb30e-f8a4-4ecb-8eaf-f232d554e81f,GA,Drawing,93030d90-05c1-4520-a34f-376b69ee3c04,"Civil, Structure & Finishing Works","",{},0,,"",,,2025-06-26,490203451,DVW2J8GUNHESYYKC,2025-06-24 05:50:33.152259,void,,,,DVW2J8GUNHESYYKC,76,CMJ2N3U8MSMRM8ZA,2025-07-18 10:55:43.748879,4,Void,,,,3,High,2025-06-25,2025-06-25,1,2025-06-24 05:51:02.756773,,,,,,,,2025-06-24,,{},{},{},3,1,,GA,GA-Unspecified,[]
a76dd82f-6f53-4716-8404-51f00d0974f1,bf996092-8d66-408a-8d8e-5065ca3330c2,ada6015d-9fce-4f2c-b20f-fc9122d2face,b75d6874-9ed9-4c7c-a97e-3a46464edc13,ADHOC,Krion RA Bill for Phase 3&4,331a9137-1ffc-4a64-8ebd-85b549bb8484,Billing,"",{},0,,"",,,,490203451,YEYJGRGXQH2X5DAY,2025-06-07 10:19:42.1504,mgr-1,,,,YEYJGRGXQH2X5DAY,65,CMJ2N3U8MSMRM8ZA,2025-07-18 10:55:43.748879,2,Open,,,,2,Normal,,,,,2025-06-07 10:19:42.148252,,,,,,,,,{},{490203451},{},3,1,,ADHOC,ADHOC-Unspecified,"[""490203451""]"
db31b112-2044-44d3-9494-9c3bdb548783,bf996092-8d66-408a-8d8e-5065ca3330c2,ada6015d-9fce-4f2c-b20f-fc9122d2face,18a6d444-7366-43b3-987f-26f24e8307e1,CB,Reconciliation of Material,331a9137-1ffc-4a64-8ebd-85b549bb8484,Billing,"",{},0,,,,,,V9Q2X946QA52XTJG,V9Q2X946QA52XTJG,2025-05-29 10:00:03.146418,void,,,,CMJ2N3U8MSMRM8ZA,52,CMJ2N3U8MSMRM8ZA,2025-07-18 10:55:43.748879,4,Void,,,,2,Normal,,,,2025-05-29 10:02:18.63123,,,,,,,,2025-06-05,2025-05-27,{},{},{},1,1,18,CB-18,CB-18,[]
ce62c26a-abff-4f7f-8f8b-e1515107a27f,bf996092-8d66-408a-8d8e-5065ca3330c2,ada6015d-9fce-4f2c-b20f-fc9122d2face,18a6d444-7366-43b3-987f-26f24e8307e1,CB,Mandatory Supporting Documents with Bills,331a9137-1ffc-4a64-8ebd-85b549bb8484,Billing,"",{},0,,,,,,V9Q2X946QA52XTJG,V9Q2X946QA52XTJG,2025-05-29 10:00:02.920323,void,,,,CMJ2N3U8MSMRM8ZA,49,CMJ2N3U8MSMRM8ZA,2025-07-18 10:55:43.748879,4,Void,,,,2,Normal,,,,2025-05-29 10:02:18.8655,,,,,,,,2025-06-05,2025-05-27,{},{},{},1,1,15,CB-15,CB-15,[]
6dd87211-87d4-4cee-8f8f-b73d0adfa624,bf996092-8d66-408a-8d8e-5065ca3330c2,ada6015d-9fce-4f2c-b20f-fc9122d2face,18a6d444-7366-43b3-987f-26f24e8307e1,CB,Rate Difference /Price Variation(PV)Statement,331a9137-1ffc-4a64-8ebd-85b549bb8484,Billing,"",{},0,,,,,,V9Q2X946QA52XTJG,V9Q2X946QA52XTJG,2025-05-23 10:21:59.864229,void,,,,Z3429E4KRUPBNHD4,33,CMJ2N3U8MSMRM8ZA,2025-07-18 10:55:43.748879,4,Void,,,,2,Normal,,,,2025-05-23 10:32:54.016357,,,,,,,,2025-05-26,2025-05-27,{},{},{},1,1,7,CB-7,CB-7,[]
f0919f59-b78c-4575-8081-7f21323b8455,bf996092-8d66-408a-8d8e-5065ca3330c2,ada6015d-9fce-4f2c-b20f-fc9122d2face,b75d6874-9ed9-4c7c-a97e-3a46464edc13,ADHOC,RA Bill,331a9137-1ffc-4a64-8ebd-85b549bb8484,Billing,"",{},0,,Civil Bill,,2025-06-10,2025-06-15,490203451,YEYJGRGXQH2X5DAY,2025-06-05 08:40:50.270191,rev,,,,YEYJGRGXQH2X5DAY,60,CMJ2N3U8MSMRM8ZA,2025-07-18 10:55:43.748879,2,Open,,,,3,High,2025-06-06,2025-06-10,,,2025-06-05 08:40:50.267541,,2025-06-05 08:48:37.827189,CMJ2N3U8MSMRM8ZA,,,,,2025-06-06,{},{490203453},{},3,1,16,ADHOC-16,ADHOC-16,"[""490203453""]"
4c67a73c-863c-4b2b-9a6d-7885a4e567de,bf996092-8d66-408a-8d8e-5065ca3330c2,ada6015d-9fce-4f2c-b20f-fc9122d2face,18a6d444-7366-43b3-987f-26f24e8307e1,CB,test,331a9137-1ffc-4a64-8ebd-85b549bb8484,Billing,"",{},1,,"",,2025-06-07,,490203451,YEYJGRGXQH2X5DAY,2025-06-05 10:39:49.070557,sbc-1,,,,YEYJGRGXQH2X5DAY,61,CMJ2N3U8MSMRM8ZA,2025-07-18 10:55:43.748879,1,Required,,,,2,Normal,,,,2025-06-05 10:57:52.635866,,,,,,,,2025-06-07,,{YEYJGRGXQH2X5DAY},{},{},3,1,19,CB-19,CB-19,"[""YEYJGRGXQH2X5DAY""]"
7d90bcf8-c4b3-4291-a677-3a096ab9f255,bf996092-8d66-408a-8d8e-5065ca3330c2,ada6015d-9fce-4f2c-b20f-fc9122d2face,b75d6874-9ed9-4c7c-a97e-3a46464edc13,ADHOC,bill,5a98dc9f-6f9a-4c0c-a1da-a20e8aada871,Architecture,"",{},0,,"",,,,490203451,3NH2Q57QKQWJE37V,2025-07-24 09:58:59.400185,mgr-1,,,,3NH2Q57QKQWJE37V,88,3NH2Q57QKQWJE37V,2025-07-24 09:59:14.47743,2,Open,,,,2,Normal,,,,,2025-07-24 09:58:59.397917,,,,,,,,,{},{490203451},{},3,1,,ADHOC,ADHOC-Unspecified,"[""490203451""]"
600f07d2-4e21-4424-9426-35a95340bf6f,bf996092-8d66-408a-8d8e-5065ca3330c2,ada6015d-9fce-4f2c-b20f-fc9122d2face,b75d6874-9ed9-4c7c-a97e-3a46464edc13,ADHOC,TEST/JUNE2025,93030d90-05c1-4520-a34f-376b69ee3c04,"Civil, Structure & Finishing Works","",{},0,,"",,2025-06-28,,490203451,V9Q2X946QA52XTJG,2025-06-26 07:12:24.591956,rev,,,,V9Q2X946QA52XTJG,80,CMJ2N3U8MSMRM8ZA,2025-07-18 10:55:43.748879,2,Open,,,,2,Normal,,,,,2025-06-26 07:12:24.590308,,2025-06-26 07:12:34.976883,V9Q2X946QA52XTJG,,,,,,{},{490203446},{},3,1,25,ADHOC-25,ADHOC-25,"[""490203446""]"
03c32be5-6e83-4c26-a2a8-a9e47d80e4aa,bf996092-8d66-408a-8d8e-5065ca3330c2,ada6015d-9fce-4f2c-b20f-fc9122d2face,b75d6874-9ed9-4c7c-a97e-3a46464edc13,ADHOC,KRION/MAY/25/RA3,331a9137-1ffc-4a64-8ebd-85b549bb8484,Billing,"",{},0,,hdhc,,2025-06-05,2025-06-10,490203451,YEYJGRGXQH2X5DAY,2025-06-03 11:17:25.321002,rev,,,Krion Consultancy,YEYJGRGXQH2X5DAY,55,CMJ2N3U8MSMRM8ZA,2025-07-18 10:55:43.748879,2,Open,,,,2,Normal,2025-06-05,2025-06-10,5,,2025-06-03 11:17:25.318903,,2025-06-03 11:20:09.813051,V9Q2X946QA52XTJG,,,,,,{},"{490203428,536031703}",{},3,1,13,ADHOC-13,ADHOC-13,"[""490203428"", ""536031703""]"
13b4bf43-dee9-4a79-b86c-2ec3137bd9f6,bf996092-8d66-408a-8d8e-5065ca3330c2,ada6015d-9fce-4f2c-b20f-fc9122d2face,b75d6874-9ed9-4c7c-a97e-3a46464edc13,ADHOC,WO Amount,a5f9959b-a1b8-4d21-a0c4-c3edc7ed6b14,Barrication Work,"",{},1,,Latest Revision Amount,,,,V9Q2X946QA52XTJG,V9Q2X946QA52XTJG,2025-05-23 07:04:08.02011,void,,,,V9Q2X946QA52XTJG,2,CMJ2N3U8MSMRM8ZA,2025-07-18 10:55:43.748879,4,Void,,,,2,Normal,2020-10-21,2020-11-28,,2025-05-23 08:13:55.306761,,,,,,,,2025-05-25,,{},{},{},1,1,1,ADHOC-1,ADHOC-1,[]
1c415e2a-f3af-4814-a2f0-94d1d8acd8bd,bf996092-8d66-408a-8d8e-5065ca3330c2,ada6015d-9fce-4f2c-b20f-fc9122d2face,18a6d444-7366-43b3-987f-26f24e8307e1,CB,PRW's Final Bills,331a9137-1ffc-4a64-8ebd-85b549bb8484,Billing,"",{},0,,,,,,V9Q2X946QA52XTJG,V9Q2X946QA52XTJG,2025-05-23 10:21:59.721905,void,,,,Z3429E4KRUPBNHD4,27,CMJ2N3U8MSMRM8ZA,2025-07-18 10:55:43.748879,4,Void,,,,2,Normal,,,,2025-05-23 10:32:54.311898,,,,,,,,2025-05-26,2025-05-27,{},{},{},1,1,1,CB-1,CB-1,[]
545493aa-5d56-4346-9477-89b1a327c5a6,bf996092-8d66-408a-8d8e-5065ca3330c2,ada6015d-9fce-4f2c-b20f-fc9122d2face,b75d6874-9ed9-4c7c-a97e-3a46464edc13,ADHOC,ABSTRACT/BOQ,331a9137-1ffc-4a64-8ebd-85b549bb8484,Billing,"",{},0,,,,,,V9Q2X946QA52XTJG,V9Q2X946QA52XTJG,2025-05-23 10:21:59.554439,void,,,,Z3429E4KRUPBNHD4,20,CMJ2N3U8MSMRM8ZA,2025-07-18 10:55:43.748879,4,Void,,,,2,Normal,,,,2025-05-23 10:32:54.762066,,,,,,,,2025-05-26,2025-05-27,{},{},{},1,1,4,ADHOC-4,ADHOC-4,[]
eda0ef7f-3a89-47b8-8dd6-2ec76e2340f2,bf996092-8d66-408a-8d8e-5065ca3330c2,ada6015d-9fce-4f2c-b20f-fc9122d2face,18a6d444-7366-43b3-987f-26f24e8307e1,CB,MEASUREMENT BOOK,331a9137-1ffc-4a64-8ebd-85b549bb8484,Billing,"",{},0,,,,,,V9Q2X946QA52XTJG,V9Q2X946QA52XTJG,2025-05-23 10:21:59.793543,void,,,,Z3429E4KRUPBNHD4,30,CMJ2N3U8MSMRM8ZA,2025-07-18 10:55:43.748879,4,Void,,,,2,Normal,,,,2025-05-23 10:32:54.160926,,,,,,,,2025-05-26,2025-05-27,{},{},{},1,1,4,CB-4,CB-4,[]
072ae1ae-3ba2-4adc-ba96-64add81e55ef,bf996092-8d66-408a-8d8e-5065ca3330c2,ada6015d-9fce-4f2c-b20f-fc9122d2face,18a6d444-7366-43b3-987f-26f24e8307e1,CB,Test 3,331a9137-1ffc-4a64-8ebd-85b549bb8484,Billing,"",{},0,,Finishing Bill,,,,490203451,YEYJGRGXQH2X5DAY,2025-06-06 08:05:51.575446,mgr-2,,,,YEYJGRGXQH2X5DAY,63,TBT25TNGJCJU7GEZ,2025-07-29 04:42:17.958407,2,Open,,,,2,Normal,,,,,2025-06-06 08:05:51.573596,,2025-06-06 10:15:23.73578,CMJ2N3U8MSMRM8ZA,2025-07-29 04:42:05.31114,,,,,{},{490203451},{},3,1,21,CB-21,CB-21,"[""490203451""]"
944fa64f-487a-4edd-b174-4bafc335ecce,bf996092-8d66-408a-8d8e-5065ca3330c2,ada6015d-9fce-4f2c-b20f-fc9122d2face,b75d6874-9ed9-4c7c-a97e-3a46464edc13,ADHOC,RA 08TH FOR THE MONTH OF JUNE 2025,f1ce9284-df29-4097-9d5f-d42fe952feb9,D Wall Work,"",{},1,3NGJNZCXN8PBNTRV,"Dear Sir, please find attached hereiwth 8th RA Bill for the month of June 2025",2025-06-23 10:31:11.970424,,2025-06-23,490203451,YQH2SLPMM8Q48DDT,2025-06-23 09:45:13.134034,sbc-2,bc43dc9b-4939-5041-8c4c-96e725315a4e,Approved,,YQH2SLPMM8Q48DDT,75,CMJ2N3U8MSMRM8ZA,2025-07-18 10:55:43.748879,3,Closed,,,,2,Normal,2025-06-26,2025-06-25,,2025-06-23 10:25:33.648926,2025-06-23 10:26:23.25602,V9Q2X946QA52XTJG,2025-06-23 10:26:50.089903,3NGJNZCXN8PBNTRV,2025-06-23 10:28:44.905003,2025-06-23 10:31:11.969207,3NGJNZCXN8PBNTRV,2025-06-24,,{YQH2SLPMM8Q48DDT},{},{},3,1,23,ADHOC-23,ADHOC-23,"[""YQH2SLPMM8Q48DDT""]"
ccae8a15-4272-46f9-a851-965a56e07854,bf996092-8d66-408a-8d8e-5065ca3330c2,ada6015d-9fce-4f2c-b20f-fc9122d2face,b75d6874-9ed9-4c7c-a97e-3a46464edc13,ADHOC,WAGAD/JUNE/RA 1,93030d90-05c1-4520-a34f-376b69ee3c04,"Civil, Structure & Finishing Works","",{},0,,"",,,,490203451,YEYJGRGXQH2X5DAY,2025-06-21 10:21:04.09819,mgr-1,,,,YEYJGRGXQH2X5DAY,74,CMJ2N3U8MSMRM8ZA,2025-07-18 10:55:43.748879,2,Open,,,,2,Normal,,,,,2025-06-21 10:21:04.096017,,,,,,,,,{},{490203451},{},3,1,,ADHOC,ADHOC-Unspecified,"[""490203451""]"
ab119c4b-be7f-4ddb-ac1b-19327ee2aa80,bf996092-8d66-408a-8d8e-5065ca3330c2,ada6015d-9fce-4f2c-b20f-fc9122d2face,18a6d444-7366-43b3-987f-26f24e8307e1,CB,Top Sheet,331a9137-1ffc-4a64-8ebd-85b549bb8484,Billing,"",{},0,,,,,,V9Q2X946QA52XTJG,V9Q2X946QA52XTJG,2025-05-29 10:00:02.820581,void,,,,CMJ2N3U8MSMRM8ZA,45,CMJ2N3U8MSMRM8ZA,2025-07-18 10:55:43.748879,4,Void,,,,2,Normal,,,,2025-05-29 10:02:19.170014,,,,,,,,2025-06-05,2025-05-27,{},{},{},1,1,11,CB-11,CB-11,[]
cc4d0386-3111-40dc-a1f9-12fdee741f62,bf996092-8d66-408a-8d8e-5065ca3330c2,ada6015d-9fce-4f2c-b20f-fc9122d2face,b75d6874-9ed9-4c7c-a97e-3a46464edc13,ADHOC,MATERIAL CHALLAN SUMMARY,331a9137-1ffc-4a64-8ebd-85b549bb8484,Billing,"",{},0,,,,,,V9Q2X946QA52XTJG,V9Q2X946QA52XTJG,2025-05-23 10:21:59.60348,void,,,,Z3429E4KRUPBNHD4,22,CMJ2N3U8MSMRM8ZA,2025-07-18 10:55:43.748879,4,Void,,,,2,Normal,,,,2025-05-23 10:32:54.666347,,,,,,,,2025-05-26,2025-05-27,{},{},{},1,1,6,ADHOC-6,ADHOC-6,[]
6463fdfc-df9b-4de7-9125-13fab25b4fd2,bf996092-8d66-408a-8d8e-5065ca3330c2,ada6015d-9fce-4f2c-b20f-fc9122d2face,ac181349-c7b6-4d97-b9f6-b64a42f40815,MISC,Test,331a9137-1ffc-4a64-8ebd-85b549bb8484,Billing,"",{},0,,"",,,2025-05-20,V9Q2X946QA52XTJG,V9Q2X946QA52XTJG,2025-05-20 09:42:34.657992,void,,,,V9Q2X946QA52XTJG,1,CMJ2N3U8MSMRM8ZA,2025-07-18 10:55:43.748879,4,Void,,,,3,High,2025-05-23,2025-05-22,,2025-05-20 09:42:34.652616,2025-05-20 09:43:20.556361,V9Q2X946QA52XTJG,2025-05-20 09:44:17.324561,V9Q2X946QA52XTJG,2025-05-20 09:52:25.019863,,,2025-05-22,,{},{},{},1,1,1,MISC-1,MISC-1,[]
b067500e-4108-4f18-883b-278996810d0d,bf996092-8d66-408a-8d8e-5065ca3330c2,ada6015d-9fce-4f2c-b20f-fc9122d2face,b75d6874-9ed9-4c7c-a97e-3a46464edc13,ADHOC,Reconciliation of Material,331a9137-1ffc-4a64-8ebd-85b549bb8484,Billing,"",{},0,,,,,,V9Q2X946QA52XTJG,V9Q2X946QA52XTJG,2025-05-23 10:21:59.697927,void,,,,Z3429E4KRUPBNHD4,26,CMJ2N3U8MSMRM8ZA,2025-07-18 10:55:43.748879,4,Void,,,,2,Normal,,,,2025-05-23 10:32:54.360912,,,,,,,,2025-05-26,2025-05-27,{},{},{},1,1,10,ADHOC-10,ADHOC-10,[]
56d2fc99-2d0b-48ab-93e5-ecb4719f30f6,bf996092-8d66-408a-8d8e-5065ca3330c2,ada6015d-9fce-4f2c-b20f-fc9122d2face,b75d6874-9ed9-4c7c-a97e-3a46464edc13,ADHOC,Krion RA 01,331a9137-1ffc-4a64-8ebd-85b549bb8484,Billing,"",{},0,,"",,2025-06-13,,490203451,YEYJGRGXQH2X5DAY,2025-06-13 05:45:03.099508,sbc-1,,,,YEYJGRGXQH2X5DAY,69,CMJ2N3U8MSMRM8ZA,2025-07-18 10:55:43.748879,1,Required,,,,2,Normal,,,,2025-06-13 05:50:52.562699,,,2025-06-13 05:47:00.109528,V9Q2X946QA52XTJG,,,,2025-06-13,,{YEYJGRGXQH2X5DAY},{},{},3,1,19,ADHOC-19,ADHOC-19,"[""YEYJGRGXQH2X5DAY""]"
ebd3a865-e35a-4d25-bd95-45f3c55e6781,bf996092-8d66-408a-8d8e-5065ca3330c2,ada6015d-9fce-4f2c-b20f-fc9122d2face,18a6d444-7366-43b3-987f-26f24e8307e1,CB,ABSTRACT/BOQ,331a9137-1ffc-4a64-8ebd-85b549bb8484,Billing,"",{},0,,,,,,V9Q2X946QA52XTJG,V9Q2X946QA52XTJG,2025-05-29 10:00:02.845075,void,,,,CMJ2N3U8MSMRM8ZA,46,CMJ2N3U8MSMRM8ZA,2025-07-18 10:55:43.748879,4,Void,,,,2,Normal,,,,2025-05-29 10:02:19.094028,,,,,,,,2025-06-05,2025-05-27,{},{},{},1,1,12,CB-12,CB-12,[]
4b06594f-41d5-4cf9-944e-ce246cf8b0c8,bf996092-8d66-408a-8d8e-5065ca3330c2,ada6015d-9fce-4f2c-b20f-fc9122d2face,18a6d444-7366-43b3-987f-26f24e8307e1,CB,test2,331a9137-1ffc-4a64-8ebd-85b549bb8484,Billing,"",{},0,,"",,,,Z3429E4KRUPBNHD4,V9Q2X946QA52XTJG,2025-06-06 07:51:46.755925,void,,,,V9Q2X946QA52XTJG,62,CMJ2N3U8MSMRM8ZA,2025-07-18 10:55:43.748879,4,Void,,,,3,High,,,,2025-06-06 07:51:46.75403,2025-06-06 07:52:26.557158,V9Q2X946QA52XTJG,2025-06-06 07:54:01.921797,Z3429E4KRUPBNHD4,,,,2025-06-07,,{},{},{},1,1,20,CB-20,CB-20,[]
870723bc-d9ed-422c-85ac-827e4159b2f4,bf996092-8d66-408a-8d8e-5065ca3330c2,ada6015d-9fce-4f2c-b20f-fc9122d2face,18a6d444-7366-43b3-987f-26f24e8307e1,CB,Contractor's Final Bills,331a9137-1ffc-4a64-8ebd-85b549bb8484,Billing,"",{},0,,,,,,V9Q2X946QA52XTJG,V9Q2X946QA52XTJG,2025-05-23 10:21:59.887973,void,,,,Z3429E4KRUPBNHD4,34,CMJ2N3U8MSMRM8ZA,2025-07-18 10:55:43.748879,4,Void,,,,2,Normal,,,,2025-05-23 10:32:53.968039,,,,,,,,2025-05-26,2025-05-27,{},{},{},1,1,8,CB-8,CB-8,[]
5a8fe032-d39b-4c8d-a688-05316553198c,bf996092-8d66-408a-8d8e-5065ca3330c2,ada6015d-9fce-4f2c-b20f-fc9122d2face,18a6d444-7366-43b3-987f-26f24e8307e1,CB,Rate Difference /Price Variation(PV)Statement,331a9137-1ffc-4a64-8ebd-85b549bb8484,Billing,"",{},0,,,,,,V9Q2X946QA52XTJG,V9Q2X946QA52XTJG,2025-05-29 10:00:02.94586,void,,,,CMJ2N3U8MSMRM8ZA,50,CMJ2N3U8MSMRM8ZA,2025-07-18 10:55:43.748879,4,Void,,,,2,Normal,,,,2025-05-29 10:02:18.79035,,,,,,,,2025-06-05,2025-05-27,{},{},{},1,1,16,CB-16,CB-16,[]
b0043525-4603-4469-8b34-de35cc0c547c,bf996092-8d66-408a-8d8e-5065ca3330c2,ada6015d-9fce-4f2c-b20f-fc9122d2face,b75d6874-9ed9-4c7c-a97e-3a46464edc13,ADHOC,Mandatory Supporting Documents with Bills,331a9137-1ffc-4a64-8ebd-85b549bb8484,Billing,"",{},0,,,,,,V9Q2X946QA52XTJG,V9Q2X946QA52XTJG,2025-05-23 10:21:59.626944,void,,,,Z3429E4KRUPBNHD4,23,CMJ2N3U8MSMRM8ZA,2025-07-18 10:55:43.748879,4,Void,,,,2,Normal,,,,2025-05-23 10:32:54.617006,,,,,,,,2025-05-26,2025-05-27,{},{},{},1,1,7,ADHOC-7,ADHOC-7,[]
e64d7b8c-a4f4-4422-844c-83e713af28bb,bf996092-8d66-408a-8d8e-5065ca3330c2,ada6015d-9fce-4f2c-b20f-fc9122d2face,b75d6874-9ed9-4c7c-a97e-3a46464edc13,ADHOC,Rate Difference /Price Variation(PV)Statement,331a9137-1ffc-4a64-8ebd-85b549bb8484,Billing,"",{},0,,,,,,V9Q2X946QA52XTJG,V9Q2X946QA52XTJG,2025-05-23 10:21:59.650311,void,,,,Z3429E4KRUPBNHD4,24,CMJ2N3U8MSMRM8ZA,2025-07-18 10:55:43.748879,4,Void,,,,2,Normal,,,,2025-05-23 10:32:54.45588,,,,,,,,2025-05-26,2025-05-27,{},{},{},1,1,8,ADHOC-8,ADHOC-8,[]
e00338ad-ed3c-4579-abaf-1cbaa1c6cb81,bf996092-8d66-408a-8d8e-5065ca3330c2,ada6015d-9fce-4f2c-b20f-fc9122d2face,b75d6874-9ed9-4c7c-a97e-3a46464edc13,ADHOC,MEASUREMENT BOOK,331a9137-1ffc-4a64-8ebd-85b549bb8484,Billing,"",{},0,,,,,,V9Q2X946QA52XTJG,V9Q2X946QA52XTJG,2025-05-23 10:21:59.578761,void,,,,Z3429E4KRUPBNHD4,21,CMJ2N3U8MSMRM8ZA,2025-07-18 10:55:43.748879,4,Void,,,,2,Normal,,,,2025-05-23 10:32:54.713716,,,,,,,,2025-05-26,2025-05-27,{},{},{},1,1,5,ADHOC-5,ADHOC-5,[]
e170987b-f2a6-49ea-820e-f0ad81a3ead2,bf996092-8d66-408a-8d8e-5065ca3330c2,ada6015d-9fce-4f2c-b20f-fc9122d2face,18a6d444-7366-43b3-987f-26f24e8307e1,CB,Mandatory Supporting Documents with Bills,331a9137-1ffc-4a64-8ebd-85b549bb8484,Billing,"",{},0,,,,,,V9Q2X946QA52XTJG,V9Q2X946QA52XTJG,2025-05-23 10:21:59.84041,void,,,,Z3429E4KRUPBNHD4,32,CMJ2N3U8MSMRM8ZA,2025-07-18 10:55:43.748879,4,Void,,,,2,Normal,,,,2025-05-23 10:32:54.065066,,,,,,,,2025-05-26,2025-05-27,{},{},{},1,1,6,CB-6,CB-6,[]
2f768bf5-fe0e-43ad-8bbd-d20db0f9fa75,bf996092-8d66-408a-8d8e-5065ca3330c2,ada6015d-9fce-4f2c-b20f-fc9122d2face,b75d6874-9ed9-4c7c-a97e-3a46464edc13,ADHOC,civil work,331a9137-1ffc-4a64-8ebd-85b549bb8484,Billing,"",{},0,,"",,,,490203451,3NH2Q57QKQWJE37V,2025-06-06 10:44:51.550968,mgr-1,,,,3NH2Q57QKQWJE37V,64,CMJ2N3U8MSMRM8ZA,2025-07-18 10:55:43.748879,2,Open,,,,2,Normal,,,,,2025-06-06 10:44:51.549465,,,,,,,,,{},{490203451},{},3,1,,ADHOC,ADHOC-Unspecified,"[""490203451""]"
dd873c43-f305-48b6-8472-1d49d2a6b98a,bf996092-8d66-408a-8d8e-5065ca3330c2,ada6015d-9fce-4f2c-b20f-fc9122d2face,b75d6874-9ed9-4c7c-a97e-3a46464edc13,ADHOC,Excel,e7c3ae67-5001-48aa-8c31-73c877642a3f,Air Cooled Chillers,"",{},0,,"",,2025-07-17,,Z3429E4KRUPBNHD4,Z3429E4KRUPBNHD4,2025-07-15 11:01:08.396161,rev,,,,SWG2KHQHRGVAQ3Z3,83,CMJ2N3U8MSMRM8ZA,2025-07-18 10:55:43.748879,2,Open,,,,2,Normal,,,,2025-07-15 11:01:08.388277,2025-07-15 11:01:51.44705,Z3429E4KRUPBNHD4,2025-07-15 11:03:55.329894,Z3429E4KRUPBNHD4,,,,2025-07-15,,{Z3429E4KRUPBNHD4},{},{},1,1,27,ADHOC-27,ADHOC-27,"[""Z3429E4KRUPBNHD4""]"
bfa53aa7-8824-4167-adaf-53aa2b186020,bf996092-8d66-408a-8d8e-5065ca3330c2,ada6015d-9fce-4f2c-b20f-fc9122d2face,b75d6874-9ed9-4c7c-a97e-3a46464edc13,ADHOC,Contractor's Final Bills,331a9137-1ffc-4a64-8ebd-85b549bb8484,Billing,"",{},0,,,,,,V9Q2X946QA52XTJG,V9Q2X946QA52XTJG,2025-05-23 10:21:59.674312,void,,,,Z3429E4KRUPBNHD4,25,CMJ2N3U8MSMRM8ZA,2025-07-18 10:55:43.748879,4,Void,,,,2,Normal,,,,2025-05-23 10:32:54.408552,,,,,,,,2025-05-26,2025-05-27,{},{},{},1,1,9,ADHOC-9,ADHOC-9,[]
f6ed589c-e490-4094-97b4-dcb0ff44c862,bf996092-8d66-408a-8d8e-5065ca3330c2,ada6015d-9fce-4f2c-b20f-fc9122d2face,18a6d444-7366-43b3-987f-26f24e8307e1,CB,PRW's Final Bills,331a9137-1ffc-4a64-8ebd-85b549bb8484,Billing,"",{},0,,,,,,V9Q2X946QA52XTJG,V9Q2X946QA52XTJG,2025-05-29 10:00:02.795703,void,,,,CMJ2N3U8MSMRM8ZA,44,CMJ2N3U8MSMRM8ZA,2025-07-18 10:55:43.748879,4,Void,,,,2,Normal,,,,2025-05-29 10:02:19.245383,,,,,,,,2025-06-05,2025-05-27,{},{},{},1,1,10,CB-10,CB-10,[]
e5bcfa04-284b-48dd-ba15-d98ccc34b3d5,bf996092-8d66-408a-8d8e-5065ca3330c2,ada6015d-9fce-4f2c-b20f-fc9122d2face,b75d6874-9ed9-4c7c-a97e-3a46464edc13,ADHOC,Bill,331a9137-1ffc-4a64-8ebd-85b549bb8484,Billing,"",{},0,,"",,2025-06-06,2025-06-15,490203451,YEYJGRGXQH2X5DAY,2025-06-04 07:26:17.665281,rev,,,,YEYJGRGXQH2X5DAY,58,CMJ2N3U8MSMRM8ZA,2025-07-18 10:55:43.748879,2,Open,,,,2,Normal,2025-06-06,2025-06-11,30,,2025-06-06 12:00:00,,2025-06-04 07:46:22.558408,3NH2Q57QKQWJE37V,,,,,2025-06-06,{},{490203446},{},3,1,15,ADHOC-15,ADHOC-15,"[""490203446""]"
5444b341-e46f-4023-ac40-dc02e15cd265,bf996092-8d66-408a-8d8e-5065ca3330c2,ada6015d-9fce-4f2c-b20f-fc9122d2face,18a6d444-7366-43b3-987f-26f24e8307e1,CB,Top Sheet,331a9137-1ffc-4a64-8ebd-85b549bb8484,Billing,"",{},0,,,,,,V9Q2X946QA52XTJG,V9Q2X946QA52XTJG,2025-05-23 10:21:59.746567,void,,,,Z3429E4KRUPBNHD4,28,CMJ2N3U8MSMRM8ZA,2025-07-18 10:55:43.748879,4,Void,,,,2,Normal,,,,2025-05-23 10:32:54.263088,,,,,,,,2025-05-26,2025-05-27,{},{},{},1,1,2,CB-2,CB-2,[]
fa785ca2-0db4-444e-aa19-9354944e63e1,bf996092-8d66-408a-8d8e-5065ca3330c2,ada6015d-9fce-4f2c-b20f-fc9122d2face,18a6d444-7366-43b3-987f-26f24e8307e1,CB,MATERIAL CHALLAN SUMMARY,331a9137-1ffc-4a64-8ebd-85b549bb8484,Billing,"",{},0,,,,,,V9Q2X946QA52XTJG,V9Q2X946QA52XTJG,2025-05-23 10:21:59.817004,void,,,,Z3429E4KRUPBNHD4,31,CMJ2N3U8MSMRM8ZA,2025-07-18 10:55:43.748879,4,Void,,,,2,Normal,,,,2025-05-23 10:32:54.113506,,,,,,,,2025-05-26,2025-05-27,{},{},{},1,1,5,CB-5,CB-5,[]
e585213f-7c91-4401-84a4-a1dbc96dcc44,bf996092-8d66-408a-8d8e-5065ca3330c2,ada6015d-9fce-4f2c-b20f-fc9122d2face,b75d6874-9ed9-4c7c-a97e-3a46464edc13,ADHOC,Krion RAB 01,331a9137-1ffc-4a64-8ebd-85b549bb8484,Billing,"",{},0,,"",,2025-06-09,,490203451,Z3429E4KRUPBNHD4,2025-06-07 10:47:49.457924,rev,,,,Z3429E4KRUPBNHD4,67,CMJ2N3U8MSMRM8ZA,2025-07-18 10:55:43.748879,2,Open,,,,2,Normal,,,,,2025-06-07 10:47:49.455968,,2025-06-07 10:48:43.541805,YEYJGRGXQH2X5DAY,,,,,,{EHAJMY6KJEY6BP5Y},"{490203428,536031703}",{},3,1,18,ADHOC-18,ADHOC-18,"[""490203428"", ""EHAJMY6KJEY6BP5Y""]"
f829e851-61e9-4418-af07-bcaf204438b6,bf996092-8d66-408a-8d8e-5065ca3330c2,ada6015d-9fce-4f2c-b20f-fc9122d2face,18a6d444-7366-43b3-987f-26f24e8307e1,CB,Reconciliation of Material,331a9137-1ffc-4a64-8ebd-85b549bb8484,Billing,"",{},0,,,,,,V9Q2X946QA52XTJG,V9Q2X946QA52XTJG,2025-05-23 10:21:59.911963,void,,,,Z3429E4KRUPBNHD4,35,CMJ2N3U8MSMRM8ZA,2025-07-18 10:55:43.748879,4,Void,,,,2,Normal,,,,2025-05-23 10:32:53.919254,,,,,,,,2025-05-26,2025-05-27,{},{},{},1,1,9,CB-9,CB-9,[]
5bd24de0-e447-435a-93d1-15ed0c6c2654,bf996092-8d66-408a-8d8e-5065ca3330c2,ada6015d-9fce-4f2c-b20f-fc9122d2face,b75d6874-9ed9-4c7c-a97e-3a46464edc13,ADHOC,Top Sheet,331a9137-1ffc-4a64-8ebd-85b549bb8484,Billing,"",{},0,,,,,,V9Q2X946QA52XTJG,V9Q2X946QA52XTJG,2025-05-23 10:21:59.518504,void,,,,Z3429E4KRUPBNHD4,19,CMJ2N3U8MSMRM8ZA,2025-07-18 10:55:43.748879,4,Void,,,,2,Normal,,,,2025-05-23 10:32:54.810438,,,,,,,,2025-05-26,2025-05-27,{},{},{},1,1,3,ADHOC-3,ADHOC-3,[]
d553ab88-c175-4acd-8d6c-6b152165aec6,bf996092-8d66-408a-8d8e-5065ca3330c2,ada6015d-9fce-4f2c-b20f-fc9122d2face,18a6d444-7366-43b3-987f-26f24e8307e1,CB,MATERIAL CHALLAN SUMMARY,331a9137-1ffc-4a64-8ebd-85b549bb8484,Billing,"",{},0,,,,,,V9Q2X946QA52XTJG,V9Q2X946QA52XTJG,2025-05-29 10:00:02.893788,void,,,,CMJ2N3U8MSMRM8ZA,48,CMJ2N3U8MSMRM8ZA,2025-07-18 10:55:43.748879,4,Void,,,,2,Normal,,,,2025-05-29 10:02:18.941223,,,,,,,,2025-06-05,2025-05-27,{},{},{},1,1,14,CB-14,CB-14,[]
d0bf4361-5da4-43e3-984d-0acab820c533,bf996092-8d66-408a-8d8e-5065ca3330c2,ada6015d-9fce-4f2c-b20f-fc9122d2face,ac181349-c7b6-4d97-b9f6-b64a42f40815,MISC,Review and approval of test certificate of Anchor Material,89a3bf8e-bf44-4e32-9a4f-94483970ffd6,Structure,"",{},0,,Test certificate for various anchor material submitted by the vendor requires review and approval.,,,2025-07-12,3NGJNZCXN8PBNTRV,3NGJNZCXN8PBNTRV,2025-07-09 05:20:01.172295,mgr-1,,,Material Test Report- D-wall Anchors,YQH2SLPMM8Q48DDT,82,CMJ2N3U8MSMRM8ZA,2025-07-18 10:55:43.748879,2,Open,,,,3,High,2025-07-11,2025-07-11,,2025-07-09 05:20:01.170366,2025-07-09 05:23:25.564689,3NGJNZCXN8PBNTRV,,,,,,2025-07-11,,{3NGJNZCXN8PBNTRV},{},{},1,1,,MISC,MISC-Unspecified,"[""3NGJNZCXN8PBNTRV""]"
69171437-babc-4d78-957a-48d72368b6bc,bf996092-8d66-408a-8d8e-5065ca3330c2,ada6015d-9fce-4f2c-b20f-fc9122d2face,b75d6874-9ed9-4c7c-a97e-3a46464edc13,ADHOC,Billing for Krion Consulting,331a9137-1ffc-4a64-8ebd-85b549bb8484,Billing,"",{},0,V9Q2X946QA52XTJG,RA Bill for May Month,2025-06-03 06:51:45.274092,,,490203463,YEYJGRGXQH2X5DAY,2025-06-03 06:09:22.477336,sbc-2,bc43dc9b-4939-5041-8c4c-96e725315a4e,Approved,RA Bill,YEYJGRGXQH2X5DAY,54,CMJ2N3U8MSMRM8ZA,2025-07-18 10:55:43.748879,3,Closed,,,,2,Normal,,,,2025-06-03 06:16:23.384848,2025-06-03 06:20:33.38859,YEYJGRGXQH2X5DAY,2025-06-03 06:23:47.91718,V9Q2X946QA52XTJG,2025-06-03 06:50:16.027138,2025-06-03 06:51:45.272955,V9Q2X946QA52XTJG,2025-06-03,,{YEYJGRGXQH2X5DAY},{},{},3,1,12,ADHOC-12,ADHOC-12,"[""YEYJGRGXQH2X5DAY""]"
4cc540d2-55f2-4950-a239-9ea3d05a1da1,bf996092-8d66-408a-8d8e-5065ca3330c2,ada6015d-9fce-4f2c-b20f-fc9122d2face,b75d6874-9ed9-4c7c-a97e-3a46464edc13,ADHOC,RA Bill No. 07,f1ce9284-df29-4097-9d5f-d42fe952feb9,D Wall Work,Mob has been recovered,{},0,3NGJNZCXN8PBNTRV,D.Wall work (Anchor Work),2025-07-16 10:16:29.610073,,,490203451,YQH2SLPMM8Q48DDT,2025-07-16 09:03:41.063181,sbc-2,bc43dc9b-4939-5041-8c4c-96e725315a4e,Approved,,YQH2SLPMM8Q48DDT,84,CMJ2N3U8MSMRM8ZA,2025-07-18 10:55:43.748879,3,Closed,,,,2,Normal,,,,,2025-07-16 09:03:41.061661,,2025-07-16 09:16:24.608831,3NGJNZCXN8PBNTRV,2025-07-16 10:12:38.293342,2025-07-16 10:16:29.609001,3NGJNZCXN8PBNTRV,,,{YQH2SLPMM8Q48DDT},{},{},3,1,28,ADHOC-28,ADHOC-28,"[""YQH2SLPMM8Q48DDT""]"
51bac17c-88f5-48b1-9105-594848021563,bf996092-8d66-408a-8d8e-5065ca3330c2,ada6015d-9fce-4f2c-b20f-fc9122d2face,b75d6874-9ed9-4c7c-a97e-3a46464edc13,ADHOC,WO Amount,331a9137-1ffc-4a64-8ebd-85b549bb8484,Billing,"",{},0,,"",,,,V9Q2X946QA52XTJG,V9Q2X946QA52XTJG,2025-05-23 09:25:48.07236,void,,,,V9Q2X946QA52XTJG,16,CMJ2N3U8MSMRM8ZA,2025-07-18 10:55:43.748879,4,Void,,,,3,High,,,,2025-05-23 09:25:48.06655,,,,,,,,2025-05-26,,{},{},{},1,1,2,ADHOC-2,ADHOC-2,[]
106f0ae0-a33e-4b5e-bb30-c7a65fda64bd,bf996092-8d66-408a-8d8e-5065ca3330c2,ada6015d-9fce-4f2c-b20f-fc9122d2face,18a6d444-7366-43b3-987f-26f24e8307e1,CB,Contractor's Final Bills,331a9137-1ffc-4a64-8ebd-85b549bb8484,Billing,"",{},0,,,,,,V9Q2X946QA52XTJG,V9Q2X946QA52XTJG,2025-05-29 10:00:03.119396,void,,,,CMJ2N3U8MSMRM8ZA,51,CMJ2N3U8MSMRM8ZA,2025-07-18 10:55:43.748879,4,Void,,,,2,Normal,,,,2025-05-29 10:02:18.712733,,,,,,,,2025-06-05,2025-05-27,{},{},{},1,1,17,CB-17,CB-17,[]
76f3a157-3b52-44d4-8267-1d1847f3ff3d,bf996092-8d66-408a-8d8e-5065ca3330c2,ada6015d-9fce-4f2c-b20f-fc9122d2face,18a6d444-7366-43b3-987f-26f24e8307e1,CB,ABSTRACT/BOQ,331a9137-1ffc-4a64-8ebd-85b549bb8484,Billing,"",{},0,,,,,,V9Q2X946QA52XTJG,V9Q2X946QA52XTJG,2025-05-23 10:21:59.770372,void,,,,Z3429E4KRUPBNHD4,29,CMJ2N3U8MSMRM8ZA,2025-07-18 10:55:43.748879,4,Void,,,,2,Normal,,,,2025-05-23 10:32:54.215435,,,,,,,,2025-05-26,2025-05-27,{},{},{},1,1,3,CB-3,CB-3,[]
491f8fa3-fa86-4b09-8595-efb2d25289ac,bf996092-8d66-408a-8d8e-5065ca3330c2,ada6015d-9fce-4f2c-b20f-fc9122d2face,b75d6874-9ed9-4c7c-a97e-3a46464edc13,ADHOC,A,5a98dc9f-6f9a-4c0c-a1da-a20e8aada871,Architecture,"",{},0,,"",,,,490203451,CMJ2N3U8MSMRM8ZA,2025-07-18 10:54:23.440569,mgr-1,,,,CMJ2N3U8MSMRM8ZA,85,CMJ2N3U8MSMRM8ZA,2025-07-18 10:55:43.748879,2,Open,,,,2,Normal,,,,,2025-07-18 10:54:23.43903,,,,,,,,,{},{490203451},{},3,1,29,ADHOC-29,ADHOC-29,"[""490203451""]"
3506ce2c-9176-41b8-afc2-1b82c39a93a9,bf996092-8d66-408a-8d8e-5065ca3330c2,ada6015d-9fce-4f2c-b20f-fc9122d2face,b75d6874-9ed9-4c7c-a97e-3a46464edc13,ADHOC,bill,331a9137-1ffc-4a64-8ebd-85b549bb8484,Billing,"",{},0,,"",,,,490203451,YEYJGRGXQH2X5DAY,2025-06-04 07:06:20.173801,mgr-1,,,,YEYJGRGXQH2X5DAY,57,CMJ2N3U8MSMRM8ZA,2025-07-18 10:55:43.748879,2,Open,,,,2,Normal,,,,,2025-06-04 07:06:20.172218,,,,,,,,,{},{490203451},{},3,1,14,ADHOC-14,ADHOC-14,"[""490203451""]"
75721578-e0ff-4c59-aab6-4f1a83059f1f,bf996092-8d66-408a-8d8e-5065ca3330c2,ada6015d-9fce-4f2c-b20f-fc9122d2face,18a6d444-7366-43b3-987f-26f24e8307e1,CB,MEASUREMENT BOOK,331a9137-1ffc-4a64-8ebd-85b549bb8484,Billing,"",{},0,,,,,,V9Q2X946QA52XTJG,V9Q2X946QA52XTJG,2025-05-29 10:00:02.868888,void,,,,CMJ2N3U8MSMRM8ZA,47,CMJ2N3U8MSMRM8ZA,2025-07-18 10:55:43.748879,4,Void,,,,2,Normal,,,,2025-05-29 10:02:19.016924,,,,,,,,2025-06-05,2025-05-27,{},{},{},1,1,13,CB-13,CB-13,[]
83198dcc-345f-482b-8fc2-0c3e57fd8e7a,bf996092-8d66-408a-8d8e-5065ca3330c2,ada6015d-9fce-4f2c-b20f-fc9122d2face,b75d6874-9ed9-4c7c-a97e-3a46464edc13,ADHOC,WAGAD/JUNE/CIVIL WORK/RA1,93030d90-05c1-4520-a34f-376b69ee3c04,"Civil, Structure & Finishing Works",OK,{},0,V9Q2X946QA52XTJG,All civil work for GZB till 1st June 2025,2025-06-21 10:40:48.035759,,2025-06-30,490203451,YEYJGRGXQH2X5DAY,2025-06-21 10:08:25.184602,sbc-2,bc43dc9b-4939-5041-8c4c-96e725315a4e,Approved,,YEYJGRGXQH2X5DAY,73,CMJ2N3U8MSMRM8ZA,2025-07-18 10:55:43.748879,3,Closed,,,,2,Normal,2025-06-21,2025-06-25,2,,2025-06-21 10:08:25.183059,,2025-06-21 10:31:38.557905,V9Q2X946QA52XTJG,2025-06-21 10:39:11.048938,2025-06-21 10:40:48.034795,V9Q2X946QA52XTJG,,,{YEYJGRGXQH2X5DAY},{},{},3,1,22,ADHOC-22,ADHOC-22,"[""YEYJGRGXQH2X5DAY""]"
b5f0cf06-df2d-4011-b848-83c01e04bc27,bf996092-8d66-408a-8d8e-5065ca3330c2,ada6015d-9fce-4f2c-b20f-fc9122d2face,b75d6874-9ed9-4c7c-a97e-3a46464edc13,ADHOC,Bill,331a9137-1ffc-4a64-8ebd-85b549bb8484,Billing,"",{},0,,"",,,,490203451,YEYJGRGXQH2X5DAY,2025-06-04 08:23:31.70786,mgr-1,,,,YEYJGRGXQH2X5DAY,59,CMJ2N3U8MSMRM8ZA,2025-07-18 10:55:43.748879,2,Open,,,,2,Normal,,,,,2025-06-04 08:23:31.706281,,,,,,,,,{},{490203451},{},3,1,,ADHOC,ADHOC-Unspecified,"[""490203451""]"
7d3a5121-c49d-4ef1-8326-092f4fc10df9,bf996092-8d66-408a-8d8e-5065ca3330c2,ada6015d-9fce-4f2c-b20f-fc9122d2face,b75d6874-9ed9-4c7c-a97e-3a46464edc13,ADHOC,TOP SHEET,331a9137-1ffc-4a64-8ebd-85b549bb8484,Billing,"",{},0,,"",,,,490203463,Z3429E4KRUPBNHD4,2025-05-23 09:58:23.061611,void,,,,Z3429E4KRUPBNHD4,18,CMJ2N3U8MSMRM8ZA,2025-07-18 10:55:43.748879,4,Void,,,,3,High,,,,,2025-05-23 09:58:23.060025,,,,,,,,,{},{},{},3,1,,ADHOC,ADHOC-Unspecified,[]
fd25ab41-560e-44c2-8151-596b47172da8,bf996092-8d66-408a-8d8e-5065ca3330c2,ada6015d-9fce-4f2c-b20f-fc9122d2face,a6b65eed-bb7e-4fa2-9337-975efbc54aac,MS,Architecture,7710ce4d-d44d-41d9-8409-97a381bfea16,Method Statements,"",{},0,,"",,,,541450406,Z3429E4KRUPBNHD4,2025-06-11 05:43:32.589698,void,,,,Z3429E4KRUPBNHD4,68,CMJ2N3U8MSMRM8ZA,2025-07-18 10:55:43.748879,4,Void,,,,2,Normal,,,,,2025-06-11 05:43:32.587568,,,,,,,,,{},{},{},3,1,,MS,MS-Unspecified,[]
04e4ee46-9a26-4316-b603-6322fa514efd,bf996092-8d66-408a-8d8e-5065ca3330c2,ada6015d-9fce-4f2c-b20f-fc9122d2face,b75d6874-9ed9-4c7c-a97e-3a46464edc13,ADHOC,Krion Bill for Phase 3&4,331a9137-1ffc-4a64-8ebd-85b549bb8484,Billing,"",{},0,,"",,2025-06-09,,490203451,YEYJGRGXQH2X5DAY,2025-06-07 10:24:04.927897,rev,,,,YEYJGRGXQH2X5DAY,66,CMJ2N3U8MSMRM8ZA,2025-07-18 10:55:43.748879,2,Open,,,,2,Normal,,,,,2025-06-07 10:24:04.926433,,2025-06-07 10:26:36.42725,V9Q2X946QA52XTJG,,,,,,{EHAJMY6KJEY6BP5Y},"{490203428,536031703}",{},3,1,17,ADHOC-17,ADHOC-17,"[""490203428""]"
de68522a-f976-44f7-8554-ae8de1404233,bf996092-8d66-408a-8d8e-5065ca3330c2,ada6015d-9fce-4f2c-b20f-fc9122d2face,b75d6874-9ed9-4c7c-a97e-3a46464edc13,ADHOC,A,e7c3ae67-5001-48aa-8c31-73c877642a3f,Air Cooled Chillers,"",{},0,,"",,,,490203451,CMJ2N3U8MSMRM8ZA,2025-07-18 10:55:52.566698,void,,,,CMJ2N3U8MSMRM8ZA,86,CMJ2N3U8MSMRM8ZA,2025-07-18 10:57:13.75144,4,Void,,,,2,Normal,,,,,2025-07-18 10:55:52.565133,,,,,,,,,{},{},{},3,1,123456,ADHOC-123456,ADHOC-123456,[]
1cdf5608-8a98-4b05-a0a0-ea317d7a87f5,bf996092-8d66-408a-8d8e-5065ca3330c2,ada6015d-9fce-4f2c-b20f-fc9122d2face,b75d6874-9ed9-4c7c-a97e-3a46464edc13,ADHOC,MEP Bill,d26bbb93-ac22-4a39-bfa1-5035c6b5644a,Chinaware's & CP Fittings,"",{},0,,"",,,,490203451,CMJ2N3U8MSMRM8ZA,2025-07-18 10:59:35.537201,mgr-1,,,,CMJ2N3U8MSMRM8ZA,87,CMJ2N3U8MSMRM8ZA,2025-07-18 10:59:43.717656,2,Open,,,,2,Normal,,,,,2025-07-18 10:59:35.534294,,,,,,,,,{},{490203451},{},3,1,,ADHOC,ADHOC-Unspecified,"[""490203451""]"
1a65f43c-1809-4c22-920a-d099f28c28a2,bf996092-8d66-408a-8d8e-5065ca3330c2,ada6015d-9fce-4f2c-b20f-fc9122d2face,a6b65eed-bb7e-4fa2-9337-975efbc54aac,MS,Form Work Method Statement,93030d90-05c1-4520-a34f-376b69ee3c04,"Civil, Structure & Finishing Works","",{},0,,"Dear Sir,Please find attached MST for form work for your review.",,,,490203451,CMJ2N3U8MSMRM8ZA,2025-08-22 05:54:03.973612,mgr-1,,,,CMJ2N3U8MSMRM8ZA,93,CMJ2N3U8MSMRM8ZA,2025-08-22 05:54:04.595958,2,Open,,,,2,Normal,,,,,2025-08-22 05:54:03.970855,,,,,,,,,{},{490203451},{},3,1,,MS,MS-Unspecified,"[""490203451""]"
fe23b77b-6d6d-4fcc-80be-a0d9fcb658d8,bf996092-8d66-408a-8d8e-5065ca3330c2,ada6015d-9fce-4f2c-b20f-fc9122d2face,b75d6874-9ed9-4c7c-a97e-3a46464edc13,ADHOC,abc,93030d90-05c1-4520-a34f-376b69ee3c04,"Civil, Structure & Finishing Works",,{},0,,please find attached ra bill,,,,490203451,YEYJGRGXQH2X5DAY,2025-06-17 06:53:22.574846,mgr-2,,,,YEYJGRGXQH2X5DAY,71,CMJ2N3U8MSMRM8ZA,2025-07-18 10:55:43.748879,2,Open,,,,2,Normal,,,,,2025-06-17 06:53:22.572597,,2025-06-17 07:01:47.502668,CMJ2N3U8MSMRM8ZA,2025-06-17 07:19:34.22721,,,,,{},{490203451},{},3,1,20,ADHOC-20,ADHOC-20,"[""490203451""]"
c791d51b-ba72-4a40-a028-043ea21d1f68,bf996092-8d66-408a-8d8e-5065ca3330c2,f6ab14eb-1a66-4ea5-8a0f-0afbda444403,9b17d3b0-06a1-4591-94e3-233d9c1dea33,ADHOC,JS ENTERPRISES,4d6a590c-11d6-4c02-8ec2-cd9ac057a132,Misc. Other Work,"",{},0,,DISMANTELING WORK,,2025-07-26,,56E2WKNZLVXE6PJS,56E2WKNZLVXE6PJS,2025-07-24 11:23:12.314212,rev,,,,56E2WKNZLVXE6PJS,2,56E2WKNZLVXE6PJS,2025-07-24 11:29:44.681338,2,Open,,,,2,Normal,,,,2025-07-24 11:23:12.310305,2025-07-24 11:28:26.610153,56E2WKNZLVXE6PJS,2025-07-24 11:29:10.044546,56E2WKNZLVXE6PJS,,,,2025-07-28,,{},"{531853829,536031698}",{},1,1,RA-03,RA-03,RA-03,"[""531853829""]"
5e4fa955-e58b-4885-8f69-d7a702e92865,bf996092-8d66-408a-8d8e-5065ca3330c2,ada6015d-9fce-4f2c-b20f-fc9122d2face,a6b65eed-bb7e-4fa2-9337-975efbc54aac,MS,Form Work Method Statement,93030d90-05c1-4520-a34f-376b69ee3c04,"Civil, Structure & Finishing Works","",{},0,CMJ2N3U8MSMRM8ZA,"Dear Sir, please find attached herewith MST for your review and approval.",2025-08-01 10:25:00.601941,,,490203428,CMJ2N3U8MSMRM8ZA,2025-08-01 10:18:42.986966,sbc-2,bc43dc9b-4939-5041-8c4c-96e725315a4e,Approved,,CMJ2N3U8MSMRM8ZA,90,CMJ2N3U8MSMRM8ZA,2025-08-01 10:25:10.572432,3,Closed,,,,3,High,,,,,2025-08-01 10:18:42.984599,,2025-08-01 10:21:41.258904,CMJ2N3U8MSMRM8ZA,2025-08-01 10:24:03.481121,2025-08-01 10:25:00.600873,CMJ2N3U8MSMRM8ZA,,,{CMJ2N3U8MSMRM8ZA},{},{},3,1,1,MS-1,MS-1,"[""CMJ2N3U8MSMRM8ZA""]"
a4456dea-053b-474a-b3d3-f9a44ef81ac1,bf996092-8d66-408a-8d8e-5065ca3330c2,ada6015d-9fce-4f2c-b20f-fc9122d2face,b75d6874-9ed9-4c7c-a97e-3a46464edc13,ADHOC,RA-07,f1ce9284-df29-4097-9d5f-d42fe952feb9,D Wall Work,"",{},0,,RA bill for anchor work and capping beam,,,,490203451,YQH2SLPMM8Q48DDT,2025-08-18 11:51:58.876433,mgr-1,,,,YQH2SLPMM8Q48DDT,92,YQH2SLPMM8Q48DDT,2025-08-18 11:52:04.12679,2,Open,,,,2,Normal,,,,,2025-08-18 11:51:58.874353,,,,,,,,,{},{490203451},{},3,1,,ADHOC,ADHOC-Unspecified,"[""490203451""]"
0f0f7fd2-ca53-4b42-b043-b6309ee3dc5d,bf996092-8d66-408a-8d8e-5065ca3330c2,ada6015d-9fce-4f2c-b20f-fc9122d2face,b75d6874-9ed9-4c7c-a97e-3a46464edc13,ADHOC,RA-07,f1ce9284-df29-4097-9d5f-d42fe952feb9,D Wall Work,"",{},0,,RA bill for anchor and capping beam.,,,,490203451,YQH2SLPMM8Q48DDT,2025-08-18 11:46:48.292396,mgr-1,,,,YQH2SLPMM8Q48DDT,91,3NGJNZCXN8PBNTRV,2025-08-19 11:04:34.224461,2,Open,,,,2,Normal,,,,2025-08-18 11:58:08.044302,2025-08-19 06:12:12.611892,YQH2SLPMM8Q48DDT,,,,,,2025-08-18,,{},{490203451},{},3,1,,ADHOC,ADHOC-Unspecified,"[""490203451""]"
a71a128c-9a4f-4c88-8b3f-f81975b85582,bf996092-8d66-408a-8d8e-5065ca3330c2,ada6015d-9fce-4f2c-b20f-fc9122d2face,b75d6874-9ed9-4c7c-a97e-3a46464edc13,ADHOC,Billing,331a9137-1ffc-4a64-8ebd-85b549bb8484,Billing,"",{},0,,"",,,,V9Q2X946QA52XTJG,V9Q2X946QA52XTJG,2025-06-03 05:23:52.235235,void,,,,V9Q2X946QA52XTJG,53,CMJ2N3U8MSMRM8ZA,2025-07-18 10:55:43.748879,4,Void,,,,2,Normal,,,,2025-06-03 05:23:52.228923,,,,,,,,2025-06-05,,{},{},{},1,1,11,ADHOC-11,ADHOC-11,[]
459a44e8-f685-4d7f-81ec-2762b5222779,bf996092-8d66-408a-8d8e-5065ca3330c2,ada6015d-9fce-4f2c-b20f-fc9122d2face,b75d6874-9ed9-4c7c-a97e-3a46464edc13,ADHOC,RA BIIL 24.6.25,f1ce9284-df29-4097-9d5f-d42fe952feb9,D Wall Work,"",{},0,,"",,,,490203451,U2622GRJM8M9JZ4F,2025-06-24 06:57:43.782151,mgr-1,,,,U2622GRJM8M9JZ4F,77,CMJ2N3U8MSMRM8ZA,2025-07-18 10:55:43.748879,2,Open,,,,2,Normal,,,,2025-06-24 07:06:06.130427,2025-06-24 07:08:02.333493,U2622GRJM8M9JZ4F,,,,,,2025-06-23,,{},{490203451},{},3,1,,ADHOC,ADHOC-Unspecified,"[""490203451""]"
4e9adc8d-153d-499c-aa60-5a9903433c61,bf996092-8d66-408a-8d8e-5065ca3330c2,ada6015d-9fce-4f2c-b20f-fc9122d2face,b75d6874-9ed9-4c7c-a97e-3a46464edc13,ADHOC,RA BILL 3,f1ce9284-df29-4097-9d5f-d42fe952feb9,D Wall Work,"",{},0,,"",,,,490203451,U2622GRJM8M9JZ4F,2025-06-24 07:11:35.499774,mgr-1,,,,U2622GRJM8M9JZ4F,78,CMJ2N3U8MSMRM8ZA,2025-07-18 10:55:43.748879,2,Open,,,,2,Normal,,,,,2025-06-24 07:11:35.497399,,,,,,,,,{},{490203451},{},3,1,,ADHOC,ADHOC-Unspecified,"[""490203451""]"
df6d7391-1867-43fa-a350-c3f677f87572,bf996092-8d66-408a-8d8e-5065ca3330c2,f679f4cf-c089-4a2b-9b84-b14129630601,a9bfeac3-2b17-4c5a-8d93-21e91d218df6,MISC,Material Test Report of Anchor for review and approval,7907d747-90a5-4e1e-8b5d-d9d4f0338b0e,Structure,"",{},0,,Test Certificate of Material for D Wall Anchor,,2025-07-10,,501989757,YQH2SLPMM8Q48DDT,2025-07-09 07:17:38.060608,rev,,,Material Test Report,YQH2SLPMM8Q48DDT,1,S762NMGBKUB423MM,2025-08-01 04:24:10.184728,2,Open,,,,2,Normal,,,,,2025-07-09 07:17:38.058526,,2025-07-09 07:35:49.290327,3NGJNZCXN8PBNTRV,,,,,,{},{540120778},{},3,1,1,1,1,"[""540120778""]"
33cd8bc5-eca0-41c3-b341-7ad1000d6873,bf996092-8d66-408a-8d8e-5065ca3330c2,ada6015d-9fce-4f2c-b20f-fc9122d2face,b75d6874-9ed9-4c7c-a97e-3a46464edc13,ADHOC,Adhoc bill - Satva,331a9137-1ffc-4a64-8ebd-85b549bb8484,Billing,"",{},0,,"",,,,490203463,Z3429E4KRUPBNHD4,2025-05-23 09:44:00.625184,void,,,,Z3429E4KRUPBNHD4,17,CMJ2N3U8MSMRM8ZA,2025-07-18 10:55:43.748879,4,Void,,,,2,Normal,,,,2025-05-23 09:45:22.388057,2025-05-23 09:46:12.184817,Z3429E4KRUPBNHD4,,,,,,2025-05-23,,{},{},{},3,1,,ADHOC,ADHOC-Unspecified,[]
df686de1-de77-4db5-a12a-2138571b7a34,bf996092-8d66-408a-8d8e-5065ca3330c2,ada6015d-9fce-4f2c-b20f-fc9122d2face,18a6d444-7366-43b3-987f-26f24e8307e1,CB,test,331a9137-1ffc-4a64-8ebd-85b549bb8484,Billing,"",{},0,,"",,,,490203451,YEYJGRGXQH2X5DAY,2025-06-03 12:36:29.793679,mgr-1,,,,YEYJGRGXQH2X5DAY,56,CMJ2N3U8MSMRM8ZA,2025-07-18 10:55:43.748879,2,Open,,,,2,Normal,,,,,2025-06-03 12:36:29.791314,,,,,,,,,{},{490203451},{},3,1,,CB,CB-Unspecified,"[""490203451""]"
1a209f74-d683-44c1-a2e0-1c57515f0f5f,bf996092-8d66-408a-8d8e-5065ca3330c2,f679f4cf-c089-4a2b-9b84-b14129630601,208b4ddd-13be-4207-ac98-73037b11862e,ADHOC,RA Bill No. 07,d4cb8794-563c-5317-bbd2-bf71b250372e,D Wall Work,"",{},0,,Running Bill for Anchor work and capping beam work.,,2025-08-31,,501989757,YQH2SLPMM8Q48DDT,2025-08-19 12:12:04.063715,rev,,,,YQH2SLPMM8Q48DDT,2,3NGJNZCXN8PBNTRV,2025-08-26 05:35:05.086958,2,Open,,,,2,Normal,,,,,2025-08-19 12:12:04.061603,,2025-08-26 05:34:55.137325,3NGJNZCXN8PBNTRV,,,,,,{},{501989757},{},3,1,2,2,2,"[""501989757""]"
5dbf9f93-53d6-434c-a05f-ce5e6d8c1b38,bf996092-8d66-408a-8d8e-5065ca3330c2,ada6015d-9fce-4f2c-b20f-fc9122d2face,b75d6874-9ed9-4c7c-a97e-3a46464edc13,ADHOC,110,5a98dc9f-6f9a-4c0c-a1da-a20e8aada871,Architecture,"",{},0,,"",,,,490203451,CMJ2N3U8MSMRM8ZA,2025-07-24 10:32:18.533188,mgr-1,,,,CMJ2N3U8MSMRM8ZA,89,CMJ2N3U8MSMRM8ZA,2025-07-24 10:32:44.627708,2,Open,,,,2,Normal,,,,,2025-07-24 10:32:18.531246,,,,,,,,,{},{490203451},{},3,1,,ADHOC,ADHOC-Unspecified,"[""490203451""]"
7b685276-1e6a-4c5b-8102-a85b301b866e,bf996092-8d66-408a-8d8e-5065ca3330c2,f6ab14eb-1a66-4ea5-8a0f-0afbda444403,9b17d3b0-06a1-4591-94e3-233d9c1dea33,ADHOC,J S ENTERPRISES,4d6a590c-11d6-4c02-8ec2-cd9ac057a132,Misc. Other Work,"",{},0,,DEPLOYMENT OF JCB BREAKER,,2025-07-26,,56E2WKNZLVXE6PJS,56E2WKNZLVXE6PJS,2025-07-24 10:09:48.563679,rev,,,,56E2WKNZLVXE6PJS,1,56E2WKNZLVXE6PJS,2025-07-24 11:07:14.633121,2,Open,,,,2,Normal,,,,2025-07-24 10:09:48.560576,2025-07-24 10:27:06.293865,56E2WKNZLVXE6PJS,2025-07-24 11:06:26.000306,56E2WKNZLVXE6PJS,,,,2025-07-26,,{},"{531853829,536031698}",{},1,1,RA-01,RA-01,RA-01,"[""531853829""]"
78c42a28-566d-42d6-a215-6f5047f4b638,bf996092-8d66-408a-8d8e-5065ca3330c2,ada6015d-9fce-4f2c-b20f-fc9122d2face,b75d6874-9ed9-4c7c-a97e-3a46464edc13,ADHOC,CON/JUNE/25,93030d90-05c1-4520-a34f-376b69ee3c04,"Civil, Structure & Finishing Works",OK,{},0,V9Q2X946QA52XTJG,Please check bill for June 2025,2025-06-26 07:08:44.222844,,,490203451,V9Q2X946QA52XTJG,2025-06-26 07:00:54.953314,sbc-2,bc43dc9b-4939-5041-8c4c-96e725315a4e,Approved,,V9Q2X946QA52XTJG,79,CMJ2N3U8MSMRM8ZA,2025-07-18 10:55:43.748879,3,Closed,,,,2,Normal,,,,,2025-06-26 07:00:54.950917,,2025-06-26 07:02:27.270968,V9Q2X946QA52XTJG,2025-06-26 07:08:04.598604,2025-06-26 07:08:44.221674,V9Q2X946QA52XTJG,,,{V9Q2X946QA52XTJG},{},{},3,1,24,ADHOC-24,ADHOC-24,"[""V9Q2X946QA52XTJG""]"
5aa557d2-c44e-4ad8-899d-237b669c8a64,bf996092-8d66-408a-8d8e-5065ca3330c2,ada6015d-9fce-4f2c-b20f-fc9122d2face,b75d6874-9ed9-4c7c-a97e-3a46464edc13,ADHOC,Test 2,93030d90-05c1-4520-a34f-376b69ee3c04,"Civil, Structure & Finishing Works","",{},0,,"",,,,490203451,YEYJGRGXQH2X5DAY,2025-06-19 12:03:16.32098,mgr-1,,,,YEYJGRGXQH2X5DAY,72,CMJ2N3U8MSMRM8ZA,2025-07-18 10:55:43.748879,2,Open,,,,2,Normal,,,,,2025-06-19 12:03:16.319431,,,,,,,,,{},{490203451},{},3,1,21,ADHOC-21,ADHOC-21,"[""490203451""]"
4e3c9d93-ae7f-4774-9ac1-dbdab0dffe17,bf996092-8d66-408a-8d8e-5065ca3330c2,ada6015d-9fce-4f2c-b20f-fc9122d2face,18a6d444-7366-43b3-987f-26f24e8307e1,CB,Krion RA2,331a9137-1ffc-4a64-8ebd-85b549bb8484,Billing,"",{},0,,"",,2025-06-18,,490203451,YEYJGRGXQH2X5DAY,2025-06-13 05:52:16.427888,rev,,,,YEYJGRGXQH2X5DAY,70,CMJ2N3U8MSMRM8ZA,2025-07-18 10:55:43.748879,2,Open,,,,2,Normal,,,,,2025-06-13 05:52:16.425619,,2025-06-13 06:02:10.97414,V9Q2X946QA52XTJG,,,,,,{},{490203451},{},3,1,22,CB-22,CB-22,"[""490203451""]"
a9947ffe-483f-4f1d-9455-48374e9c285d,bf996092-8d66-408a-8d8e-5065ca3330c2,ada6015d-9fce-4f2c-b20f-fc9122d2face,b75d6874-9ed9-4c7c-a97e-3a46464edc13,ADHOC,Test ACC,93030d90-05c1-4520-a34f-376b69ee3c04,"Civil, Structure & Finishing Works","",{},0,,"",,2025-07-06,,490203451,YEYJGRGXQH2X5DAY,2025-07-04 06:17:37.977053,rev,,,,YEYJGRGXQH2X5DAY,81,CMJ2N3U8MSMRM8ZA,2025-07-18 10:55:43.748879,2,Open,,,,2,Normal,,,,,2025-07-04 06:17:37.975464,,2025-07-04 06:22:51.388186,Z3429E4KRUPBNHD4,,,,,,"{SWG2KHQHRGVAQ3Z3,V9Q2X946QA52XTJG}","{490203428,536031703}",{},3,1,26,ADHOC-26,ADHOC-26,"[""V9Q2X946QA52XTJG""]"
